episode,updates_cumulative,updates_episode,algorithm,transitions_buffered,transitions_collected_episode,transitions_collected_cumulative,policy_loss,episode_return_total,avg_return_per_vehicle,value_loss,entropy,entropy_coef_effective,approx_kl,clip_fraction,completion_rate,avg_travel_time,p50_travel_time,p90_travel_time,teleports,controlled_ever_teleported,arrived_after_teleport,clean_arrivals_without_teleport,forced_actions,critic_only_queued,route_decisions_total,route_candidate_count,route_feasible_candidate_count,route_actor_epochs_started,route_actor_ownership_skips,route_no_feasible_candidates,route_apply_failures,route_choice_idx_0,route_choice_idx_1,route_choice_idx_2,route_choice_idx_3,route_valid_candidates_1,route_valid_candidates_2,route_valid_candidates_3,route_valid_candidates_4,route_choice_nonzero_rate,route_mean_valid_candidates,route_mean_logit_margin,route_mean_chosen_length_norm,route_mean_chosen_eta_norm,route_mean_chosen_density,route_mean_chosen_first_density,route_mean_balance_reward,route_mean_eta_delta_steps,route_mean_density_relief,route_mean_required_relief,route_selfless_detour_rate,route_bad_detour_rate,decisions_considered,decisions_opened,decisions_finalized,decisions_skipped,decisions_skipped_actionable,skipped_pending_hold,skipped_structural_no_branch,skipped_structural_forced_single_path,skipped_structural_forced_by_lane_commit,skipped_structural_too_late_or_unreachable,skipped_actionable_no_candidate,skipped_other,route_mismatch,loop_events,short_cycle_events,aba_bounce_events,dead_end_reentry_events,long_horizon_loop_events,revisit_without_progress_events,loop_signal_events_total,loop_repeat_only_events,safety_overrides,loop_prefilter_overrides,fragment_build_failures,fallback_overrides,fallback_selected_total,fallback_selected_lane_now,pending_decision_timeouts,deferred_lane_change_actions,lane_change_observe_started,lane_change_observe_success,lane_change_observe_abort_no_progress,lane_change_observe_abort_low_speed,lane_change_observe_abort_commit_window,pending_release_events_total,pending_release_abort_events_total,pending_release_timeout_events_total,cooldown_replans_blocked,pending_release_observe_abort_no_progress,pending_release_observe_abort_commit_window,pending_release_observe_abort_low_speed,pending_release_wrong_lane_commit,pending_release_route_no_progress_abort,pending_release_route_stall_timeout,pending_release_route_hard_timeout,loop_override_count,dead_end_reentry_override_count,snapshot_cache_hits,shortest_path_cache_hits,exploration_actions,policy_actions,override_ratio,override_events_total,override_event_loop_prefilter,override_event_cooldown_fallback,override_event_observe_abort_fallback,override_event_route_apply_fail,override_event_invalid_action,policy_masked_actions_removed,override_learning_transitions,cooldown_fallback_overrides,observe_abort_fallback_overrides,route_apply_fail_overrides,override_learning_negative,override_learning_imitation,alive_at_step_cap,decision_pending_at_episode_end,mean_pending_age,mean_decision_latency_steps,pending_open_observe_end,pending_open_route_end,pending_open_lane_now_end,pending_open_proactive_end,pending_open_active_monitoring_end,mean_pending_age_end_all,max_pending_age_end_all,mean_pending_age_end_active,max_pending_age_end_active,mean_pending_age_end_lane_now,max_pending_age_end_lane_now,mean_pending_stall_age_end,max_pending_stall_age_end,top_pending_end_edges,oldest_pending_summary,mean_reward_per_finalized_decision,mean_route_difficulty_eta,p50_route_difficulty_eta,p90_route_difficulty_eta,fail_teleport,fail_timeout,fail_removed_non_destination,fail_unreachable_transition,fail_dead_end_no_outgoing,mean_network_density,p95_network_density,congestion_high_pressure_steps,emergency_brake_events,teleport_inferred_jam,teleport_inferred_yield_or_deadlock,lane_change_request_accepted_rate,lane_change_observe_resolution_rate,lane_change_observe_success_overcount,tail_vehicles_over_p90_count,tail_completion_gap_steps,loop_reason_short_cycle,loop_reason_aba_bounce,loop_reason_dead_end_reentry,loop_reason_long_horizon,loop_reason_revisit_without_progress,dominant_loop_reason,top_loop_signal_edges,top_loop_repeat_only_edges,aggregate_actionable_skip_to_finalized_ratio,social_regret_mean,social_regret_p90,social_best_action_chosen_rate,actionable_skip_ratio,structural_skip_ratio,pending_resolution_success_rate,pending_timeout_rate,pending_abort_rate,delay_fairness_gini,loop_after_fallback_rate,p95_to_p50_travel_ratio,timeout_rate,fallback_rate_per_opened_decision,controlled_teleport_rate,skip_reason_forced_by_lane_commit,skip_reason_too_late_or_unreachable,skip_reason_forced_single_path,skip_reason_no_branch,reachable_lane_change_nonempty,reachable_lane_change_excluded_any,reachable_lane_change_excluded_all,policy_candidates_with_broader_available,policy_candidates_collapsed_to_lane_now_only,coordination_pending_reservations_seeded,coordination_pressure_candidates_seen,coordination_pressure_candidates_rejected,lane_now_congestion_candidates_seen,lane_now_congestion_candidates_rejected,commit_window_non_lane_candidates_seen,commit_window_candidates_rejected,proactive_shift2_candidates_seen,proactive_shift2_candidates_rejected,proactive_brake_risk_candidates_seen,proactive_brake_risk_candidates_rejected,proactive_brake_risk_fallback_kept,pending_commit_window_grace_kept,proactive_decisions_opened,proactive_decisions_finalized,lane_now_decisions_opened,lane_now_decisions_finalized,proactive_pending_abort_count,proactive_pending_timeout_count,lane_now_replan_releases,lane_now_replan_forced_alternative,lane_now_replan_blocked_reopen_actions,fallback_after_observe_abort_count,fallback_after_timeout_count,same_edge_reopen_after_abort_count,synthetic_terminal_finalizations,finalized_opened_proactive_ratio,finalized_opened_lane_now_ratio,penalized_avg_travel_time,noncompletion_rate,uncontrolled_total_wait_steps,mean_uncontrolled_wait_per_step
0,0,0,mappo,1966,1966,1966,,-49299.116547647034,-140.85461870756296,,,0.15,,,1.0,389.85857142857145,369.25,696.55,0,0,0,350,734.0,734.0,1234.0,3760.0,3693.0,1234.0,90416.0,0.0,0.0,496.0,384.0,232.0,122.0,129.0,242.0,372.0,491.0,0.5980551053484603,2.992706645056726,0.005024472826629925,0.10996379256640927,0.019671519266458822,0.6806837117550004,0.6055852391272541,1.696992814930872,31.98199454632156,0.04681185443253702,0.019990997273160994,0.5648298217179902,0.041329011345218804,120791.0,1406.0,1344.0,13.0,13.0,0.0,0.0,0.0,0.0,13.0,0.0,0.0,0.0,0.0,0.0,0.0,0.0,0.0,0.0,0.0,0.0,14.0,14.0,2.0,28.0,28.0,28.0,50.0,64.0,64.0,45.0,18.0,0.0,1.0,76.0,26.0,50.0,2.0,18.0,1.0,0.0,2.0,5.0,0.0,50.0,14.0,0.0,57437.0,655985.0,0.0,1234.0,0.021337126600284494,30.0,14.0,0.0,14.0,2.0,0.0,683.0,0.0,2.0,14.0,2.0,0.0,0.0,0,0,0.0,20.457589285714285,0,0,0,0,0,0.0,0.0,0.0,0.0,0.0,0.0,0.0,0.0,,,-1.561446498681796,101.61870714285712,102.57,145.68749999999997,0,0.0,0.0,0.0,0.0,0.3543619131811446,6.879507064819336,6,1020.0,0.0,0.0,1.0,0.703125,0.0,35,517.8785714285714,0.0,0.0,0.0,0.0,0.0,none,,,0.009672619047619048,1.2266602473293997,3.3995667087542083,0.39067524115755625,0.0,0.0001076239123775778,0.9464788732394366,0.035211267605633804,0.018309859154929577,0.3613881014936342,0.0,2.2909275558564666,0.0,0.01991465149359886,0.0,164.0,13.0,570.0,0.0,120791.0,21808.0,27.0,170.0,113.0,28739.0,18.0,18.0,113.0,86.0,0.0,0.0,9.0,0.0,21.0,21.0,4.0,0.0,64.0,55.0,1342.0,1289.0,23.0,0.0,5.0,5.0,0.0,14.0,0.0,10.0,350.0,0.859375,0.9605067064083458,389.85857142857145,0.0,203421.0,131.4938590820944
1,1,1,mappo,0,2152,4118,-0.010432530280754523,-74469.41851898335,-212.7697671970953,3178.076529043692,1.0330315121897944,0.14898989898989898,0.002195130710939558,0.0036349118238797893,1.0,521.5928571428572,503.25,967.1,0,0,0,350,917.0,917.0,1235.0,3890.0,3768.0,1235.0,128297.0,1.0,0.0,498.0,374.0,249.0,114.0,111.0,251.0,337.0,536.0,0.5967611336032389,3.051012145748988,0.00454192486731147,0.1520726392958087,0.0274460909956018,0.7313618619854634,0.6059377543477394,2.039404755027757,37.562541354326946,0.08920037333379402,0.022781270677163762,0.5862348178137652,0.016194331983805668,158499.0,1376.0,1339.0,0.0,0.0,0.0,0.0,0.0,0.0,0.0,0.0,0.0,0.0,0.0,0.0,0.0,0.0,0.0,0.0,0.0,0.0,318.0,318.0,295.0,329.0,329.0,329.0,29.0,51.0,51.0,35.0,13.0,0.0,3.0,48.0,19.0,29.0,0.0,13.0,3.0,0.0,2.0,1.0,0.0,29.0,318.0,0.0,113892.0,1375617.0,0.0,1235.0,0.45348837209302323,624.0,318.0,0.0,11.0,295.0,0.0,763.0,0.0,0.0,11.0,295.0,0.0,0.0,0,0,0.0,21.258401792382376,0,0,0,0,0,0.0,0.0,0.0,0.0,0.0,0.0,0.0,0.0,,,-1.5583534335010236,130.17801785714286,134.6325,181.85875000000007,0,0.0,0.0,0.0,0.0,0.3837714590980087,7.400777339935303,105,1122.0,0.0,0.0,1.0,0.6862745098039216,0.0,35,647.9357142857143,0.0,0.0,0.0,0.0,0.0,none,,,0.0,1.901109678404978,5.143600059134254,0.34177215189873417,0.0,0.0,0.9653929343907715,0.02090843547224225,0.0136986301369863,0.36104115141804627,0.0,2.158966716343766,0.0,0.23909883720930233,0.0,451.0,0.0,466.0,0.0,158499.0,28266.0,3.0,115.0,71.0,27361.0,12.0,12.0,101.0,60.0,0.0,0.0,7.0,0.0,11.0,11.0,11.0,0.0,51.0,44.0,1325.0,1295.0,18.0,0.0,1.0,1.0,0.0,11.0,0.0,6.0,350.0,0.8627450980392157,0.9773584905660377,521.5928571428572,0.0,233736.0,124.59275053304904
2,1,0,mappo,2039,2039,6157,,-97118.88673076405,-277.4825335164687,,,0.14797979797979796,,,1.0,548.7128571428572,538.0,971.8000000000001,2,2,2,348,734.0,734.0,1305.0,3685.0,3555.0,1305.0,136249.0,1.0,0.0,644.0,342.0,201.0,118.0,282.0,270.0,279.0,474.0,0.5065134099616858,2.7241379310344827,0.11701869386965516,0.1411628533404506,0.0253997805232175,0.6644803192652048,0.6262342045133598,1.6286494189280165,31.27269835776553,0.05248094693737189,0.019636349178883024,0.47739463601532567,0.031417624521072794,175880.0,1522.0,1347.0,0.0,0.0,0.0,0.0,0.0,0.0,0.0,0.0,0.0,0.0,0.0,0.0,0.0,0.0,0.0,0.0,0.0,0.0,122.0,122.0,88.0,131.0,131.0,131.0,169.0,43.0,43.0,32.0,8.0,0.0,3.0,184.0,15.0,169.0,0.0,8.0,3.0,0.0,3.0,1.0,0.0,169.0,122.0,0.0,189534.0,2315629.0,0.0,1305.0,0.14388961892247043,219.0,122.0,0.0,9.0,88.0,0.0,881.0,0.0,0.0,9.0,88.0,0.0,0.0,0,0,0.0,19.593912397921308,0,0,0,0,0,0.0,0.0,0.0,0.0,0.0,0.0,0.0,0.0,,,-1.6146230159125414,138.67095357142858,142.4075,190.40875000000003,0,0.0,0.0,0.0,0.0,0.40050848128969235,9.532509803771973,39,1066.0,2.0,0.0,1.0,0.7441860465116279,0.0,35,583.5999999999999,0.0,0.0,0.0,0.0,0.0,none,,,0.0,2.1174046443652608,5.727960847894217,0.32816229116945106,0.0,0.0,0.8798171129980406,0.11038536903984324,0.009797517962116264,0.3413859522080058,0.0,1.9532063197026024,0.0,0.08607095926412615,0.005714285714285714,261.0,0.0,473.0,0.0,175880.0,28857.0,5.0,92.0,53.0,35232.0,11.0,11.0,83.0,50.0,0.0,0.0,4.0,0.0,7.0,7.0,7.0,0.0,43.0,38.0,1479.0,1309.0,14.0,0.0,1.0,1.0,0.0,9.0,0.0,4.0,350.0,0.8837209302325582,0.8850574712643678,548.7128571428572,0.0,716366.0,377.432033719705
3,2,1,mappo,0,2068,8225,-0.01757769960547901,-89214.17634468526,-254.89764669910073,4796.56930202908,0.9592009915245904,0.14696969696969697,0.005074019054543916,0.05573390217290984,1.0,565.2071428571429,501.0,1089.05,3,3,3,347,636.0,636.0,1432.0,4412.0,4282.0,1432.0,139313.0,0.0,0.0,593.0,424.0,308.0,107.0,107.0,254.0,617.0,454.0,0.5858938547486033,2.9902234636871508,0.1328760885253715,0.13563938036186401,0.024696405918803066,0.6817238000611769,0.6003650120100495,1.9376089784444521,35.99522160533809,0.06797393970496687,0.021997610802669324,0.5614525139664804,0.027932960893854747,179001.0,1510.0,1359.0,8.0,8.0,0.0,0.0,0.0,0.0,8.0,0.0,0.0,0.0,0.0,0.0,0.0,0.0,0.0,0.0,0.0,0.0,44.0,44.0,30.0,49.0,49.0,49.0,147.0,38.0,38.0,31.0,7.0,0.0,0.0,156.0,9.0,147.0,0.0,7.0,0.0,0.0,1.0,1.0,0.0,147.0,44.0,0.0,265101.0,3282525.0,0.0,1432.0,0.05231788079470199,79.0,44.0,0.0,5.0,30.0,0.0,916.0,0.0,0.0,5.0,30.0,0.0,0.0,0,0,0.0,20.87711552612215,0,0,0,0,0,0.0,0.0,0.0,0.0,0.0,0.0,0.0,0.0,,,-1.579079017614273,125.26162142857144,125.87062499999999,164.20925000000003,0,0.0,0.0,0.0,0.0,0.3261887114388288,7.82567024230957,75,1221.0,3.0,0.0,1.0,0.8157894736842105,0.0,35,828.8428571428572,0.0,0.0,0.0,0.0,0.0,none,,,0.005886681383370125,2.140983847259349,6.12115538876591,0.33639494833524686,0.0,4.4692487751465077e-05,0.897029702970297,0.09702970297029703,0.005940594059405941,0.3697992392169749,0.0,2.375798403193613,0.0,0.03245033112582781,0.008571428571428572,154.0,8.0,482.0,0.0,179001.0,38908.0,14.0,105.0,66.0,35208.0,9.0,9.0,91.0,61.0,0.0,0.0,6.0,0.0,6.0,6.0,6.0,0.0,38.0,30.0,1472.0,1329.0,9.0,4.0,1.0,1.0,0.0,5.0,0.0,3.0,350.0,0.7894736842105263,0.9028532608695652,565.2071428571429,0.0,736216.0,311.0333755809041
4,2,0,mappo,1919,1919,10144,,-79173.62726823814,-226.21036362353755,,,0.14595959595959596,,,1.0,502.5957142857143,457.75,973.5000000000001,1,1,1,349,714.0,714.0,1205.0,3709.0,3606.0,1205.0,126647.0,0.0,0.0,592.0,296.0,218.0,99.0,97.0,208.0,507.0,393.0,0.5087136929460581,2.9925311203319502,0.30427035480830433,0.12815974494790142,0.023209695227026816,0.6975482547910753,0.626274568114538,1.7430638892222878,31.34864489798902,0.07425701772613891,0.019674322448994645,0.4962655601659751,0.014107883817427386,160292.0,1433.0,1320.0,59.0,59.0,0.0,0.0,0.0,0.0,59.0,0.0,0.0,0.0,0.0,0.0,0.0,0.0,0.0,0.0,0.0,0.0,102.0,102.0,73.0,114.0,114.0,114.0,104.0,49.0,49.0,31.0,18.0,0.0,0.0,125.0,21.0,104.0,0.0,18.0,0.0,0.0,1.0,2.0,0.0,104.0,102.0,0.0,328853.0,4108686.0,0.0,1205.0,0.13049546406140963,187.0,102.0,0.0,12.0,73.0,0.0,800.0,0.0,0.0,12.0,73.0,0.0,0.0,0,0,0.0,19.076515151515153,0,0,0,0,0,0.0,0.0,0.0,0.0,0.0,0.0,0.0,0.0,,,-1.5223132685315182,118.92487500000001,125.03125000000001,163.30750000000003,0,0.0,0.0,0.0,0.0,0.4055133917078422,6.659947395324707,4,1013.0,1.0,0.0,1.0,0.6326530612244898,0.0,35,705.3928571428571,0.0,0.0,0.0,0.0,0.0,none,,,0.0446969696969697,1.8909216163224507,5.558763525006347,0.3699731903485255,0.0,0.0003680782571806453,0.9134948096885813,0.07197231833910035,0.01453287197231834,0.37370970053830743,0.0,2.4264882577826326,0.0,0.07955338450802513,0.002857142857142857,213.0,59.0,501.0,0.0,160292.0,36758.0,60.0,117.0,66.0,29513.0,15.0,15.0,92.0,59.0,0.0,0.0,13.0,0.0,10.0,10.0,10.0,0.0,49.0,39.0,1384.0,1281.0,19.0,3.0,2.0,2.0,0.0,12.0,0.0,4.0,350.0,0.7959183673469388,0.9255780346820809,502.5957142857143,0.0,424922.0,249.95411764705884
5,3,1,mappo,0,1719,11863,-0.009828067082708003,-61400.745338032146,-175.43070096580612,2587.883255004883,0.9368466716259718,0.14494949494949494,0.0017337950256791773,0.0548447426626808,1.0,420.77,389.25,753.45,0,0,0,350,713.0,713.0,1007.0,2831.0,2690.0,1007.0,103721.0,0.0,0.0,525.0,272.0,158.0,52.0,145.0,299.0,305.0,258.0,0.4786494538232373,2.6713008937437936,0.22139466427407176,0.11587874005366461,0.02072964933892303,0.7643424324883664,0.6881668465554182,1.2897375488339424,21.54287760287464,0.04993782575814931,0.014771438801437102,0.464746772591857,0.014895729890764648,132471.0,1384.0,1354.0,1.0,1.0,0.0,0.0,0.0,0.0,1.0,0.0,0.0,0.0,0.0,0.0,0.0,0.0,0.0,0.0,0.0,0.0,17.0,17.0,10.0,24.0,24.0,24.0,9.0,36.0,36.0,24.0,9.0,0.0,2.0,37.0,28.0,9.0,1.0,9.0,2.0,0.0,1.0,16.0,0.0,9.0,17.0,0.0,383529.0,4756574.0,0.0,1007.0,0.024566473988439308,34.0,17.0,0.0,7.0,10.0,0.0,689.0,0.0,1.0,7.0,10.0,0.0,0.0,0,0,0.0,21.46824224519941,0,0,0,0,0,0.0,0.0,0.0,0.0,0.0,0.0,0.0,0.0,,,-1.5307485001007577,133.05839285714285,138.06125000000003,172.80375000000004,0,0.0,0.0,0.0,0.0,0.45802289548320096,6.671623134613036,18,817.0,0.0,0.0,1.0,0.6666666666666666,0.0,35,457.7071428571429,0.0,0.0,0.0,0.0,0.0,none,,,0.0007385524372230429,1.6816288016864231,4.657266188194905,0.3824884792626728,0.0,7.548822006325913e-06,0.9733812949640288,0.006474820143884892,0.02014388489208633,0.3266037822786505,0.0,2.1000000000000005,0.0,0.017341040462427744,0.0,186.0,1.0,527.0,0.0,132471.0,31002.0,6.0,160.0,124.0,27701.0,12.0,12.0,135.0,101.0,0.0,0.0,10.0,0.0,12.0,12.0,2.0,0.0,36.0,31.0,1348.0,1323.0,12.0,0.0,16.0,16.0,0.0,7.0,0.0,20.0,349.0,0.8611111111111112,0.9814540059347181,420.77,0.0,92352.0,72.77541371158392
6,3,0,mappo,1886,1886,13749,,-101543.78216677163,-290.1250919050618,,,0.14393939393939392,,,0.9771428571428571,536.9956140350877,496.75,932.3000000000001,32,24,16,326,770.0,770.0,1125.0,3445.0,3310.0,1125.0,119923.0,0.0,0.0,560.0,298.0,199.0,68.0,97.0,210.0,479.0,339.0,0.5022222222222222,2.942222222222222,0.4630125125116772,0.13317898313866722,0.023881358149151006,0.6811786474982897,0.5904917688502206,1.7502523959502287,28.80350542774424,0.0875564439638724,0.018401752713872142,0.4951111111111111,0.017777777777777778,164192.0,1585.0,1390.0,26.0,26.0,0.0,0.0,0.0,0.0,26.0,0.0,0.0,0.0,0.0,0.0,0.0,0.0,0.0,0.0,0.0,0.0,19.0,20.0,1.0,25.0,25.0,25.0,189.0,31.0,31.0,21.0,8.0,0.0,2.0,201.0,12.0,189.0,0.0,8.0,2.0,0.0,2.0,0.0,0.0,189.0,20.0,0.0,468862.0,5766056.0,0.0,1125.0,0.016403785488958992,26.0,19.0,0.0,6.0,1.0,0.0,839.0,0.0,0.0,6.0,1.0,0.0,0.0,0,0,0.0,23.149640287769785,0,0,0,0,0,0.0,0.0,0.0,0.0,0.0,0.0,0.0,0.0,,,-1.877059670453292,133.63435714285714,132.35125,181.76625,8,0.0,0.0,0.0,0.0,0.5241487639933429,12.452394485473633,143,1023.0,24.0,8.0,1.0,0.6774193548387096,0.0,35,592.0357142857142,0.0,0.0,0.0,0.0,0.0,none,,,0.01870503597122302,2.81594024951313,9.372797675010172,0.2936708860759494,0.0,0.00015835119859676475,0.8733459357277883,0.11909262759924386,0.007561436672967864,0.3214151424262912,0.0,2.13980875691998,0.0,0.015772870662460567,0.06857142857142857,236.0,26.0,534.0,0.0,164192.0,49584.0,28.0,62.0,31.0,39948.0,7.0,7.0,38.0,19.0,0.0,0.0,5.0,0.0,11.0,11.0,5.0,0.0,31.0,25.0,1554.0,1365.0,12.0,0.0,0.0,0.0,0.0,6.0,0.0,3.0,346.0,0.8064516129032258,0.8783783783783784,536.9956140350877,0.02285714285714291,1546963.0,1045.2452702702703
7,4,1,mappo,0,1776,15525,-0.007718627946815104,-56264.056863724574,-160.7544481820702,2920.010181427002,0.8811634220182896,0.14292929292929293,0.002123302796265457,0.013622742095321883,1.0,364.3157142857143,332.25,669.2500000000002,3,3,3,347,804.0,804.0,972.0,2555.0,2428.0,972.0,77210.0,0.0,0.0,605.0,199.0,114.0,54.0,280.0,216.0,188.0,288.0,0.3775720164609053,2.4979423868312756,0.234439275836871,0.09913743702300015,0.017734783017478974,0.6982859095458877,0.6410378511274548,0.9099890911511598,16.226260822609838,0.04330402453679237,0.012113130411304705,0.3868312757201646,0.006172839506172839,110942.0,1438.0,1367.0,1.0,1.0,0.0,0.0,0.0,0.0,1.0,0.0,0.0,0.0,0.0,0.0,0.0,0.0,0.0,0.0,0.0,0.0,22.0,22.0,12.0,37.0,37.0,37.0,63.0,67.0,67.0,51.0,15.0,0.0,1.0,86.0,23.0,63.0,0.0,15.0,1.0,0.0,1.0,6.0,0.0,63.0,22.0,0.0,533578.0,6429852.0,0.0,972.0,0.034075104311543813,49.0,22.0,0.0,15.0,12.0,0.0,651.0,0.0,0.0,15.0,12.0,0.0,0.0,0,0,0.0,23.119239209948795,0,0,0,0,0,0.0,0.0,0.0,0.0,0.0,0.0,0.0,0.0,,,-1.7289372938679601,128.630875,135.67874999999998,182.605375,0,0.0,0.0,0.0,0.0,0.42863381583658905,9.023918151855469,10,734.0,3.0,0.0,1.0,0.7611940298507462,0.0,35,417.35,0.0,0.0,0.0,0.0,0.0,none,,,0.000731528895391368,1.9128366330578872,6.0296316082942525,0.3276157804459691,0.0,9.013718880135566e-06,0.9408121128699243,0.043358568479008944,0.015829318651066758,0.34007347294088386,0.0,2.1483069977426634,0.0,0.02573018080667594,0.008571428571428572,239.0,1.0,565.0,0.0,110942.0,27051.0,13.0,203.0,140.0,32033.0,27.0,27.0,197.0,105.0,0.0,0.0,17.0,0.0,32.0,32.0,8.0,0.0,67.0,63.0,1371.0,1304.0,19.0,0.0,6.0,6.0,0.0,15.0,0.0,8.0,350.0,0.9402985074626866,0.9511305616338439,364.3157142857143,0.0,127484.0,108.86763450042699
8,4,0,mappo,2037,2037,17562,,-93076.24932502046,-265.93214092862985,,,0.14191919191919192,,,1.0,607.1042857142858,581.0,1032.8500000000001,1,1,1,349,733.0,733.0,1304.0,3713.0,3601.0,1304.0,155973.0,0.0,0.0,680.0,340.0,184.0,100.0,112.0,506.0,267.0,419.0,0.4785276073619632,2.7615030674846626,0.3170279426745888,0.1380719634150069,0.024879660508795386,0.7553787738744718,0.6440591921492771,1.375594439242916,24.307188104403895,0.08153192606352686,0.016153594052202,0.4762269938650307,0.006901840490797546,181529.0,1370.0,1342.0,0.0,0.0,0.0,0.0,0.0,0.0,0.0,0.0,0.0,0.0,0.0,0.0,0.0,0.0,0.0,0.0,0.0,0.0,96.0,96.0,92.0,106.0,106.0,106.0,20.0,52.0,52.0,36.0,16.0,0.0,0.0,38.0,18.0,20.0,0.0,16.0,0.0,0.0,1.0,1.0,0.0,20.0,96.0,0.0,581034.0,7060872.0,0.0,1304.0,0.14452554744525548,198.0,96.0,0.0,10.0,92.0,0.0,762.0,0.0,0.0,10.0,92.0,0.0,0.0,0,0,0.0,18.63338301043219,0,0,0,0,0,0.0,0.0,0.0,0.0,0.0,0.0,0.0,0.0,,,-1.4894316987097078,157.92352857142856,157.301875,230.41375000000002,0,0.0,0.0,0.0,0.0,0.4806623443375191,10.307453155517578,39,1118.0,1.0,0.0,1.0,0.6923076923076923,0.0,35,628.0142857142857,0.0,0.0,0.0,0.0,0.0,none,,,0.0,1.5369801794251499,4.16705026998941,0.3766617429837518,0.0,0.0,0.972463768115942,0.014492753623188406,0.013043478260869565,0.3166287673401773,0.0,1.9784423407917386,0.0,0.07737226277372262,0.002857142857142857,235.0,0.0,498.0,0.0,181529.0,54383.0,0.0,70.0,18.0,25042.0,0.0,0.0,80.0,16.0,0.0,0.0,7.0,0.0,6.0,6.0,6.0,0.0,52.0,43.0,1318.0,1299.0,18.0,1.0,1.0,1.0,0.0,10.0,0.0,5.0,350.0,0.8269230769230769,0.9855842185128983,607.1042857142858,0.0,497195.0,291.952436876101
9,5,1,mappo,0,1377,18939,-0.02148448167281458,-90499.60721928116,-258.5703063408033,6902.024693080357,0.9331183880567551,0.1409090909090909,0.002309455694451536,0.11586565913499466,1.0,457.9614285714286,385.25,937.6000000000003,0,0,0,350,598.0,598.0,780.0,2421.0,2361.0,780.0,120272.0,0.0,0.0,364.0,188.0,151.0,77.0,74.0,163.0,211.0,332.0,0.5333333333333333,3.026923076923077,0.26293386877633823,0.10504425594535394,0.023000777716366334,0.7273504822395551,0.6708481347140594,1.700449069037538,33.921583223084994,0.028533072682659654,0.02122521695344204,0.5128205128205128,0.014102564102564103,147456.0,1337.0,1321.0,0.0,0.0,0.0,0.0,0.0,0.0,0.0,0.0,0.0,0.0,1.0,0.0,1.0,0.0,0.0,0.0,1.0,0.0,20.0,20.0,16.0,28.0,28.0,28.0,0.0,54.0,54.0,45.0,8.0,0.0,1.0,24.0,24.0,0.0,1.0,8.0,1.0,0.0,2.0,13.0,0.0,0.0,20.0,0.0,632955.0,7668147.0,0.0,780.0,0.032909498878085267,44.0,20.0,0.0,8.0,16.0,0.0,768.0,0.0,1.0,8.0,16.0,0.0,0.0,0,0,0.0,21.538228614685845,0,0,0,0,0,0.0,0.0,0.0,0.0,0.0,0.0,0.0,0.0,,,-1.4593650734865231,128.7349,129.13875000000002,190.83225000000004,0,0.0,0.0,0.0,0.0,0.47757252691635715,12.013285636901855,577,821.0,0.0,0.0,1.0,0.8333333333333334,0.0,35,691.1500000000001,0.0,1.0,0.0,0.0,0.0,aba_bounce,939613200#0:1,,0.0,1.5452676385730213,4.737198857317425,0.3693181818181818,0.0,0.0,0.9821561338289962,0.0,0.017843866171003718,0.39303523021945974,0.0,2.780986372485399,0.0,0.020942408376963352,0.0,158.0,0.0,440.0,0.0,147456.0,18770.0,3.0,147.0,95.0,27114.0,31.0,31.0,160.0,78.0,0.0,0.0,4.0,0.0,9.0,9.0,1.0,0.0,54.0,49.0,1283.0,1272.0,13.0,0.0,13.0,13.0,0.0,8.0,0.0,15.0,350.0,0.9074074074074074,0.9914263445050663,457.9614285714286,0.0,71489.0,53.58995502248876
10,5,0,mappo,1447,1447,20386,,-40052.207148715235,-114.43487756775781,,,0.13989898989898988,,,1.0,308.0842857142857,278.75,600.8000000000001,0,0,0,350,628.0,628.0,824.0,2685.0,2608.0,824.0,73283.0,0.0,0.0,382.0,232.0,126.0,84.0,6.0,233.0,204.0,381.0,0.5364077669902912,3.1650485436893203,0.49965133059552863,0.10032071446032417,0.017946460610933745,0.6990500914240346,0.605265688476632,1.7956684333128317,32.31909569241819,0.06699219886120995,0.020159547846208964,0.5194174757281553,0.02063106796116505,97814.0,1321.0,1305.0,0.0,0.0,0.0,0.0,0.0,0.0,0.0,0.0,0.0,0.0,0.0,0.0,0.0,0.0,0.0,0.0,0.0,0.0,32.0,32.0,20.0,43.0,43.0,43.0,10.0,39.0,39.0,25.0,12.0,0.0,2.0,27.0,17.0,10.0,5.0,12.0,2.0,0.0,1.0,2.0,0.0,10.0,32.0,0.0,679444.0,8209884.0,0.0,824.0,0.04769114307342922,63.0,32.0,0.0,11.0,20.0,0.0,750.0,0.0,5.0,11.0,20.0,0.0,0.0,0,0,0.0,19.035249042145594,0,0,0,0,0,0.0,0.0,0.0,0.0,0.0,0.0,0.0,0.0,,,-1.4288808583487842,86.65017142857143,83.88625,129.53125,0,0.0,0.0,0.0,0.0,0.44788595801565767,8.775084495544434,4,862.0,0.0,0.0,1.0,0.6410256410256411,0.0,35,415.2928571428571,0.0,0.0,0.0,0.0,0.0,none,,,0.0,1.6715500424414715,5.483633010906955,0.4321167883211679,0.0,0.0,0.9797297297297297,0.0075075075075075074,0.012762762762762763,0.3667191127792355,0.0,2.3565022421524664,0.0,0.03255109765329296,0.0,135.0,0.0,493.0,0.0,97814.0,24859.0,8.0,80.0,46.0,23661.0,2.0,2.0,81.0,45.0,0.0,0.0,2.0,0.0,3.0,3.0,3.0,0.0,39.0,29.0,1282.0,1276.0,17.0,4.0,2.0,2.0,0.0,11.0,0.0,4.0,350.0,0.7435897435897436,0.9953198127925117,308.0842857142857,0.0,85790.0,85.5333998005982
11,6,1,mappo,0,1457,21843,-0.014109416049905121,-100185.80606164417,-286.2451601761262,5350.315544577206,1.0354769264950472,0.1388888888888889,0.0037776030147403873,0.09458167927668375,1.0,487.97857142857146,446.0,926.6500000000001,3,1,1,349,632.0,632.0,826.0,2683.0,2592.0,826.0,106801.0,0.0,0.0,400.0,221.0,140.0,65.0,3.0,222.0,259.0,342.0,0.5157384987893463,3.138014527845036,0.4868351611653771,0.1264798879605373,0.022626097981545162,0.723626932140539,0.6141205392507317,1.6969064854167666,30.0402094096004,0.09957443583923631,0.019020104704800027,0.5072639225181598,0.012106537530266344,149611.0,1498.0,1316.0,8.0,8.0,0.0,0.0,0.0,0.0,8.0,0.0,0.0,0.0,0.0,0.0,0.0,0.0,0.0,0.0,0.0,0.0,52.0,52.0,22.0,66.0,66.0,66.0,173.0,54.0,54.0,35.0,15.0,0.0,4.0,196.0,23.0,173.0,1.0,15.0,4.0,0.0,4.0,0.0,0.0,173.0,52.0,0.0,762450.0,9197551.0,0.0,826.0,0.05874499332443257,88.0,52.0,0.0,14.0,22.0,0.0,916.0,0.0,1.0,14.0,22.0,0.0,0.0,0,0,0.0,22.49544072948328,0,0,0,0,0,0.0,0.0,0.0,0.0,0.0,0.0,0.0,0.0,,,-1.6901900784213828,113.7834142857143,113.565,157.10300000000004,0,0.0,0.0,0.0,0.0,0.4854570219779675,9.496676445007324,145,783.0,1.0,0.0,1.0,0.6481481481481481,0.0,35,627.1571428571428,0.0,0.0,0.0,0.0,0.0,none,,,0.0060790273556231,2.2917266013114617,6.080343041727841,0.3098927294398093,0.0,5.347200406387231e-05,0.8703703703703703,0.11441798941798942,0.01521164021164021,0.37194618365225973,0.0,2.344730941704036,0.0,0.044058744993324434,0.002857142857142857,194.0,8.0,438.0,0.0,149611.0,31631.0,12.0,121.0,68.0,36165.0,2.0,2.0,91.0,61.0,0.0,0.0,5.0,0.0,9.0,9.0,9.0,0.0,54.0,40.0,1444.0,1276.0,23.0,5.0,0.0,0.0,0.0,14.0,0.0,4.0,350.0,0.7407407407407407,0.8836565096952909,487.97857142857146,0.0,1104209.0,745.5833896016205
12,6,0,mappo,1839,1839,23682,,-130218.3250573501,-372.05235730671455,,,0.13787878787878788,,,0.9942857142857143,550.330459770115,555.25,970.9000000000001,18,12,10,338,940.0,940.0,902.0,2607.0,2482.0,902.0,112705.0,2.0,0.0,573.0,171.0,108.0,50.0,200.0,145.0,236.0,321.0,0.3647450110864745,2.751662971175166,0.5699649194953447,0.12750983106472144,0.022928526903298205,0.7766997538457424,0.6828243537184404,1.2954894689005452,23.593802081388493,0.07406451465384954,0.01579690104069404,0.36363636363636365,0.0033259423503325942,175141.0,1813.0,1378.0,0.0,0.0,0.0,0.0,0.0,0.0,0.0,0.0,0.0,0.0,0.0,0.0,0.0,0.0,0.0,0.0,0.0,0.0,300.0,300.0,277.0,311.0,311.0,311.0,429.0,47.0,47.0,35.0,12.0,0.0,0.0,446.0,17.0,429.0,1.0,12.0,0.0,0.0,5.0,0.0,0.0,429.0,300.0,0.0,884091.0,10667524.0,0.0,902.0,0.32432432432432434,588.0,300.0,0.0,11.0,277.0,0.0,1170.0,0.0,1.0,11.0,277.0,0.0,0.0,0,0,0.0,21.660377358490567,0,0,0,0,0,0.0,0.0,0.0,0.0,0.0,0.0,0.0,0.0,,,-1.7330976735184422,135.73676071428574,135.45374999999999,189.35750000000004,2,0.0,0.0,0.0,0.0,0.48751124910255206,12.20517635345459,243,755.0,12.0,2.0,1.0,0.7446808510638298,0.0,35,518.1785714285713,0.0,0.0,0.0,0.0,0.0,none,,,0.0,3.2957964368174117,9.408154299322689,0.2364620938628159,0.0,0.0,0.7553483269336259,0.2353263850795392,0.009325287986834888,0.3366762334572997,0.0,1.8545700135074283,0.0,0.1715388858246001,0.03428571428571429,440.0,0.0,500.0,0.0,175141.0,49404.0,5.0,112.0,67.0,53422.0,7.0,7.0,111.0,65.0,0.0,0.0,4.0,0.0,6.0,6.0,6.0,0.0,47.0,34.0,1766.0,1344.0,17.0,7.0,0.0,0.0,0.0,11.0,0.0,6.0,349.0,0.723404255319149,0.7610419026047565,550.330459770115,0.005714285714285672,1631812.0,1004.192
13,7,1,mappo,0,2014,25696,0.002628614359042224,-516880.5157923184,-1476.8014736923383,121331.24908088235,0.8549642457681543,0.13686868686868686,0.0036010977935708927,0.11732067978557419,0.9028571428571428,1927.389240506329,2233.0,2582.25,129,83,49,267,1212.0,1212.0,803.0,2315.0,2252.0,803.0,429566.0,0.0,0.0,464.0,154.0,113.0,72.0,178.0,94.0,238.0,293.0,0.42216687422166876,2.804483188044832,0.420755610343157,0.11813515381119764,0.02113330133368318,0.7696228201221559,0.660808954318315,1.1427535790458565,20.769461326435636,0.09148273682815536,0.014384730663217642,0.42341220423412207,0.009962640099626401,554773.0,2689.0,1346.0,0.0,0.0,0.0,0.0,0.0,0.0,0.0,0.0,0.0,0.0,0.0,0.0,0.0,0.0,0.0,0.0,0.0,0.0,51.0,51.0,19.0,68.0,68.0,68.0,1330.0,61.0,61.0,38.0,19.0,0.0,4.0,1359.0,29.0,1330.0,0.0,19.0,4.0,0.0,1.0,5.0,0.0,1330.0,51.0,0.0,1132048.0,13797200.0,0.0,803.0,0.03235403495723317,87.0,51.0,0.0,17.0,19.0,0.0,1489.0,0.0,0.0,17.0,19.0,0.0,0.0,0,1,0.0,24.26448736998514,0,1,1,0,0,1712.0,1712.0,0.0,0.0,1712.0,1712.0,1711.0,1711.0,813970416#0:1,"424@813970416#0:age=1712,stall=1711,phase=route_pending,mode=lane_now,shift=0",-2.0249385709485033,129.2319642857143,134.41625,180.83625,34,0.0,0.0,0.0,0.0,0.8148977585077943,13.319966316223145,2167,676.0,96.0,23.0,1.0,0.6229508196721312,0.0,32,433.65625,0.0,0.0,0.0,0.0,0.0,none,,,0.0,4.152568860147122,16.021547208718832,0.3553088133240805,0.0,0.0,0.4961067853170189,0.4931405265109381,0.010752688172043012,0.2044115344075783,0.0,1.1869682042095835,0.0,0.02528821123094087,0.23714285714285716,553.0,0.0,659.0,0.0,554773.0,201446.0,6.0,161.0,104.0,107012.0,22.0,22.0,263.0,81.0,0.0,0.0,16.0,0.0,20.0,20.0,6.0,0.0,61.0,53.0,2628.0,1293.0,25.0,0.0,5.0,4.0,0.0,17.0,0.0,7.0,342.0,0.8688524590163934,0.4920091324200913,1927.389240506329,0.0971428571428572,7457429.0,2407.1752743705615
14,7,0,mappo,1771,1771,27467,,-32008.65350706368,-91.45329573446766,,,0.13585858585858585,,,1.0,315.43285714285713,280.75,567.4000000000001,0,0,0,350,639.0,639.0,1132.0,3247.0,3086.0,1132.0,72716.0,0.0,0.0,654.0,227.0,155.0,96.0,259.0,209.0,247.0,417.0,0.42226148409893993,2.7261484098939928,0.3885666249194857,0.10577095861879075,0.01905329649660789,0.7092155381484293,0.6599856498568935,1.4182107037050256,26.277216711267087,0.04622780086316361,0.01713860835563361,0.4098939929328622,0.014134275618374558,96405.0,1388.0,1383.0,1.0,1.0,0.0,0.0,0.0,0.0,1.0,0.0,0.0,0.0,0.0,0.0,0.0,0.0,0.0,0.0,0.0,0.0,20.0,20.0,1.0,30.0,30.0,30.0,2.0,33.0,33.0,22.0,8.0,0.0,3.0,15.0,13.0,2.0,0.0,8.0,3.0,0.0,2.0,0.0,0.0,2.0,20.0,0.0,1176244.0,14314109.0,0.0,1132.0,0.0223342939481268,31.0,20.0,0.0,10.0,1.0,0.0,765.0,0.0,0.0,10.0,1.0,0.0,0.0,0,0,0.0,17.850325379609544,0,0,0,0,0,0.0,0.0,0.0,0.0,0.0,0.0,0.0,0.0,,,-1.5220315496321637,114.16992142857144,114.67875000000001,165.94000000000005,0,0.0,0.0,0.0,0.0,0.4399925686179851,7.421626091003418,4,1117.0,0.0,0.0,1.0,0.6666666666666666,0.0,35,402.0214285714286,0.0,0.0,0.0,0.0,0.0,none,,,0.0007230657989877079,1.8591513131028978,5.2206975524448,0.3518776077885953,0.0,1.0372905969607385e-05,0.9892703862660944,0.001430615164520744,0.009298998569384835,0.3381280533843678,0.0,2.4150489759572578,0.0,0.021613832853025938,0.0,155.0,1.0,484.0,0.0,96405.0,24046.0,1.0,101.0,69.0,24504.0,14.0,14.0,100.0,66.0,0.0,0.0,0.0,0.0,8.0,8.0,8.0,0.0,33.0,30.0,1355.0,1353.0,13.0,0.0,0.0,0.0,0.0,10.0,0.0,3.0,350.0,0.9090909090909091,0.9985239852398524,315.43285714285713,0.0,53373.0,53.00198609731877
15,8,1,mappo,0,1653,29120,-0.008243614425217467,-68567.25196756715,-195.906434193049,8949.561976841518,0.867044421178954,0.13484848484848486,0.0011518046833861992,0.029207471225942885,1.0,401.3014285714286,376.25,736.4000000000001,2,2,2,348,657.0,657.0,996.0,2951.0,2870.0,996.0,83851.0,0.0,0.0,549.0,221.0,140.0,86.0,151.0,230.0,201.0,414.0,0.44879518072289154,2.8815261044176705,0.3244902518050498,0.10988183680970416,0.019806696994073062,0.7142811164364637,0.6503705452663832,1.3459046394527885,24.28263151335827,0.06761387316378001,0.01614131575667893,0.44879518072289154,0.006024096385542169,124776.0,1512.0,1352.0,9.0,9.0,0.0,0.0,0.0,0.0,9.0,0.0,0.0,0.0,0.0,0.0,0.0,0.0,0.0,0.0,0.0,0.0,37.0,37.0,15.0,51.0,51.0,51.0,154.0,47.0,47.0,30.0,16.0,0.0,1.0,174.0,20.0,154.0,0.0,16.0,1.0,0.0,2.0,1.0,0.0,154.0,37.0,0.0,1255182.0,15261807.0,0.0,996.0,0.04365079365079365,66.0,37.0,0.0,14.0,15.0,0.0,885.0,0.0,0.0,14.0,15.0,0.0,0.0,0,0,0.0,22.6042899408284,0,0,0,0,0,0.0,0.0,0.0,0.0,0.0,0.0,0.0,0.0,,,-1.6739925572085992,120.89540357142857,125.61125,165.68000000000004,0,0.0,0.0,0.0,0.0,0.5144806942532592,9.0943977355957,1,838.0,2.0,0.0,1.0,0.6382978723404256,0.0,35,468.03571428571433,0.0,0.0,0.0,0.0,0.0,none,,,0.006656804733727811,2.599787952455338,6.828121230007616,0.28087167070217917,0.0,7.212925562608193e-05,0.8859764089121888,0.10091743119266056,0.01310615989515072,0.35177324592384873,0.0,2.224584717607974,0.0,0.03373015873015873,0.005714285714285714,197.0,9.0,460.0,0.0,124776.0,29865.0,10.0,122.0,75.0,35738.0,18.0,18.0,116.0,66.0,0.0,0.0,8.0,0.0,11.0,11.0,11.0,0.0,47.0,36.0,1465.0,1316.0,20.0,5.0,1.0,1.0,0.0,14.0,0.0,5.0,350.0,0.7659574468085106,0.8982935153583618,401.3014285714286,0.0,480730.0,429.99105545617175
16,8,0,mappo,1794,1794,30914,,-77114.47978692797,-220.3270851055085,,,0.13383838383838384,,,0.9971428571428571,463.0372492836676,451.0,825.3,8,7,6,343,899.0,899.0,900.0,2602.0,2505.0,900.0,104974.0,0.0,0.0,480.0,223.0,146.0,51.0,123.0,213.0,300.0,264.0,0.4666666666666667,2.783333333333333,0.43078132460514706,0.11739268897722165,0.021000481032662922,0.7726577631839447,0.6752382168836064,1.3193178889841874,23.9467886268006,0.06693460759704208,0.015973394313400068,0.45666666666666667,0.015555555555555555,136305.0,1409.0,1332.0,0.0,0.0,0.0,0.0,0.0,0.0,0.0,0.0,0.0,0.0,0.0,0.0,0.0,0.0,0.0,0.0,0.0,0.0,130.0,130.0,125.0,140.0,140.0,140.0,61.0,48.0,48.0,33.0,14.0,0.0,1.0,87.0,26.0,61.0,4.0,14.0,1.0,0.0,3.0,8.0,0.0,61.0,130.0,0.0,1315004.0,15937186.0,0.0,900.0,0.1880766501064585,265.0,130.0,0.0,10.0,125.0,0.0,646.0,0.0,4.0,10.0,125.0,0.0,0.0,0,0,0.0,21.864864864864863,0,0,0,0,0,0.0,0.0,0.0,0.0,0.0,0.0,0.0,0.0,,,-1.6828986770672703,130.18807857142858,128.54125,182.4367500000001,1,0.0,0.0,0.0,0.0,0.42674964093356527,10.263848304748535,6,797.0,7.0,1.0,1.0,0.6875,0.0,35,498.88571428571424,0.0,0.0,0.0,0.0,0.0,none,,,0.0,1.4398140661535541,3.9632988773680466,0.3602693602693603,0.0,0.0,0.9386892177589852,0.04298801973220578,0.018322762508809022,0.34219343101931976,0.0,2.0286031042128596,0.0,0.099361249112846,0.02,299.0,0.0,600.0,0.0,136305.0,34391.0,6.0,160.0,114.0,30092.0,25.0,25.0,121.0,85.0,0.0,0.0,8.0,0.0,25.0,25.0,4.0,0.0,48.0,39.0,1361.0,1293.0,19.0,0.0,8.0,8.0,0.0,10.0,0.0,12.0,350.0,0.8125,0.9500367376928729,463.0372492836676,0.0028571428571428914,163580.0,112.73604410751206
17,9,1,mappo,0,1739,32653,-0.003423407125020666,-32558.593672667295,-93.02455335047799,2743.2963213239395,0.8019727447203228,0.13282828282828282,0.0015047005531923785,0.003967490454670042,1.0,287.5042857142857,277.0,525.6500000000001,0,0,0,350,751.0,751.0,990.0,2502.0,2407.0,990.0,67105.0,0.0,0.0,614.0,224.0,112.0,40.0,224.0,319.0,243.0,204.0,0.3797979797979798,2.4313131313131313,0.3982988990843296,0.08873294929249419,0.01587351509558056,0.754151824346245,0.6784151781990071,1.0919121651185064,17.51249812376883,0.02556899320231596,0.012756249061884236,0.37373737373737376,0.012121212121212121,88887.0,1371.0,1352.0,20.0,20.0,0.0,0.0,0.0,0.0,20.0,0.0,0.0,0.0,0.0,0.0,0.0,0.0,0.0,0.0,0.0,0.0,10.0,10.0,5.0,22.0,22.0,22.0,8.0,46.0,46.0,26.0,18.0,0.0,2.0,31.0,23.0,8.0,2.0,18.0,2.0,0.0,3.0,0.0,0.0,8.0,10.0,0.0,1355759.0,16426579.0,0.0,990.0,0.019693654266958426,27.0,10.0,0.0,12.0,5.0,0.0,629.0,0.0,2.0,12.0,5.0,0.0,0.0,0,0,0.0,16.620562130177515,0,0,0,0,0,0.0,0.0,0.0,0.0,0.0,0.0,0.0,0.0,,,-1.3544847009606378,106.35444285714289,110.315,155.56000000000003,0,0.0,0.0,0.0,0.0,0.4259580178577685,6.988428592681885,12,766.0,0.0,0.0,1.0,0.5652173913043478,0.0,35,321.29999999999995,0.0,0.0,0.0,0.0,0.0,none,,,0.014792899408284023,0.9613293593712396,2.796009735364454,0.5272108843537415,0.0,0.00022500478135160373,0.9775849602313811,0.005784526391901663,0.016630513376717282,0.34786759523016864,0.0,2.0963898916967514,0.0,0.016046681254558718,0.0,212.0,20.0,539.0,0.0,88887.0,20180.0,43.0,70.0,30.0,22246.0,3.0,3.0,37.0,29.0,0.0,0.0,9.0,0.0,5.0,5.0,5.0,0.0,46.0,35.0,1325.0,1317.0,23.0,0.0,0.0,0.0,0.0,12.0,0.0,7.0,350.0,0.7608695652173914,0.9939622641509434,287.5042857142857,0.0,118704.0,122.50154798761609
18,9,0,mappo,1583,1583,34236,,-53093.463689759126,-151.69561054216894,,,0.1318181818181818,,,1.0,336.4814285714286,298.75,635.2,3,2,2,348,740.0,740.0,844.0,2287.0,2196.0,844.0,73581.0,0.0,0.0,524.0,159.0,113.0,48.0,199.0,200.0,183.0,262.0,0.3791469194312796,2.6018957345971563,0.3875305914624607,0.09399186302378103,0.016814286816176645,0.669183930101853,0.5951575774046199,0.868881808325443,15.821006097108064,0.05108730255926007,0.011910503048553818,0.3744075829383886,0.011848341232227487,105562.0,1377.0,1327.0,3.0,3.0,0.0,0.0,0.0,0.0,3.0,0.0,0.0,0.0,0.0,0.0,0.0,0.0,0.0,0.0,0.0,0.0,37.0,37.0,22.0,47.0,47.0,47.0,39.0,61.0,61.0,49.0,12.0,0.0,0.0,60.0,21.0,39.0,1.0,12.0,0.0,0.0,1.0,8.0,0.0,39.0,37.0,0.0,1417215.0,17058444.0,0.0,844.0,0.05010893246187364,69.0,37.0,0.0,10.0,22.0,0.0,668.0,0.0,1.0,10.0,22.0,0.0,0.0,0,0,0.0,23.004521477015825,0,0,0,0,0,0.0,0.0,0.0,0.0,0.0,0.0,0.0,0.0,,,-1.6245497104898188,121.63114285714286,125.97,187.14925000000005,0,0.0,0.0,0.0,0.0,0.37431177505708024,8.986982917785639,20,715.0,2.0,0.0,1.0,0.8032786885245902,0.0,35,428.27857142857147,0.0,0.0,0.0,0.0,0.0,none,,,0.002260738507912585,1.7380926263742702,5.422794656432594,0.3586776859504132,0.0,2.8419317557454386e-05,0.9567411679884643,0.028118240807498196,0.01514059120403749,0.35641794828716633,0.0,2.2911297071129706,0.0,0.03413217138707335,0.005714285714285714,189.0,3.0,551.0,0.0,105562.0,24806.0,30.0,210.0,152.0,30347.0,30.0,30.0,177.0,114.0,0.0,0.0,9.0,0.0,27.0,27.0,3.0,0.0,61.0,57.0,1316.0,1270.0,14.0,0.0,8.0,8.0,0.0,10.0,0.0,11.0,350.0,0.9344262295081968,0.9650455927051672,336.4814285714286,0.0,207045.0,162.77122641509433
19,10,1,mappo,0,1700,35936,-0.016452069918159395,-30744.10880802182,-87.84031088006235,1618.444859095982,0.8097793183156422,0.13080808080808082,-0.000289333906439565,0.045968167641798834,1.0,283.6385714285714,269.5,522.25,0,0,0,350,714.0,714.0,986.0,2971.0,2835.0,986.0,63574.0,0.0,0.0,594.0,170.0,133.0,89.0,157.0,205.0,228.0,396.0,0.3975659229208925,2.8752535496957403,0.5920693743860624,0.09927133571745687,0.017758736311803754,0.7757976936935834,0.6923692769561771,1.1882347761240941,23.564232742814365,0.023327282019914564,0.015782116371406956,0.3975659229208925,0.02028397565922921,85734.0,1311.0,1292.0,2.0,2.0,0.0,0.0,0.0,0.0,2.0,0.0,0.0,0.0,0.0,0.0,0.0,0.0,0.0,0.0,0.0,0.0,57.0,57.0,49.0,66.0,66.0,66.0,4.0,57.0,57.0,46.0,11.0,0.0,0.0,28.0,24.0,4.0,0.0,11.0,0.0,0.0,3.0,10.0,0.0,4.0,57.0,0.0,1458700.0,17536143.0,0.0,986.0,0.08771929824561403,115.0,57.0,0.0,9.0,49.0,0.0,648.0,0.0,0.0,9.0,49.0,0.0,0.0,0,0,0.0,17.809597523219814,0,0,0,0,0,0.0,0.0,0.0,0.0,0.0,0.0,0.0,0.0,,,-1.5064716515098184,114.51296785714288,109.74062500000001,179.69237500000014,0,0.0,0.0,0.0,0.0,0.3604784320933401,9.490324974060059,4,852.0,0.0,0.0,1.0,0.8070175438596491,0.0,35,356.2714285714286,0.0,0.0,0.0,0.0,0.0,none,,,0.0015479876160990713,1.115505635063173,3.286686188831744,0.4546979865771812,0.0,2.3327967900716168e-05,0.9787878787878788,0.0030303030303030303,0.01818181818181818,0.36162245859022946,0.0,2.127365491651206,0.0,0.05034324942791762,0.0,198.0,2.0,516.0,0.0,85734.0,16596.0,15.0,212.0,158.0,23125.0,17.0,17.0,130.0,110.0,0.0,0.0,10.0,0.0,42.0,42.0,2.0,0.0,57.0,50.0,1254.0,1242.0,16.0,0.0,10.0,9.0,0.0,9.0,0.0,15.0,350.0,0.8771929824561403,0.9904306220095693,283.6385714285714,0.0,50851.0,45.20088888888889
20,10,0,mappo,1586,1586,37522,,-26574.147811404247,-75.92613660401213,,,0.1297979797979798,,,1.0,273.94142857142856,250.25,522.6500000000001,0,0,0,350,670.0,670.0,920.0,2868.0,2714.0,920.0,59020.0,0.0,0.0,549.0,169.0,127.0,75.0,145.0,150.0,231.0,394.0,0.4032608695652174,2.95,0.5682657987486733,0.10454033168397196,0.018701311576423112,0.7034536893074603,0.6107282319146654,1.1824150263320432,22.72675583543985,0.04999185764015357,0.015363377917719717,0.39891304347826084,0.006521739130434782,83326.0,1300.0,1292.0,0.0,0.0,0.0,0.0,0.0,0.0,0.0,0.0,0.0,0.0,0.0,0.0,0.0,0.0,0.0,0.0,0.0,0.0,26.0,26.0,25.0,36.0,36.0,36.0,4.0,53.0,53.0,41.0,12.0,0.0,0.0,18.0,14.0,4.0,4.0,12.0,0.0,0.0,2.0,0.0,0.0,4.0,26.0,0.0,1504582.0,18062782.0,0.0,920.0,0.04692307692307692,61.0,26.0,0.0,10.0,25.0,0.0,700.0,0.0,4.0,10.0,25.0,0.0,0.0,0,0,0.0,19.578173374613,0,0,0,0,0,0.0,0.0,0.0,0.0,0.0,0.0,0.0,0.0,,,-1.468739886784418,109.31322500000002,107.62375,179.88,0,0.0,0.0,0.0,0.0,0.4116762896450556,6.333488941192627,0,803.0,0.0,0.0,1.0,0.7735849056603774,0.0,35,398.67857142857144,0.0,0.0,0.0,0.0,0.0,none,,,0.0,1.3566762322139014,4.116781855977408,0.3793103448275862,0.0,0.0,0.9862595419847329,0.0030534351145038168,0.010687022900763359,0.38325065763350263,0.0,2.5090909090909097,0.0,0.027692307692307693,0.0,195.0,0.0,475.0,0.0,83326.0,25758.0,4.0,86.0,36.0,24586.0,0.0,0.0,83.0,28.0,0.0,0.0,3.0,0.0,4.0,4.0,4.0,0.0,53.0,49.0,1247.0,1243.0,14.0,0.0,0.0,0.0,0.0,10.0,0.0,4.0,350.0,0.9245283018867925,0.9967923015236567,273.94142857142856,0.0,64961.0,66.62666666666667
21,11,1,mappo,0,1838,39360,-0.007149415057418602,-96546.98250634091,-275.8485214466883,3810.9721156529017,0.7921484070164817,0.12878787878787878,0.004837494619589837,0.07728648012770074,0.9828571428571429,506.19767441860466,497.5,931.5,23,15,9,335,816.0,816.0,1028.0,2497.0,2409.0,1028.0,122223.0,0.0,0.0,680.0,214.0,108.0,26.0,290.0,254.0,325.0,159.0,0.33852140077821014,2.343385214007782,0.46821955264208964,0.1127433669644658,0.02016875972850828,0.7262460182381048,0.710552338525247,0.98900470265696,17.97599926706882,0.040787449555095764,0.012987999633534171,0.3424124513618677,0.007782101167315175,156693.0,1458.0,1337.0,6.0,6.0,0.0,0.0,0.0,0.0,6.0,0.0,0.0,0.0,0.0,0.0,0.0,0.0,0.0,0.0,0.0,0.0,17.0,17.0,11.0,24.0,24.0,24.0,108.0,65.0,65.0,49.0,12.0,0.0,4.0,128.0,20.0,108.0,0.0,12.0,4.0,0.0,0.0,4.0,0.0,108.0,17.0,0.0,1570641.0,18828692.0,0.0,1028.0,0.02400548696844993,35.0,17.0,0.0,7.0,11.0,0.0,650.0,0.0,0.0,7.0,11.0,0.0,0.0,0,0,0.0,21.88257292445774,0,0,0,0,0,0.0,0.0,0.0,0.0,0.0,0.0,0.0,0.0,,,-1.8495122517756635,136.44310714285717,138.53625,195.06275000000002,6,0.0,0.0,0.0,0.0,0.5123434718054952,11.281420707702637,224,739.0,15.0,6.0,1.0,0.7538461538461538,0.0,35,525.4,0.0,0.0,0.0,0.0,0.0,none,,,0.004487658937920718,1.966394167720879,5.9360384285569525,0.3739565943238731,0.0,3.8291436120311695e-05,0.9124487004103967,0.07387140902872777,0.013679890560875513,0.35903219503621675,0.0,2.0216582914572863,0.0,0.01646090534979424,0.04285714285714286,214.0,6.0,602.0,0.0,156693.0,46916.0,15.0,166.0,109.0,33170.0,19.0,19.0,104.0,75.0,0.0,0.0,13.0,0.0,31.0,31.0,5.0,0.0,65.0,56.0,1393.0,1281.0,16.0,0.0,4.0,4.0,0.0,7.0,0.0,8.0,347.0,0.8615384615384616,0.9195979899497487,506.19767441860466,0.017142857142857126,731927.0,547.0306427503737
22,11,0,mappo,1712,1712,41072,,-81861.81908432416,-233.8909116694976,,,0.12777777777777777,,,1.0,481.95285714285717,451.25,947.8000000000001,9,7,7,343,623.0,623.0,1089.0,3000.0,2882.0,1089.0,110036.0,0.0,0.0,655.0,219.0,142.0,73.0,248.0,244.0,242.0,355.0,0.3985307621671258,2.6464646464646466,0.43920861567730635,0.1290398115878865,0.023221087671091132,0.6700039267902587,0.6489539414753708,1.3795746176296997,25.187647986384853,0.057020573895401654,0.016593823993192456,0.3921028466483012,0.006427915518824609,152678.0,1541.0,1336.0,99.0,99.0,0.0,0.0,0.0,0.0,99.0,0.0,0.0,0.0,0.0,0.0,0.0,0.0,0.0,0.0,0.0,0.0,41.0,41.0,20.0,47.0,47.0,47.0,194.0,50.0,50.0,36.0,11.0,0.0,2.0,211.0,17.0,194.0,0.0,11.0,2.0,0.0,2.0,2.0,0.0,194.0,41.0,0.0,1652647.0,19799929.0,0.0,1089.0,0.043478260869565216,67.0,41.0,0.0,6.0,20.0,0.0,946.0,0.0,0.0,6.0,20.0,0.0,0.0,0,0,0.0,21.483532934131738,0,0,0,0,0,0.0,0.0,0.0,0.0,0.0,0.0,0.0,0.0,,,-1.5733395375967847,140.24965357142858,140.9975,196.31125000000006,0,0.0,0.0,0.0,0.0,0.44224090169989805,7.427000045776367,92,919.0,7.0,0.0,1.0,0.72,0.0,35,598.4785714285715,0.0,0.0,0.0,0.0,0.0,none,,,0.07410179640718563,2.4406834219940747,6.211599187032138,0.2681564245810056,0.0,0.0006484234794796893,0.8635187580853816,0.12548512289780078,0.010996119016817595,0.3753432654307369,0.0,2.291578947368421,0.0,0.030499675535366644,0.02,145.0,99.0,478.0,0.0,152678.0,34656.0,120.0,138.0,93.0,38324.0,13.0,13.0,122.0,87.0,0.0,0.0,5.0,0.0,7.0,7.0,7.0,0.0,50.0,37.0,1491.0,1299.0,16.0,3.0,2.0,2.0,0.0,6.0,0.0,5.0,349.0,0.74,0.8712273641851107,481.95285714285717,0.0,1222434.0,785.121387283237
23,12,1,mappo,0,1867,42939,-0.009376819066736581,-30460.066177623186,-87.02876050749482,2175.6284920828684,0.8479496027742114,0.12676767676767675,0.0025632464253714238,0.03324045979284814,1.0,321.3985714285714,289.0,591.9000000000001,0,0,0,350,700.0,700.0,1171.0,3652.0,3441.0,1171.0,75417.0,1.0,0.0,630.0,256.0,203.0,82.0,193.0,126.0,412.0,440.0,0.46199829205807,2.9385140905209224,0.4321810917453212,0.1108372778417805,0.01982777789481665,0.694243709242606,0.6353159504986339,1.586886010496702,29.26051818774051,0.03686709178350649,0.01863025909387044,0.4466268146883006,0.016225448334756618,98658.0,1348.0,1345.0,0.0,0.0,0.0,0.0,0.0,0.0,0.0,0.0,0.0,0.0,0.0,0.0,0.0,0.0,0.0,0.0,0.0,0.0,46.0,46.0,36.0,53.0,53.0,53.0,1.0,52.0,52.0,43.0,7.0,0.0,2.0,10.0,9.0,1.0,4.0,7.0,2.0,0.0,0.0,0.0,0.0,1.0,46.0,0.0,1695891.0,20317606.0,0.0,1171.0,0.06602373887240356,89.0,46.0,0.0,7.0,36.0,0.0,710.0,0.0,4.0,7.0,36.0,0.0,0.0,0,0,0.0,18.107806691449813,0,0,0,0,0,0.0,0.0,0.0,0.0,0.0,0.0,0.0,0.0,,,-1.4083403204957627,102.87945714285716,108.89250000000001,141.29875,0,0.0,0.0,0.0,0.0,0.3624864843074153,5.786494874954211,13,1041.0,0.0,0.0,1.0,0.8269230769230769,0.0,35,456.1,0.0,0.0,0.0,0.0,0.0,none,,,0.0,1.092072402043993,3.444402104897115,0.4290171606864275,0.0,0.0,0.992619926199262,0.0007380073800738007,0.006642066420664207,0.3658421325672936,0.0,2.405882352941177,0.0,0.039317507418397624,0.0,199.0,0.0,501.0,0.0,98658.0,23442.0,6.0,87.0,36.0,23760.0,2.0,2.0,64.0,31.0,0.0,0.0,3.0,0.0,7.0,7.0,7.0,0.0,52.0,50.0,1296.0,1295.0,9.0,0.0,0.0,0.0,0.0,7.0,0.0,1.0,350.0,0.9615384615384616,0.9992283950617284,321.3985714285714,0.0,60730.0,48.122028526148966
24,12,0,mappo,1817,1817,44756,,-117002.64579559825,-334.29327370170927,,,0.12575757575757576,,,0.9914285714285714,557.5533141210375,535.0,1027.7000000000003,18,14,11,336,877.0,877.0,948.0,2289.0,2205.0,948.0,121655.0,0.0,0.0,623.0,200.0,99.0,26.0,281.0,241.0,262.0,164.0,0.34282700421940926,2.3259493670886076,0.31269849213979795,0.13651801934583654,0.024421828080809633,0.7903774151900775,0.7111324323852103,1.1121260207367623,19.700709592530362,0.04987488645088074,0.013850354796264947,0.3470464135021097,0.0031645569620253164,167138.0,1604.0,1346.0,66.0,66.0,0.0,0.0,0.0,0.0,66.0,0.0,0.0,0.0,0.0,0.0,0.0,0.0,0.0,0.0,0.0,0.0,25.0,25.0,9.0,33.0,33.0,33.0,246.0,62.0,62.0,42.0,15.0,0.0,5.0,266.0,20.0,246.0,5.0,15.0,5.0,0.0,0.0,0.0,0.0,246.0,25.0,0.0,1783990.0,21344007.0,0.0,948.0,0.026184538653366583,42.0,25.0,0.0,8.0,9.0,0.0,739.0,0.0,5.0,8.0,9.0,0.0,0.0,0,0,0.0,22.163447251114412,0,0,0,0,0,0.0,0.0,0.0,0.0,0.0,0.0,0.0,0.0,,,-1.7698630933188257,154.65196428571429,154.10375000000002,218.81837500000003,3,0.0,0.0,0.0,0.0,0.5212969438466432,10.814894676208496,178,716.0,15.0,3.0,1.0,0.6774193548387096,0.0,35,584.5142857142857,0.0,0.0,0.0,0.0,0.0,none,,,0.04903417533432392,2.9091988105637245,9.419584516491764,0.32706222865412443,0.0,0.00039488327011212294,0.8349875930521092,0.15260545905707196,0.01240694789081886,0.34051595606588614,0.0,2.046822429906542,0.0,0.02057356608478803,0.04,295.0,66.0,582.0,0.0,167138.0,44180.0,94.0,140.0,89.0,41396.0,10.0,10.0,92.0,56.0,0.0,0.0,7.0,0.0,37.0,37.0,8.0,0.0,62.0,50.0,1542.0,1296.0,20.0,0.0,0.0,0.0,0.0,8.0,0.0,3.0,350.0,0.8064516129032258,0.8404669260700389,557.5533141210375,0.008571428571428563,1238564.0,837.4334009465855
25,13,1,mappo,0,1722,46478,-0.004908716039998191,-32957.359349588194,-94.16388385596628,3860.7633928571427,0.7478885757071632,0.12474747474747475,9.557175114973829e-05,0.0005266330470996243,1.0,313.08142857142855,292.0,570.4000000000002,0,0,0,350,731.0,731.0,994.0,2715.0,2633.0,994.0,74730.0,0.0,0.0,595.0,232.0,113.0,54.0,133.0,383.0,178.0,300.0,0.4014084507042254,2.6488933601609657,0.5024263087877445,0.11009986768710901,0.019953245234767526,0.7667663494327388,0.6982429111207755,1.0457664445855293,18.718566305919456,0.03499022932463557,0.013359283152959547,0.40040241448692154,0.005030181086519115,96008.0,1326.0,1316.0,0.0,0.0,0.0,0.0,0.0,0.0,0.0,0.0,0.0,0.0,0.0,0.0,0.0,0.0,0.0,0.0,0.0,0.0,35.0,35.0,34.0,42.0,42.0,42.0,2.0,37.0,37.0,24.0,13.0,0.0,0.0,17.0,15.0,2.0,3.0,13.0,0.0,0.0,2.0,0.0,0.0,2.0,35.0,0.0,1823644.0,21810557.0,0.0,994.0,0.05731523378582202,76.0,35.0,0.0,7.0,34.0,0.0,655.0,0.0,3.0,7.0,34.0,0.0,0.0,0,0,0.0,16.867781155015198,0,0,0,0,0,0.0,0.0,0.0,0.0,0.0,0.0,0.0,0.0,,,-1.3419690338753412,133.88673214285714,137.4025,213.22000000000003,0,0.0,0.0,0.0,0.0,0.4407367419729073,6.523085117340088,11,810.0,0.0,0.0,1.0,0.6486486486486487,0.0,35,383.84285714285716,0.0,0.0,0.0,0.0,0.0,none,,,0.0,1.3294707661201701,3.8153077591772733,0.3523489932885906,0.0,0.0,0.9872468117029257,0.0015003750937734434,0.011252813203300824,0.35163969209288326,0.0,2.2054794520547945,0.0,0.03167420814479638,0.0,220.0,0.0,511.0,0.0,96008.0,23010.0,3.0,63.0,27.0,21576.0,0.0,0.0,83.0,27.0,0.0,0.0,4.0,0.0,2.0,2.0,2.0,0.0,37.0,29.0,1289.0,1287.0,15.0,0.0,0.0,0.0,0.0,7.0,0.0,6.0,350.0,0.7837837837837838,0.9984484096198604,313.08142857142855,0.0,78515.0,78.28015952143569
26,13,0,mappo,1610,1610,48088,,-28103.283691100798,-80.29509626028799,,,0.12373737373737373,,,1.0,290.0385714285714,250.0,521.45,0,0,0,350,652.0,652.0,962.0,3118.0,3053.0,962.0,66310.0,0.0,0.0,518.0,194.0,156.0,94.0,126.0,76.0,265.0,495.0,0.46153846153846156,3.1735966735966734,0.5443402380680592,0.10764212447282492,0.019278356052253573,0.7214174088412071,0.6637866963127051,1.588787111673685,30.153199145178313,0.04689660612558574,0.019076599572589153,0.448024948024948,0.015592515592515593,89101.0,1357.0,1342.0,0.0,0.0,0.0,0.0,0.0,0.0,0.0,0.0,0.0,0.0,1.0,0.0,0.0,0.0,0.0,0.0,0.0,1.0,21.0,21.0,2.0,24.0,24.0,24.0,6.0,34.0,34.0,26.0,5.0,0.0,3.0,18.0,12.0,6.0,4.0,5.0,3.0,0.0,2.0,2.0,0.0,6.0,21.0,0.0,1866402.0,22311162.0,0.0,962.0,0.01915991156963891,26.0,21.0,0.0,3.0,2.0,0.0,733.0,0.0,4.0,3.0,2.0,0.0,0.0,0,0,0.0,17.34426229508197,0,0,0,0,0,0.0,0.0,0.0,0.0,0.0,0.0,0.0,0.0,,,-1.3634000530174573,94.39848214285715,97.18187500000002,134.53750000000002,0,0.0,0.0,0.0,0.0,0.3779193889885095,6.1311750411987305,5,904.0,0.0,0.0,1.0,0.7647058823529411,0.0,35,405.1428571428571,0.0,0.0,0.0,0.0,0.0,none,,-420598407#2:1,0.0,1.3611565827904892,4.3331917043147445,0.4023494860499266,0.0,0.0,0.986764705882353,0.004411764705882353,0.008823529411764706,0.35434610034274105,0.0,2.4662000000000006,0.0,0.017686072218128224,0.0,136.0,0.0,516.0,0.0,89101.0,19907.0,6.0,78.0,47.0,22441.0,3.0,3.0,71.0,41.0,0.0,0.0,4.0,0.0,7.0,7.0,7.0,0.0,34.0,26.0,1323.0,1316.0,11.0,0.0,2.0,2.0,0.0,3.0,0.0,6.0,350.0,0.7647058823529411,0.9947089947089947,290.0385714285714,0.0,60841.0,55.360327570518656
27,14,1,mappo,0,1507,49595,0.0031036369618959725,-38877.23956171123,-111.07782731917493,1774.9222586495537,0.9726132580212185,0.12272727272727273,0.002309223916557127,0.07922739322696414,1.0,292.7214285714286,270.5,525.6,0,0,0,350,698.0,698.0,809.0,2563.0,2508.0,809.0,67068.0,0.0,0.0,430.0,192.0,122.0,65.0,16.0,216.0,248.0,329.0,0.4684796044499382,3.100123609394314,0.5198774982073399,0.0879097761475793,0.015726256855718598,0.7676637260742918,0.6920094989580925,1.5309895812031733,25.851646797162825,0.05062955448715534,0.016925823398581265,0.4684796044499382,0.009888751545117428,92369.0,1338.0,1330.0,0.0,0.0,0.0,0.0,0.0,0.0,0.0,0.0,0.0,0.0,0.0,0.0,0.0,0.0,0.0,0.0,0.0,0.0,37.0,37.0,24.0,57.0,57.0,57.0,1.0,50.0,50.0,26.0,20.0,0.0,4.0,28.0,27.0,1.0,0.0,20.0,4.0,0.0,2.0,1.0,0.0,1.0,37.0,0.0,1914531.0,22848376.0,0.0,809.0,0.06053811659192825,81.0,37.0,0.0,20.0,24.0,0.0,680.0,0.0,0.0,20.0,24.0,0.0,0.0,0,0,0.0,20.045112781954888,0,0,0,0,0,0.0,0.0,0.0,0.0,0.0,0.0,0.0,0.0,,,-1.4884423800698945,89.64207857142857,89.615,122.54500000000002,0,0.0,0.0,0.0,0.0,0.41761051782913416,8.217447185516356,31,793.0,0.0,0.0,1.0,0.52,0.0,35,353.25714285714287,0.0,0.0,0.0,0.0,0.0,none,,,0.0,1.4166854486761753,3.818509823993094,0.33064516129032256,0.0,0.0,0.979381443298969,0.0007363770250368188,0.019882179675994108,0.3358202233090595,0.0,2.1710720887245842,0.0,0.042600896860986545,0.0,179.0,0.0,519.0,0.0,92369.0,21371.0,22.0,108.0,61.0,24814.0,3.0,3.0,82.0,48.0,0.0,0.0,9.0,0.0,8.0,8.0,8.0,0.0,50.0,43.0,1288.0,1287.0,27.0,0.0,1.0,1.0,0.0,20.0,0.0,3.0,350.0,0.86,0.9992236024844721,292.7214285714286,0.0,90885.0,87.64223722275796
28,14,0,mappo,1548,1548,51143,,-20285.66407340928,-57.9590402097408,,,0.12171717171717171,,,1.0,244.03571428571428,222.25,465.75000000000006,0,0,0,350,615.0,615.0,937.0,2804.0,2674.0,937.0,52174.0,0.0,0.0,598.0,158.0,123.0,58.0,184.0,134.0,254.0,365.0,0.3617929562433298,2.853788687299893,0.7759932552443434,0.09551725479135073,0.017132672216602092,0.7388685348432754,0.6776937079340569,1.2111786843310512,21.973999990721847,0.038923136205034764,0.014986999995360729,0.3639274279615795,0.0032017075773745998,74593.0,1349.0,1342.0,0.0,0.0,0.0,0.0,0.0,0.0,0.0,0.0,0.0,0.0,0.0,0.0,0.0,0.0,0.0,0.0,0.0,0.0,32.0,32.0,4.0,49.0,49.0,49.0,0.0,38.0,38.0,19.0,17.0,0.0,2.0,24.0,24.0,0.0,4.0,17.0,2.0,0.0,5.0,0.0,0.0,0.0,32.0,0.0,1956612.0,23328718.0,0.0,937.0,0.039288361749444035,53.0,32.0,0.0,17.0,4.0,0.0,740.0,0.0,4.0,17.0,4.0,0.0,0.0,0,0,0.0,17.70193740685544,0,0,0,0,0,0.0,0.0,0.0,0.0,0.0,0.0,0.0,0.0,,,-1.3935199489601138,103.1354642857143,103.47625000000001,150.59,0,0.0,0.0,0.0,0.0,0.43639053585099646,6.059782981872559,2,866.0,0.0,0.0,1.0,0.5,0.0,35,304.45000000000005,0.0,0.0,0.0,0.0,0.0,none,,,0.0,1.1476972315674645,3.9650054991845316,0.46262341325811,0.0,0.0,0.9824304538799414,0.0,0.017569546120058566,0.34672972758253007,0.0,2.271203599550056,0.0,0.0363232023721275,0.0,138.0,0.0,477.0,0.0,74593.0,15724.0,5.0,106.0,71.0,22649.0,13.0,13.0,91.0,65.0,0.0,0.0,1.0,0.0,11.0,11.0,11.0,0.0,38.0,31.0,1311.0,1311.0,24.0,0.0,0.0,0.0,0.0,17.0,0.0,6.0,350.0,0.8157894736842105,1.0,244.03571428571428,0.0,30526.0,37.40931372549019
29,15,1,mappo,0,1624,52767,0.000982811829696099,-42715.25916285933,-122.0435976081695,1218.0744222005208,0.777029941479365,0.12070707070707071,0.0028764117276643595,0.023219719839592774,1.0,312.7814285714286,316.25,563.75,0,0,0,350,760.0,760.0,864.0,2362.0,2270.0,864.0,73195.0,0.0,0.0,523.0,186.0,128.0,27.0,103.0,258.0,361.0,142.0,0.39467592592592593,2.627314814814815,0.6352849508187285,0.08871281529880232,0.0158699132341469,0.7932067072467396,0.7406601642637893,1.1323887391031568,18.152083074932712,0.044516092218314214,0.013076041537466197,0.3912037037037037,0.006944444444444444,96523.0,1352.0,1323.0,68.0,68.0,0.0,0.0,0.0,0.0,68.0,0.0,0.0,0.0,0.0,0.0,0.0,0.0,0.0,0.0,0.0,0.0,32.0,32.0,26.0,39.0,39.0,39.0,17.0,44.0,44.0,26.0,18.0,0.0,0.0,36.0,19.0,17.0,0.0,18.0,0.0,0.0,1.0,0.0,0.0,17.0,32.0,0.0,2000522.0,23844193.0,0.0,864.0,0.04807692307692308,65.0,32.0,0.0,7.0,26.0,0.0,622.0,0.0,0.0,7.0,26.0,0.0,0.0,0,0,0.0,17.495842781557066,0,0,0,0,0,0.0,0.0,0.0,0.0,0.0,0.0,0.0,0.0,,,-1.4684531868595336,102.92440357142858,104.22125,162.84875000000002,0,0.0,0.0,0.0,0.0,0.5092734184420517,8.250824928283691,7,750.0,0.0,0.0,1.0,0.5909090909090909,0.0,35,308.85,0.0,0.0,0.0,0.0,0.0,none,,,0.05139833711262283,1.0565475352691438,3.107997467520747,0.4191304347826087,0.0,0.0007044953016379516,0.9735099337748344,0.012509197939661517,0.013980868285504048,0.3447749846831816,0.0,1.9280632411067193,0.0,0.028846153846153848,0.0,208.0,68.0,552.0,0.0,96523.0,27608.0,127.0,73.0,29.0,22890.0,1.0,1.0,30.0,21.0,0.0,0.0,9.0,0.0,9.0,9.0,6.0,0.0,44.0,32.0,1308.0,1291.0,19.0,0.0,0.0,0.0,0.0,7.0,0.0,7.0,350.0,0.7272727272727273,0.9870030581039755,312.7814285714286,0.0,127690.0,143.31088664421998
30,15,0,mappo,1699,1699,54466,,-133465.46016724224,-381.3298861921207,,,0.11969696969696969,,,0.9971428571428571,556.7621776504297,540.5,988.5,4,2,1,348,739.0,739.0,988.0,2651.0,2558.0,988.0,127166.0,0.0,0.0,686.0,154.0,90.0,58.0,286.0,157.0,222.0,323.0,0.305668016194332,2.5890688259109313,0.7189974016340276,0.12224649970875939,0.02186878363796046,0.8386601020812023,0.7699627819572866,0.949299160522054,18.039641071526667,0.04223090580898819,0.01301982053576308,0.3147773279352227,0.003036437246963563,179069.0,1610.0,1327.0,6.0,6.0,0.0,0.0,0.0,0.0,6.0,0.0,0.0,0.0,0.0,0.0,0.0,0.0,0.0,0.0,0.0,0.0,23.0,23.0,22.0,34.0,34.0,34.0,259.0,64.0,64.0,39.0,20.0,0.0,5.0,294.0,35.0,259.0,27.0,20.0,5.0,0.0,1.0,9.0,0.0,259.0,23.0,0.0,2101440.0,25020465.0,0.0,988.0,0.034782608695652174,56.0,23.0,0.0,11.0,22.0,0.0,922.0,0.0,27.0,11.0,22.0,0.0,0.0,0,0,0.0,23.041446872645064,0,0,0,0,0,0.0,0.0,0.0,0.0,0.0,0.0,0.0,0.0,,,-1.615671289968126,148.3838892857143,142.75125,211.21525000000003,1,0.0,0.0,0.0,0.0,0.6085366320400637,11.33684253692627,371,696.0,2.0,1.0,1.0,0.609375,0.0,35,535.5,0.0,0.0,0.0,0.0,0.0,none,,,0.00452147701582517,2.416785178302387,7.048302847309137,0.40229885057471265,0.0,3.3506637106366816e-05,0.8185185185185185,0.15987654320987654,0.021604938271604937,0.3370461993278988,0.0,1.961147086031452,0.0,0.02111801242236025,0.005714285714285714,165.0,6.0,574.0,0.0,179069.0,20228.0,123.0,190.0,138.0,41509.0,23.0,23.0,165.0,93.0,0.0,0.0,15.0,0.0,36.0,36.0,3.0,0.0,64.0,49.0,1546.0,1278.0,26.0,0.0,9.0,9.0,0.0,11.0,0.0,22.0,349.0,0.765625,0.8266494178525227,556.7621776504297,0.0028571428571428914,1234195.0,949.3807692307693
31,16,1,mappo,0,1477,55943,-0.010153220567320074,-93694.83856305465,-267.6995387515847,8436.015834263393,0.7352976884160723,0.11868686868686867,0.002358421409135122,0.015109722502529621,1.0,478.4957142857143,444.5,876.9000000000001,7,6,6,344,784.0,784.0,693.0,2141.0,2092.0,693.0,97748.0,0.0,0.0,427.0,137.0,100.0,29.0,40.0,162.0,236.0,255.0,0.3838383838383838,3.018759018759019,0.8840943371277695,0.10640872624120842,0.019035550412247536,0.7535987445146577,0.6278199705081585,1.1241617259345387,18.41132626378933,0.10151958723203444,0.013205663131894524,0.3823953823953824,0.011544011544011544,145517.0,1596.0,1340.0,0.0,0.0,0.0,0.0,0.0,0.0,0.0,0.0,0.0,0.0,0.0,0.0,0.0,0.0,0.0,0.0,0.0,0.0,15.0,15.0,2.0,33.0,33.0,33.0,253.0,38.0,38.0,18.0,14.0,0.0,6.0,274.0,21.0,253.0,0.0,14.0,6.0,0.0,1.0,0.0,0.0,253.0,15.0,0.0,2194724.0,26059660.0,0.0,693.0,0.021929824561403508,35.0,15.0,0.0,18.0,2.0,0.0,838.0,0.0,0.0,18.0,2.0,0.0,0.0,0,0,0.0,23.682089552238807,0,0,0,0,0,0.0,0.0,0.0,0.0,0.0,0.0,0.0,0.0,,,-1.752363761590558,120.72009999999999,123.75,165.59750000000003,0,0.0,0.0,0.0,0.0,0.5050962918734757,8.399231910705566,338,564.0,5.0,1.0,1.0,0.47368421052631576,0.0,35,519.9142857142857,0.0,0.0,0.0,0.0,0.0,none,,,0.0,1.9605680060250785,4.977587929548822,0.3055198973042362,0.0,0.0,0.8302354399008675,0.1567534076827757,0.013011152416356878,0.3501204241694529,0.0,2.072834645669291,0.0,0.020676691729323307,0.017142857142857144,223.0,0.0,561.0,0.0,145517.0,51152.0,3.0,87.0,52.0,41061.0,2.0,2.0,67.0,46.0,0.0,0.0,5.0,0.0,10.0,10.0,10.0,0.0,38.0,35.0,1558.0,1305.0,21.0,0.0,0.0,0.0,0.0,18.0,0.0,1.0,350.0,0.9210526315789473,0.8376123234916559,478.4957142857143,0.0,1142401.0,830.2332848837209
32,16,0,mappo,1647,1647,57590,,-54654.83652918043,-156.15667579765838,,,0.11767676767676767,,,1.0,365.3157142857143,360.75,649.05,4,2,2,348,718.0,718.0,929.0,2340.0,2232.0,929.0,85888.0,1.0,0.0,733.0,101.0,57.0,38.0,353.0,132.0,161.0,283.0,0.2109795479009688,2.402583423035522,0.7852258044179725,0.09550182591117237,0.017681087891042908,0.7631761826278063,0.7415076950875755,0.6839996078782253,11.200161638506263,0.0242207064865917,0.009664112976600608,0.2131324004305705,0.0,114038.0,1369.0,1334.0,0.0,0.0,0.0,0.0,0.0,0.0,0.0,0.0,0.0,0.0,0.0,0.0,0.0,0.0,0.0,0.0,0.0,0.0,55.0,55.0,54.0,63.0,63.0,63.0,25.0,68.0,68.0,52.0,12.0,0.0,4.0,43.0,18.0,25.0,0.0,12.0,4.0,0.0,2.0,0.0,0.0,25.0,55.0,0.0,2248211.0,26671648.0,0.0,929.0,0.08546384222059898,117.0,55.0,0.0,8.0,54.0,0.0,736.0,0.0,0.0,8.0,54.0,0.0,0.0,0,0,0.0,20.81559220389805,0,0,0,0,0,0.0,0.0,0.0,0.0,0.0,0.0,0.0,0.0,,,-1.5619131408569433,144.11157500000002,149.25500000000002,204.88275000000007,0,0.0,0.0,0.0,0.0,0.5502414859170205,9.653815269470215,12,701.0,2.0,0.0,1.0,0.7647058823529411,0.0,35,347.95000000000005,0.0,0.0,0.0,0.0,0.0,none,,,0.0,1.5611546796968507,4.1597682479978815,0.3643410852713178,0.0,0.0,0.9687726942628904,0.01815541031227306,0.013071895424836602,0.32474259055767796,0.0,1.928066528066528,0.0,0.04601899196493791,0.005714285714285714,196.0,0.0,522.0,0.0,114038.0,40667.0,7.0,84.0,24.0,26571.0,3.0,3.0,35.0,18.0,0.0,0.0,7.0,0.0,9.0,9.0,6.0,0.0,68.0,58.0,1301.0,1276.0,18.0,0.0,0.0,0.0,0.0,8.0,0.0,7.0,350.0,0.8529411764705882,0.9807840122982321,365.3157142857143,0.0,494508.0,510.328173374613
33,17,1,mappo,0,1143,58733,-0.012575605680467561,-31844.59278588583,-90.98455081681666,1517.5818328857422,0.6126728852589926,0.11666666666666667,0.0002564278533453053,0.12030175380641595,1.0,230.37285714285716,210.25,408.10000000000014,0,0,0,350,568.0,568.0,577.0,1895.0,1836.0,577.0,45038.0,0.0,0.0,396.0,93.0,62.0,26.0,3.0,177.0,109.0,288.0,0.31369150779896016,3.1819757365684573,1.2631501979234934,0.07620872602841625,0.0136330458827872,0.7862380913602417,0.720455070405527,1.0546618160473777,18.511550497902036,0.045563088961426204,0.013255775248950882,0.31022530329289427,0.005199306759098787,72178.0,1330.0,1308.0,1.0,1.0,0.0,0.0,0.0,0.0,1.0,0.0,0.0,0.0,8.0,2.0,4.0,0.0,0.0,0.0,4.0,4.0,34.0,34.0,6.0,53.0,53.0,53.0,11.0,69.0,69.0,47.0,22.0,0.0,0.0,41.0,30.0,11.0,2.0,22.0,0.0,0.0,5.0,3.0,0.0,11.0,34.0,0.0,2300404.0,27239680.0,0.0,577.0,0.0443609022556391,59.0,34.0,0.0,19.0,6.0,0.0,805.0,0.0,2.0,19.0,6.0,0.0,0.0,0,0,0.0,21.196483180428135,0,0,0,0,0,0.0,0.0,0.0,0.0,0.0,0.0,0.0,0.0,,,-1.5815076167474107,82.44727857142857,82.71375,121.19000000000004,0,0.0,0.0,0.0,0.0,0.4199582539318399,9.60153579711914,16,635.0,0.0,0.0,1.0,0.6811594202898551,0.0,35,268.0642857142857,2.0,4.0,0.0,0.0,0.0,aba_bounce,-420598407#2:2|420598407#0:2,-384178812#3:3|-420598407#2:1,0.0007645259938837921,1.751112021828332,5.001042937357156,0.3659574468085106,0.0,1.3854637147053118e-05,0.9696071163825055,0.00815418828762046,0.02223869532987398,0.3229679481444012,0.05128205128205128,2.111177170035672,0.0,0.03984962406015038,0.0,124.0,1.0,444.0,0.0,72178.0,20101.0,3.0,125.0,58.0,26090.0,2.0,2.0,97.0,54.0,0.0,0.0,7.0,0.0,19.0,19.0,19.0,0.0,69.0,58.0,1261.0,1250.0,30.0,0.0,3.0,2.0,0.0,19.0,0.0,11.0,350.0,0.8405797101449275,0.9912767644726408,230.37285714285716,0.0,98753.0,116.04347826086956
34,17,0,mappo,1666,1666,60399,,-51238.29223932077,-146.39512068377363,,,0.11565656565656565,,,1.0,328.61,328.75,570.6,0,0,0,350,801.0,801.0,867.0,1909.0,1765.0,867.0,70216.0,0.0,0.0,727.0,98.0,35.0,7.0,310.0,314.0,145.0,98.0,0.16147635524798154,2.035755478662053,0.9379774919155697,0.0849675115696321,0.015199912577704231,0.8422390666103899,0.829409825519982,0.5275286617116894,8.263619460461976,0.01774517589227838,0.00813180973023082,0.16147635524798154,0.0011534025374855825,101091.0,1418.0,1322.0,12.0,12.0,0.0,0.0,0.0,0.0,12.0,0.0,0.0,0.0,0.0,0.0,0.0,0.0,0.0,0.0,0.0,0.0,17.0,17.0,4.0,22.0,22.0,22.0,88.0,39.0,39.0,28.0,10.0,0.0,1.0,101.0,13.0,88.0,2.0,10.0,1.0,0.0,2.0,0.0,0.0,88.0,17.0,0.0,2359683.0,27923938.0,0.0,867.0,0.018335684062059238,26.0,17.0,0.0,5.0,4.0,0.0,634.0,0.0,2.0,5.0,4.0,0.0,0.0,0,0,0.0,19.568078668683814,0,0,0,0,0,0.0,0.0,0.0,0.0,0.0,0.0,0.0,0.0,,,-1.620259486586723,120.14203571428571,125.49374999999999,170.97499999999997,0,0.0,0.0,0.0,0.0,0.5131410967933855,7.902713298797607,24,594.0,0.0,0.0,1.0,0.717948717948718,0.0,35,320.25,0.0,0.0,0.0,0.0,0.0,none,,,0.009077155824508321,1.5083473462893342,4.691317017355019,0.4064625850340136,0.0,0.00011870492922218595,0.9290231904427266,0.06184118060435699,0.009135628952916374,0.3325811442010844,0.0,1.9148288973384031,0.0,0.015514809590973202,0.0,220.0,12.0,581.0,0.0,101091.0,23037.0,159.0,74.0,35.0,28932.0,3.0,3.0,35.0,31.0,0.0,0.0,4.0,0.0,5.0,5.0,5.0,0.0,39.0,27.0,1379.0,1295.0,13.0,4.0,0.0,0.0,0.0,5.0,0.0,5.0,350.0,0.6923076923076923,0.9390862944162437,328.61,0.0,313666.0,340.2017353579176
35,18,1,mappo,0,1519,61918,-0.014540830627083778,-43930.83438235967,-125.51666966388478,1248.1876373291016,0.5422405313168254,0.11464646464646464,0.0014427745414008328,0.02612429900494005,1.0,301.38142857142856,289.0,532.75,0,0,0,350,736.0,736.0,784.0,2263.0,2173.0,784.0,68985.0,0.0,0.0,536.0,136.0,81.0,31.0,75.0,204.0,330.0,175.0,0.3163265306122449,2.7716836734693877,1.0200654688310258,0.08341433510317334,0.014922063514989401,0.828986913859084,0.7836700155380734,0.8867889877221207,14.254953668509819,0.037942174765012916,0.011127476834254744,0.3201530612244898,0.002551020408163265,92068.0,1324.0,1295.0,32.0,32.0,0.0,0.0,0.0,0.0,32.0,0.0,0.0,0.0,0.0,0.0,0.0,0.0,0.0,0.0,0.0,0.0,24.0,25.0,21.0,40.0,40.0,40.0,23.0,51.0,51.0,30.0,21.0,0.0,0.0,45.0,22.0,23.0,0.0,21.0,0.0,0.0,1.0,0.0,0.0,23.0,25.0,0.0,2403420.0,28445403.0,0.0,784.0,0.04607250755287009,61.0,24.0,0.0,16.0,21.0,0.0,630.0,0.0,0.0,16.0,21.0,0.0,0.0,0,0,0.0,17.38146718146718,0,0,0,0,0,0.0,0.0,0.0,0.0,0.0,0.0,0.0,0.0,,,-1.5673400757035056,102.78487500000001,101.62562500000001,156.77637500000012,0,0.0,0.0,0.0,0.0,0.5479288082954852,9.936854362487793,9,658.0,0.0,0.0,1.0,0.5882352941176471,0.0,35,304.98571428571427,0.0,0.0,0.0,0.0,0.0,none,,,0.02471042471042471,1.4753921341819995,4.482138203112648,0.3747779751332149,0.0,0.00034756918799148457,0.9664179104477612,0.017164179104477612,0.016417910447761194,0.34045009070477494,0.0,2.037629757785467,0.0,0.030211480362537766,0.0,216.0,32.0,520.0,0.0,92068.0,28937.0,56.0,63.0,16.0,23179.0,0.0,0.0,20.0,8.0,0.0,0.0,6.0,0.0,11.0,11.0,11.0,0.0,51.0,45.0,1273.0,1250.0,22.0,0.0,0.0,0.0,0.0,16.0,0.0,5.0,350.0,0.8823529411764706,0.9819324430479183,301.38142857142856,0.0,187112.0,229.86732186732186
36,18,0,mappo,1605,1605,63523,,-115346.43380244593,-329.5612394355598,,,0.11363636363636363,,,0.9971428571428571,534.1819484240688,528.0,972.0,18,15,14,335,788.0,788.0,818.0,2315.0,2096.0,818.0,116364.0,0.0,0.0,623.0,111.0,59.0,25.0,137.0,307.0,151.0,223.0,0.23838630806845965,2.5623471882640585,1.325486096000176,0.10663013255410352,0.019075158036776195,0.8079353417008022,0.7291474939121302,0.6873953552559029,11.758632797356194,0.04435829384176145,0.009879316398677921,0.23838630806845965,0.0,166463.0,1648.0,1359.0,0.0,0.0,0.0,0.0,0.0,0.0,0.0,0.0,0.0,0.0,0.0,0.0,0.0,0.0,0.0,0.0,0.0,0.0,51.0,51.0,18.0,74.0,74.0,74.0,280.0,54.0,54.0,31.0,23.0,0.0,0.0,312.0,32.0,280.0,0.0,23.0,0.0,0.0,5.0,4.0,0.0,280.0,51.0,0.0,2501177.0,29652999.0,0.0,818.0,0.055825242718446605,92.0,51.0,0.0,23.0,18.0,0.0,904.0,0.0,0.0,23.0,18.0,0.0,0.0,0,0,0.0,23.919058130978662,0,0,0,0,0,0.0,0.0,0.0,0.0,0.0,0.0,0.0,0.0,,,-1.858570167237207,132.72897142857144,139.45874999999998,176.7050000000001,1,0.0,0.0,0.0,0.0,0.604490862756531,10.205404567718505,472,548.0,15.0,1.0,1.0,0.5740740740740741,0.0,35,517.1428571428571,0.0,0.0,0.0,0.0,0.0,none,,,0.0,2.6003579679434954,6.482578155060137,0.2602905569007264,0.0,0.0,0.8131736526946107,0.16766467065868262,0.019161676646706587,0.3412211923277788,0.0,1.9534090909090907,0.0,0.044902912621359224,0.04285714285714286,268.0,0.0,520.0,0.0,166463.0,55816.0,2.0,113.0,55.0,43766.0,1.0,1.0,86.0,43.0,0.0,0.0,6.0,0.0,13.0,13.0,13.0,0.0,54.0,37.0,1594.0,1322.0,28.0,12.0,4.0,4.0,0.0,23.0,0.0,9.0,349.0,0.6851851851851852,0.8293601003764115,534.1819484240688,0.0028571428571428914,1665325.0,1319.5919175911251
37,19,1,mappo,0,1731,65254,-0.0029570254302126596,-121239.6982103182,-346.3991377437663,6311.622251157408,0.609774790428303,0.11262626262626263,0.004733296923248543,0.05297157058871731,0.9971428571428571,538.1189111747851,558.5,950.1999999999999,4,3,2,347,802.0,802.0,938.0,2654.0,2527.0,938.0,113903.0,0.0,0.0,712.0,106.0,81.0,39.0,216.0,165.0,247.0,310.0,0.24093816631130063,2.6940298507462686,1.1167631437465835,0.10987953858763806,0.01965644696244855,0.8495355041931941,0.7905566626742705,0.6993891254408827,13.16694146979338,0.04122185025434808,0.010583470734896475,0.2537313432835821,0.0010660980810234541,159268.0,1647.0,1354.0,9.0,9.0,0.0,0.0,0.0,0.0,9.0,0.0,0.0,0.0,0.0,0.0,0.0,0.0,0.0,0.0,0.0,0.0,16.0,16.0,4.0,22.0,22.0,22.0,283.0,43.0,43.0,28.0,13.0,1.0,0.0,299.0,16.0,283.0,8.0,13.0,0.0,1.0,1.0,1.0,0.0,283.0,16.0,0.0,2589204.0,30702133.0,0.0,938.0,0.015786278081360048,26.0,16.0,0.0,6.0,4.0,0.0,853.0,0.0,8.0,6.0,4.0,0.0,0.0,0,0,0.0,18.632200886262925,0,0,0,0,0,0.0,0.0,0.0,0.0,0.0,0.0,0.0,0.0,,,-1.6327687070006045,140.5951,132.45374999999999,202.4385,1,0.0,0.0,0.0,0.0,0.6016208679394967,11.874252414703369,329,613.0,3.0,1.0,1.0,0.6511627906976745,0.0,35,469.6428571428571,0.0,0.0,0.0,0.0,0.0,none,,,0.0066469719350073855,2.9739016590835012,10.102507783473865,0.3617539585870889,0.0,5.650852650877766e-05,0.8190072639225182,0.17130750605326878,0.009685230024213076,0.3287702031240465,0.0,1.815577439570277,0.0,0.013357619914996965,0.008571428571428572,200.0,9.0,602.0,0.0,159268.0,32191.0,54.0,147.0,108.0,40784.0,13.0,13.0,105.0,71.0,0.0,0.0,9.0,0.0,40.0,40.0,6.0,0.0,43.0,33.0,1604.0,1321.0,15.0,1.0,1.0,1.0,0.0,6.0,0.0,7.0,349.0,0.7674418604651163,0.82356608478803,538.1189111747851,0.0028571428571428914,1402527.0,1107.8412322274883
38,19,0,mappo,1674,1674,66928,,-67202.2449022602,-192.0064140064577,,,0.11161616161616161,,,1.0,361.09,352.25,671.1,1,1,1,349,835.0,835.0,845.0,1952.0,1799.0,845.0,74379.0,0.0,0.0,698.0,85.0,52.0,10.0,245.0,332.0,182.0,86.0,0.1739644970414201,2.1289940828402365,1.0684769901650897,0.08705419239163752,0.01557320079920516,0.8190418916870151,0.8015018555363255,0.5798463207238164,8.781086160917077,0.02328860513776397,0.008390543080458363,0.1727810650887574,0.001183431952662722,112803.0,1494.0,1298.0,96.0,96.0,0.0,0.0,0.0,0.0,96.0,0.0,0.0,0.0,0.0,0.0,0.0,0.0,0.0,0.0,0.0,0.0,27.0,27.0,19.0,31.0,31.0,31.0,181.0,43.0,43.0,27.0,16.0,0.0,0.0,200.0,19.0,181.0,6.0,16.0,0.0,0.0,2.0,1.0,0.0,181.0,27.0,0.0,2663385.0,31571169.0,0.0,845.0,0.03346720214190094,50.0,27.0,0.0,4.0,19.0,0.0,696.0,0.0,6.0,4.0,19.0,0.0,0.0,0,0,0.0,19.41140215716487,0,0,0,0,0,0.0,0.0,0.0,0.0,0.0,0.0,0.0,0.0,,,-1.7459985174577812,118.9684,121.13874999999999,168.56625000000003,0,0.0,0.0,0.0,0.0,0.5378306841184692,9.23377799987793,48,563.0,1.0,0.0,1.0,0.627906976744186,0.0,35,373.32142857142856,0.0,0.0,0.0,0.0,0.0,none,,,0.07395993836671803,1.8062027147305255,4.702039361585634,0.3554868624420402,0.0,0.00085104119571288,0.8664886515353805,0.12082777036048065,0.012683578104138851,0.34198177739621705,0.0,1.999290276792051,0.0,0.020749665327978582,0.002857142857142857,258.0,96.0,577.0,0.0,112803.0,28212.0,278.0,69.0,32.0,33971.0,1.0,1.0,35.0,27.0,0.0,0.0,6.0,0.0,12.0,12.0,12.0,0.0,43.0,26.0,1451.0,1272.0,18.0,3.0,1.0,1.0,0.0,4.0,0.0,6.0,350.0,0.6046511627906976,0.8766368022053757,361.09,0.0,507003.0,522.6835051546392
39,20,1,mappo,0,1306,68234,-0.005255322127292554,-25449.117939815027,-72.71176554232865,2193.974365234375,0.5460872910916805,0.1106060606060606,0.00028864315152795267,0.00864399336084413,1.0,214.06142857142856,199.25,391.55000000000024,0,0,0,350,646.0,646.0,660.0,2033.0,1924.0,660.0,41888.0,1.0,0.0,501.0,84.0,47.0,28.0,61.0,184.0,165.0,250.0,0.2409090909090909,2.915151515151515,1.4873026312752204,0.07648000364389383,0.01371387784919617,0.766405062648383,0.7342896069089572,0.8857738855644708,15.78917569911573,0.04029424119028123,0.011894587849557691,0.24242424242424243,0.0030303030303030303,64848.0,1332.0,1305.0,9.0,9.0,0.0,0.0,0.0,0.0,9.0,0.0,0.0,0.0,0.0,0.0,0.0,0.0,0.0,0.0,0.0,0.0,52.0,52.0,30.0,65.0,65.0,65.0,18.0,55.0,55.0,36.0,17.0,0.0,2.0,40.0,22.0,18.0,0.0,17.0,2.0,0.0,3.0,0.0,0.0,18.0,52.0,0.0,2707032.0,32059477.0,0.0,660.0,0.07132132132132132,95.0,52.0,0.0,13.0,30.0,0.0,742.0,0.0,0.0,13.0,30.0,0.0,0.0,0,0,0.0,17.822988505747126,0,0,0,0,0,0.0,0.0,0.0,0.0,0.0,0.0,0.0,0.0,,,-1.5771269195744495,92.85896071428573,95.12375,135.60387500000004,0,0.0,0.0,0.0,0.0,0.40689077150949327,10.305588722229004,19,587.0,0.0,0.0,1.0,0.6545454545454545,0.0,35,271.76428571428573,0.0,0.0,0.0,0.0,0.0,none,,,0.006896551724137931,1.8705234952293839,5.717167147311992,0.3774436090225564,0.0,0.0001387860843819393,0.9702602230483272,0.013382899628252789,0.016356877323420074,0.34361025492396324,0.0,2.264868255959849,0.0,0.048798798798798795,0.0,163.0,9.0,483.0,0.0,64848.0,20450.0,11.0,93.0,42.0,23884.0,7.0,7.0,62.0,40.0,0.0,0.0,6.0,0.0,11.0,11.0,11.0,0.0,55.0,46.0,1277.0,1259.0,22.0,0.0,0.0,0.0,0.0,13.0,0.0,6.0,350.0,0.8363636363636363,0.9859044635865309,214.06142857142856,0.0,104721.0,128.020782396088
40,20,0,mappo,1409,1409,69643,,-87924.63363694167,-251.21323896269047,,,0.1095959595959596,,,1.0,466.53285714285715,437.25,858.2,10,10,10,340,673.0,673.0,738.0,2288.0,2229.0,738.0,100760.0,1.0,0.0,525.0,108.0,70.0,35.0,66.0,149.0,227.0,296.0,0.2886178861788618,3.0203252032520327,1.3229162067901798,0.11273603539580737,0.020167448028523303,0.7842757020620149,0.7065600705784834,0.9641645814507346,16.00616533008245,0.073058902692449,0.012003082665041062,0.2940379403794038,0.0027100271002710027,139369.0,1473.0,1331.0,15.0,15.0,0.0,0.0,0.0,0.0,15.0,0.0,0.0,0.0,0.0,0.0,0.0,0.0,0.0,0.0,0.0,0.0,27.0,27.0,18.0,37.0,37.0,37.0,133.0,60.0,60.0,42.0,13.0,0.0,5.0,152.0,19.0,133.0,2.0,13.0,5.0,0.0,1.0,0.0,0.0,133.0,27.0,0.0,2781799.0,32929257.0,0.0,738.0,0.0373387644263408,55.0,27.0,0.0,10.0,18.0,0.0,837.0,0.0,2.0,10.0,18.0,0.0,0.0,0,0,0.0,22.29977460555973,0,0,0,0,0,0.0,0.0,0.0,0.0,0.0,0.0,0.0,0.0,,,-1.6558228729596258,136.10163214285714,136.7,190.60125000000005,0,0.0,0.0,0.0,0.0,0.5440694528535244,8.138768005371093,307,608.0,10.0,0.0,1.0,0.7,0.0,35,488.96428571428567,0.0,0.0,0.0,0.0,0.0,none,,,0.011269722013523666,2.2513556926283678,5.679364745312647,0.2842242503259452,0.0,0.00010762795169657528,0.8975050573162509,0.08968307484828052,0.012811867835468645,0.33782686959949015,0.0,2.075929102344197,0.0,0.025118805159538356,0.02857142857142857,189.0,15.0,484.0,0.0,139369.0,52008.0,24.0,85.0,27.0,35120.0,0.0,0.0,49.0,23.0,0.0,0.0,2.0,0.0,9.0,9.0,5.0,0.0,60.0,51.0,1413.0,1280.0,19.0,0.0,0.0,0.0,0.0,10.0,0.0,2.0,350.0,0.85,0.9058740268931351,466.53285714285715,0.0,1433626.0,1130.6198738170347
41,21,1,mappo,0,1533,71176,-0.0043966993265106185,-39483.74058069338,-112.81068737340966,2474.0194651285806,0.6942274297277132,0.10858585858585859,0.0035215031118157416,0.04674039649156233,1.0,312.8985714285714,307.0,547.25,0,0,0,350,656.0,656.0,884.0,2365.0,2270.0,884.0,72504.0,0.0,0.0,641.0,136.0,69.0,38.0,115.0,386.0,149.0,234.0,0.2748868778280543,2.567873303167421,1.1783136218044552,0.09252249121842948,0.01662378224841323,0.8110153156615019,0.7762571633098082,0.5429166541259322,9.181230233063525,0.029690488234616782,0.008590615116531572,0.27601809954751133,0.0,95576.0,1310.0,1306.0,0.0,0.0,0.0,0.0,0.0,0.0,0.0,0.0,0.0,0.0,0.0,0.0,0.0,0.0,0.0,0.0,0.0,0.0,24.0,24.0,23.0,32.0,32.0,32.0,0.0,25.0,25.0,14.0,10.0,0.0,1.0,12.0,12.0,0.0,7.0,10.0,1.0,0.0,1.0,0.0,0.0,0.0,24.0,0.0,2825289.0,33421984.0,0.0,884.0,0.04198473282442748,55.0,24.0,0.0,8.0,23.0,0.0,712.0,0.0,7.0,8.0,23.0,0.0,0.0,0,0,0.0,18.830781010719754,0,0,0,0,0,0.0,0.0,0.0,0.0,0.0,0.0,0.0,0.0,,,-1.4762110088199827,138.45098214285716,142.39875,214.06125000000003,0,0.0,0.0,0.0,0.0,0.541900574463551,7.939438819885254,0,674.0,0.0,0.0,1.0,0.56,0.0,35,300.8142857142857,0.0,0.0,0.0,0.0,0.0,none,,,0.0,1.4785987904111666,3.808506834381407,0.33533834586466166,0.0,0.0,0.9908952959028832,0.0,0.009104704097116844,0.32933761543644247,0.0,1.9474755700325732,0.0,0.024427480916030534,0.0,177.0,0.0,479.0,0.0,95576.0,26257.0,10.0,39.0,20.0,23449.0,0.0,0.0,94.0,20.0,0.0,0.0,2.0,0.0,1.0,1.0,1.0,0.0,25.0,21.0,1285.0,1285.0,12.0,0.0,0.0,0.0,0.0,8.0,0.0,2.0,350.0,0.84,1.0,312.8985714285714,0.0,124075.0,146.31485849056602
42,21,0,mappo,1742,1742,72918,,-53653.20751638158,-153.2948786182331,,,0.10757575757575757,,,1.0,353.74142857142857,343.75,617.05,1,1,1,349,810.0,810.0,940.0,2168.0,1987.0,940.0,79569.0,0.0,0.0,743.0,136.0,47.0,14.0,270.0,385.0,193.0,92.0,0.20957446808510638,2.1138297872340424,1.0134137789461206,0.09396015306776191,0.016808614100854685,0.8376785226958863,0.7857327069690887,0.7243259963523914,11.198473697944365,0.021765270700945735,0.009599236848971977,0.20957446808510638,0.0010638297872340426,109588.0,1414.0,1335.0,64.0,64.0,0.0,0.0,0.0,0.0,64.0,0.0,0.0,0.0,0.0,0.0,0.0,0.0,0.0,0.0,0.0,0.0,24.0,24.0,5.0,36.0,36.0,36.0,67.0,44.0,44.0,21.0,22.0,0.0,1.0,91.0,24.0,67.0,8.0,22.0,1.0,0.0,0.0,1.0,0.0,67.0,24.0,0.0,2882543.0,34094719.0,0.0,940.0,0.028995756718528994,41.0,24.0,0.0,12.0,5.0,0.0,626.0,0.0,8.0,12.0,5.0,0.0,0.0,0,0,0.0,19.516104868913857,0,0,0,0,0,0.0,0.0,0.0,0.0,0.0,0.0,0.0,0.0,,,-1.54691696790336,122.51002142857143,119.96875,177.13375000000005,0,0.0,0.0,0.0,0.0,0.5207217032168395,8.671959638595576,24,671.0,1.0,0.0,1.0,0.4772727272727273,0.0,35,342.17857142857144,0.0,0.0,0.0,0.0,0.0,none,,,0.04794007490636704,1.399427703614605,4.63138231404871,0.43154246100519933,0.0,0.0005840055480527065,0.9361851332398317,0.046984572230014024,0.016830294530154277,0.3135648718393984,0.0,1.9393454545454547,0.0,0.02545968882602546,0.002857142857142857,215.0,64.0,595.0,0.0,109588.0,28012.0,219.0,110.0,70.0,27803.0,7.0,7.0,60.0,54.0,0.0,0.0,8.0,0.0,15.0,15.0,15.0,0.0,44.0,27.0,1370.0,1308.0,24.0,5.0,1.0,1.0,0.0,12.0,0.0,6.0,350.0,0.6136363636363636,0.9547445255474453,353.74142857142857,0.0,411477.0,429.06882168925966
43,22,1,mappo,0,1612,74530,-0.012555295189875844,-61062.3874842796,-174.46396424079884,1576.4055480957031,0.5845493802002498,0.10656565656565656,0.0025088728413273126,0.06678423744493298,1.0,351.5242857142857,324.5,702.8500000000001,2,1,1,349,711.0,711.0,901.0,2666.0,2583.0,901.0,76469.0,0.0,0.0,624.0,132.0,96.0,49.0,133.0,207.0,208.0,353.0,0.3074361820199778,2.866814650388457,1.09803918252113,0.09932177186686211,0.017838746265350085,0.7015668419329294,0.6833599568504869,0.8984998416113962,15.841842450777257,0.05679097040860007,0.011920921225388424,0.30965593784683687,0.0011098779134295228,109061.0,1357.0,1268.0,0.0,0.0,0.0,0.0,0.0,0.0,0.0,0.0,0.0,0.0,0.0,0.0,0.0,0.0,0.0,0.0,0.0,0.0,117.0,117.0,91.0,124.0,124.0,124.0,81.0,45.0,45.0,31.0,10.0,0.0,4.0,96.0,15.0,81.0,0.0,10.0,4.0,0.0,0.0,1.0,0.0,81.0,117.0,0.0,2944929.0,34821020.0,0.0,901.0,0.1584377302873987,215.0,117.0,0.0,7.0,91.0,0.0,736.0,0.0,0.0,7.0,91.0,0.0,0.0,0,0,0.0,20.73895899053628,0,0,0,0,0,0.0,0.0,0.0,0.0,0.0,0.0,0.0,0.0,,,-1.5860397076141601,126.1914642857143,131.52625,177.16375000000002,0,0.0,0.0,0.0,0.0,0.4302427383357136,10.22756290435791,27,751.0,1.0,0.0,1.0,0.6888888888888889,0.0,35,471.3285714285714,0.0,0.0,0.0,0.0,0.0,none,,,0.0,2.527205871634606,7.676962645841812,0.3385490753911807,0.0,0.0,0.9296187683284457,0.0593841642228739,0.010997067448680353,0.4005270457697643,0.0,2.3625577812018492,0.0,0.09137803979366249,0.002857142857142857,236.0,0.0,475.0,0.0,109061.0,21997.0,6.0,99.0,63.0,27932.0,10.0,10.0,91.0,57.0,0.0,0.0,5.0,0.0,9.0,9.0,9.0,0.0,45.0,37.0,1312.0,1231.0,15.0,0.0,1.0,1.0,0.0,7.0,0.0,2.0,350.0,0.8222222222222222,0.9382621951219512,351.5242857142857,0.0,853200.0,694.2229454841334
44,22,0,mappo,1393,1393,75923,,-31921.24093839323,-91.20354553826638,,,0.10555555555555556,,,1.0,254.97,248.75,467.6,0,0,0,350,704.0,704.0,689.0,2131.0,2005.0,689.0,53401.0,0.0,0.0,492.0,93.0,64.0,40.0,119.0,121.0,152.0,297.0,0.28592162554426703,2.9100145137880986,1.0077352999170217,0.07505448072802692,0.013426561918446229,0.7734647157706093,0.7423965636808398,0.7592820008586703,13.46635082031023,0.04334357608495287,0.010733175410154967,0.28156748911465895,0.0043541364296081275,79453.0,1336.0,1317.0,0.0,0.0,0.0,0.0,0.0,0.0,0.0,0.0,0.0,0.0,0.0,0.0,0.0,0.0,0.0,0.0,0.0,0.0,49.0,49.0,41.0,56.0,56.0,56.0,12.0,62.0,62.0,52.0,10.0,0.0,0.0,26.0,14.0,12.0,0.0,10.0,0.0,0.0,2.0,2.0,0.0,12.0,49.0,0.0,2994752.0,35350125.0,0.0,689.0,0.07260479041916168,97.0,49.0,0.0,7.0,41.0,0.0,724.0,0.0,0.0,7.0,41.0,0.0,0.0,0,0,0.0,20.22171602126044,0,0,0,0,0,0.0,0.0,0.0,0.0,0.0,0.0,0.0,0.0,,,-1.3794636566865932,103.16674285714286,106.25125000000001,159.44125,0,0.0,0.0,0.0,0.0,0.4853443545194773,7.470861530303938,5,605.0,0.0,0.0,1.0,0.8387096774193549,0.0,35,260.6642857142857,0.0,0.0,0.0,0.0,0.0,none,,,0.0,1.2332038836455035,3.4802922640653358,0.4026186579378069,0.0,0.0,0.9806403574087863,0.008935219657483246,0.010424422933730455,0.33659222013314083,0.0,2.0053266331658293,0.0,0.041916167664670656,0.0,203.0,0.0,501.0,0.0,79453.0,29363.0,0.0,97.0,35.0,25136.0,0.0,0.0,81.0,27.0,0.0,0.0,3.0,0.0,2.0,2.0,2.0,0.0,62.0,55.0,1274.0,1262.0,14.0,0.0,2.0,1.0,0.0,7.0,0.0,5.0,350.0,0.8870967741935484,0.9905808477237049,254.97,0.0,120921.0,152.48549810844892
45,23,1,mappo,0,1418,77341,-0.01738190620865983,-53516.27846452723,-152.90365275579208,1517.1073760986328,0.6818667650222778,0.10454545454545455,0.0006071084350575499,0.04733184496096025,1.0,303.6557142857143,294.0,520.0000000000001,1,0,0,350,714.0,714.0,704.0,1974.0,1931.0,704.0,66814.0,0.0,0.0,481.0,127.0,72.0,24.0,73.0,214.0,238.0,179.0,0.31676136363636365,2.742897727272727,1.0429560103750026,0.07844277721332302,0.014032697139720602,0.7984024567783556,0.7372934314718639,0.9708319043024404,15.834351814327503,0.04984726319464905,0.011917175907163584,0.3196022727272727,0.0,94748.0,1376.0,1324.0,3.0,3.0,0.0,0.0,0.0,0.0,3.0,0.0,0.0,0.0,0.0,0.0,0.0,0.0,0.0,0.0,0.0,0.0,9.0,9.0,7.0,22.0,22.0,22.0,44.0,45.0,45.0,27.0,16.0,0.0,2.0,65.0,21.0,44.0,0.0,16.0,2.0,0.0,3.0,0.0,0.0,44.0,9.0,0.0,3048408.0,35959935.0,0.0,704.0,0.021075581395348836,29.0,9.0,0.0,13.0,7.0,0.0,688.0,0.0,0.0,13.0,7.0,0.0,0.0,0,0,0.0,19.468277945619334,0,0,0,0,0,0.0,0.0,0.0,0.0,0.0,0.0,0.0,0.0,,,-1.5667450239571252,94.4026857142857,94.393125,140.12375,0,0.0,0.0,0.0,0.0,0.5346533778533337,10.713883399963379,0,656.0,0.0,0.0,1.0,0.6,0.0,35,293.71428571428567,0.0,0.0,0.0,0.0,0.0,none,,,0.0022658610271903325,2.37131662193388,9.016470527834091,0.31789137380191695,0.0,3.16629374762528e-05,0.953203743700504,0.03167746580273578,0.01511879049676026,0.31004139354921967,0.0,1.9375850340136058,0.0,0.015988372093023256,0.0,183.0,3.0,531.0,0.0,94748.0,25858.0,23.0,63.0,20.0,26130.0,0.0,0.0,40.0,15.0,0.0,0.0,10.0,0.0,8.0,8.0,8.0,0.0,45.0,37.0,1331.0,1287.0,21.0,0.0,0.0,0.0,0.0,13.0,0.0,6.0,350.0,0.8222222222222222,0.9669421487603306,303.6557142857143,0.0,292577.0,344.61366313309776
46,23,0,mappo,1526,1526,78867,,-28672.37663637268,-81.92107610392193,,,0.10353535353535354,,,1.0,256.1928571428571,268.5,450.3500000000001,0,0,0,350,695.0,695.0,831.0,2447.0,2345.0,831.0,55960.0,0.0,0.0,567.0,124.0,87.0,53.0,177.0,129.0,190.0,335.0,0.3176895306859206,2.8219013237063777,0.9199150180271529,0.08464732859619903,0.015142634809106839,0.7593149777757346,0.7093480787409199,0.9151156163308853,16.054212913221413,0.042948533812056974,0.012027106456610528,0.3212996389891697,0.0012033694344163659,78884.0,1307.0,1297.0,1.0,1.0,0.0,0.0,0.0,0.0,1.0,0.0,0.0,0.0,0.0,0.0,0.0,0.0,0.0,0.0,0.0,0.0,60.0,60.0,45.0,68.0,68.0,68.0,1.0,59.0,59.0,47.0,9.0,0.0,3.0,18.0,17.0,1.0,0.0,9.0,3.0,0.0,3.0,2.0,0.0,1.0,60.0,0.0,3091691.0,36453447.0,0.0,831.0,0.0864575363427697,113.0,60.0,0.0,8.0,45.0,0.0,705.0,0.0,0.0,8.0,45.0,0.0,0.0,0,0,0.0,18.66846569005397,0,0,0,0,0,0.0,0.0,0.0,0.0,0.0,0.0,0.0,0.0,,,-1.4316143739147151,110.74655357142858,115.29875000000003,171.335,0,0.0,0.0,0.0,0.0,0.4446343459494781,7.641071128845211,8,616.0,0.0,0.0,1.0,0.7966101694915254,0.0,35,275.79999999999995,0.0,0.0,0.0,0.0,0.0,none,,,0.0007710100231303007,1.3181095689596343,3.70142600467359,0.38205980066445183,0.0,1.2676841945134629e-05,0.9863117870722433,0.0007604562737642585,0.012927756653992395,0.3552556946496779,0.0,1.8869646182495345,0.0,0.05202754399387911,0.0,204.0,1.0,491.0,0.0,78884.0,25036.0,5.0,79.0,24.0,23378.0,0.0,0.0,80.0,18.0,0.0,0.0,1.0,0.0,3.0,3.0,3.0,0.0,59.0,50.0,1248.0,1247.0,17.0,0.0,2.0,1.0,0.0,8.0,0.0,5.0,350.0,0.847457627118644,0.999198717948718,256.1928571428571,0.0,71464.0,82.33179723502305
47,24,1,mappo,0,1774,80641,-0.008657065893722964,-106266.39658738309,-303.6182759639517,2634.348393031529,0.6719366759061813,0.10252525252525252,0.004587236296310923,0.08310458045785449,1.0,562.6242857142857,562.75,1002.1000000000001,10,8,8,342,845.0,845.0,940.0,2704.0,2481.0,940.0,124164.0,0.0,0.0,637.0,178.0,95.0,30.0,155.0,305.0,204.0,276.0,0.3223404255319149,2.6393617021276596,1.0079121707007288,0.13970953441680745,0.024992761086236607,0.8261259698170297,0.7124278499566494,0.9262142337477404,15.917462569220547,0.05332078187538189,0.011958731284610098,0.324468085106383,0.0,168338.0,1595.0,1325.0,0.0,0.0,0.0,0.0,0.0,0.0,0.0,0.0,0.0,0.0,0.0,0.0,0.0,0.0,0.0,0.0,0.0,0.0,62.0,62.0,33.0,78.0,78.0,78.0,246.0,72.0,72.0,50.0,18.0,0.0,4.0,286.0,40.0,246.0,11.0,18.0,4.0,0.0,2.0,16.0,0.0,246.0,62.0,0.0,3177324.0,37524824.0,0.0,940.0,0.06959247648902821,111.0,62.0,0.0,16.0,33.0,0.0,807.0,0.0,11.0,16.0,33.0,0.0,0.0,0,0,0.0,21.211320754716983,0,0,0,0,0,0.0,0.0,0.0,0.0,0.0,0.0,0.0,0.0,,,-1.7230341330269912,159.03900000000002,163.82,199.69125,0,0.0,0.0,0.0,0.0,0.5500357008542699,8.408533096313477,160,694.0,8.0,0.0,1.0,0.6944444444444444,0.0,35,533.7785714285715,0.0,0.0,0.0,0.0,0.0,none,,,0.0,2.1327809223068805,5.02396740021927,0.33469945355191255,0.0,0.0,0.8224705152079453,0.1527001862197393,0.024829298572315334,0.33187163362362737,0.0,1.897112394491337,0.0,0.04890282131661442,0.022857142857142857,286.0,0.0,559.0,0.0,168338.0,54004.0,14.0,152.0,85.0,39359.0,7.0,7.0,92.0,75.0,0.0,0.0,8.0,0.0,10.0,10.0,10.0,0.0,72.0,58.0,1523.0,1267.0,24.0,6.0,16.0,16.0,0.0,16.0,0.0,21.0,350.0,0.8055555555555556,0.8319107025607354,562.6242857142857,0.0,1086685.0,778.9856630824373
48,24,0,mappo,1533,1533,82174,,-58265.877569332784,-166.47393591237937,,,0.1015151515151515,,,1.0,338.59285714285716,342.25,580.5,0,0,0,350,759.0,759.0,774.0,2172.0,2084.0,774.0,74972.0,0.0,0.0,533.0,141.0,82.0,18.0,88.0,211.0,326.0,149.0,0.31136950904392763,2.6925064599483206,0.9406099512942078,0.08289354503424284,0.014828898880187933,0.8000504970261755,0.7567205568270166,0.9124062521584421,14.788829009951085,0.047080497147102704,0.01139441450497538,0.313953488372093,0.002583979328165375,105178.0,1397.0,1358.0,43.0,43.0,0.0,0.0,0.0,0.0,43.0,0.0,0.0,0.0,0.0,0.0,0.0,0.0,0.0,0.0,0.0,0.0,23.0,23.0,14.0,37.0,37.0,37.0,29.0,47.0,47.0,25.0,22.0,0.0,0.0,53.0,24.0,29.0,0.0,22.0,0.0,0.0,0.0,2.0,0.0,29.0,23.0,0.0,3235258.0,38167491.0,0.0,774.0,0.03650680028632784,51.0,23.0,0.0,14.0,14.0,0.0,668.0,0.0,0.0,14.0,14.0,0.0,0.0,0,0,0.0,21.456553755522826,0,0,0,0,0,0.0,0.0,0.0,0.0,0.0,0.0,0.0,0.0,,,-1.616082946253987,103.71864642857142,101.20250000000001,155.46625000000003,0,0.0,0.0,0.0,0.0,0.5669081811213791,8.976051425933836,21,637.0,0.0,0.0,1.0,0.5319148936170213,0.0,36,285.5,0.0,0.0,0.0,0.0,0.0,none,,,0.03166421207658321,1.6881878382052333,5.166815116840785,0.41118421052631576,0.0,0.0004088307440719542,0.96243798724309,0.020552799433026223,0.01700921332388377,0.29781385747134737,0.0,1.7875091307523738,0.0,0.026485325697924122,0.0,220.0,43.0,539.0,0.0,105178.0,29661.0,48.0,76.0,31.0,27698.0,0.0,0.0,38.0,23.0,0.0,0.0,5.0,0.0,5.0,5.0,2.0,0.0,47.0,39.0,1350.0,1319.0,22.0,0.0,2.0,2.0,0.0,14.0,0.0,7.0,350.0,0.8297872340425532,0.977037037037037,338.59285714285716,0.0,120491.0,139.61877172653533
49,25,1,mappo,0,1481,83655,-0.011287930596154183,-41643.892725774305,-118.98255064506944,1201.2818044026692,0.5986096834143003,0.1005050505050505,0.002459448646162247,0.0575041095726192,1.0,325.10714285714283,320.75,571.8000000000001,0,0,0,350,650.0,650.0,843.0,2170.0,2065.0,843.0,74853.0,1.0,0.0,647.0,98.0,72.0,26.0,283.0,141.0,176.0,243.0,0.232502965599051,2.449584816132859,0.9702634716656143,0.09993207580625374,0.01828158526567572,0.8232212114730056,0.7936124185261495,0.7413071891198544,12.378816138911542,0.02476608537294317,0.01028184092262144,0.232502965599051,0.0,99428.0,1311.0,1287.0,0.0,0.0,0.0,0.0,0.0,0.0,0.0,0.0,0.0,0.0,0.0,0.0,0.0,0.0,0.0,0.0,0.0,0.0,37.0,37.0,34.0,45.0,45.0,45.0,14.0,44.0,44.0,29.0,15.0,0.0,0.0,32.0,18.0,14.0,12.0,15.0,0.0,0.0,3.0,0.0,0.0,14.0,37.0,0.0,3281797.0,38681062.0,0.0,843.0,0.060259344012204424,79.0,37.0,0.0,8.0,34.0,0.0,726.0,0.0,12.0,8.0,34.0,0.0,0.0,0,0,0.0,19.322455322455323,0,0,0,0,0,0.0,0.0,0.0,0.0,0.0,0.0,0.0,0.0,,,-1.4231643980624953,135.59834642857143,137.53375,200.20250000000001,0,0.0,0.0,0.0,0.0,0.5360488542641104,7.994954204559323,4,693.0,0.0,0.0,1.0,0.6590909090909091,0.0,35,317.75,0.0,0.0,0.0,0.0,0.0,none,,,0.0,1.3073814571098439,3.8741586209640433,0.3537313432835821,0.0,0.0,0.9757391963608795,0.01061410159211524,0.013646702047005308,0.33238701213100863,0.0,1.9386593920498831,0.0,0.034324942791762014,0.0,140.0,0.0,510.0,0.0,99428.0,26261.0,12.0,61.0,22.0,24182.0,0.0,0.0,35.0,20.0,0.0,0.0,2.0,0.0,5.0,5.0,3.0,0.0,44.0,34.0,1267.0,1253.0,18.0,0.0,0.0,0.0,0.0,8.0,0.0,6.0,350.0,0.7727272727272727,0.988950276243094,325.10714285714283,0.0,121935.0,139.83371559633028
50,25,0,mappo,1832,1832,85487,,-105690.38646422508,-301.9725327549288,,,0.0994949494949495,,,1.0,492.17857142857144,466.75,883.6500000000001,10,9,9,341,949.0,949.0,888.0,2580.0,2468.0,888.0,105180.0,2.0,0.0,642.0,104.0,91.0,51.0,160.0,210.0,184.0,334.0,0.27702702702702703,2.779279279279279,1.2893768750332497,0.11942440458061593,0.021387945354060345,0.7791240836686648,0.7483909801319912,0.9458644995632627,17.097100260387478,0.043890446001770764,0.012548550130193507,0.27815315315315314,0.0,153892.0,1620.0,1344.0,23.0,23.0,0.0,0.0,0.0,0.0,23.0,0.0,0.0,0.0,0.0,0.0,0.0,0.0,0.0,0.0,0.0,0.0,321.0,322.0,297.0,330.0,330.0,330.0,264.0,64.0,64.0,45.0,17.0,0.0,2.0,285.0,21.0,264.0,4.0,17.0,2.0,0.0,0.0,2.0,0.0,264.0,322.0,0.0,3375935.0,39830907.0,0.0,888.0,0.387037037037037,627.0,321.0,0.0,9.0,297.0,0.0,992.0,0.0,4.0,9.0,297.0,0.0,0.0,0,0,0.0,21.881696428571427,0,0,0,0,0,0.0,0.0,0.0,0.0,0.0,0.0,0.0,0.0,,,-1.631129273800931,141.7676142857143,147.8075,189.06512500000008,0,0.0,0.0,0.0,0.0,0.5803579796587135,12.23538875579834,197,726.0,9.0,0.0,1.0,0.703125,0.0,35,500.3785714285714,0.0,0.0,0.0,0.0,0.0,none,,,0.01711309523809524,3.4189577307839216,9.795278420005952,0.24918032786885247,0.0,0.00014945546227224286,0.8250460405156538,0.16206261510128914,0.01289134438305709,0.3467982957902702,0.0,2.041403320835565,0.0,0.2037037037037037,0.025714285714285714,456.0,23.0,493.0,0.0,153892.0,40563.0,28.0,119.0,59.0,42325.0,10.0,10.0,85.0,53.0,0.0,0.0,4.0,0.0,9.0,9.0,9.0,0.0,64.0,42.0,1556.0,1302.0,21.0,10.0,2.0,2.0,0.0,9.0,0.0,8.0,350.0,0.65625,0.8367609254498715,492.17857142857144,0.0,1923609.0,1574.1481178396073
51,26,1,mappo,0,1476,86963,-9.525389495221052e-05,-87955.2338828416,-251.30066823669029,4397.555619673295,0.6837628267028115,0.09848484848484848,0.00659898146643007,0.09254913641647859,1.0,432.3757142857143,430.5,792.1500000000001,5,5,5,345,815.0,815.0,662.0,1953.0,1831.0,662.0,74361.0,0.0,0.0,491.0,105.0,47.0,19.0,63.0,198.0,232.0,169.0,0.2583081570996979,2.7658610271903323,1.2777893233740438,0.10181354023966364,0.018213513505636655,0.8245720442980978,0.7440933166718915,0.8983038693883416,14.776607797617583,0.060101957594148596,0.011388303898808657,0.2598187311178248,0.0030211480362537764,127332.0,1678.0,1325.0,2.0,2.0,0.0,0.0,0.0,0.0,2.0,0.0,0.0,0.0,0.0,0.0,0.0,0.0,0.0,0.0,0.0,0.0,30.0,30.0,6.0,47.0,47.0,47.0,337.0,66.0,66.0,44.0,20.0,0.0,2.0,370.0,33.0,337.0,1.0,20.0,2.0,0.0,4.0,7.0,0.0,337.0,30.0,0.0,3479700.0,41050554.0,0.0,662.0,0.03158522050059595,53.0,30.0,0.0,17.0,6.0,0.0,888.0,0.0,1.0,17.0,6.0,0.0,0.0,0,0,0.0,22.342641509433964,0,0,0,0,0,0.0,0.0,0.0,0.0,0.0,0.0,0.0,0.0,,,-1.9088226158350552,116.97014285714286,120.0375,157.13250000000002,0,0.0,0.0,0.0,0.0,0.5198232744805172,7.904247283935547,188,554.0,5.0,0.0,1.0,0.6666666666666666,0.0,35,424.6,0.0,0.0,0.0,0.0,0.0,none,,,0.0015094339622641509,2.4179859853204655,5.5529395135621975,0.2722772277227723,0.0,1.5706970753620458e-05,0.7817109144542773,0.19882005899705016,0.019469026548672566,0.33352460374362614,0.0,1.90267131242741,0.0,0.02800953516090584,0.014285714285714285,302.0,2.0,513.0,0.0,127332.0,51009.0,7.0,121.0,54.0,47028.0,7.0,7.0,56.0,44.0,0.0,0.0,16.0,0.0,3.0,3.0,3.0,0.0,66.0,45.0,1612.0,1280.0,31.0,7.0,7.0,7.0,0.0,17.0,0.0,14.0,350.0,0.6818181818181818,0.794044665012407,432.3757142857143,0.0,683757.0,589.9542709232097
52,26,0,mappo,1420,1420,88383,,-56880.67403554434,-162.5162115301267,,,0.09747474747474746,,,1.0,316.1642857142857,320.75,534.0,0,0,0,350,742.0,742.0,679.0,1958.0,1924.0,679.0,68363.0,0.0,0.0,468.0,117.0,78.0,16.0,61.0,182.0,245.0,191.0,0.31075110456553756,2.833578792341679,1.1748623528870286,0.07835070882404062,0.014016227021028832,0.8063351575597923,0.7253225172083929,0.93790754493875,15.622930163260417,0.04643271558676142,0.011811465081630054,0.3122238586156112,0.004418262150220913,97929.0,1401.0,1336.0,29.0,29.0,0.0,0.0,0.0,0.0,29.0,0.0,0.0,0.0,0.0,0.0,0.0,0.0,0.0,0.0,0.0,0.0,23.0,23.0,13.0,37.0,37.0,37.0,52.0,55.0,55.0,31.0,19.0,0.0,4.0,79.0,27.0,52.0,1.0,19.0,4.0,0.0,4.0,0.0,0.0,52.0,23.0,0.0,3536591.0,41683822.0,0.0,679.0,0.03568879371877231,50.0,23.0,0.0,14.0,13.0,0.0,688.0,0.0,1.0,14.0,13.0,0.0,0.0,0,0,0.0,20.28443113772455,0,0,0,0,0,0.0,0.0,0.0,0.0,0.0,0.0,0.0,0.0,,,-1.6688809845909898,96.19050714285714,94.72874999999999,141.61749999999998,0,0.0,0.0,0.0,0.0,0.567414007705767,10.83875560760498,60,623.0,0.0,0.0,1.0,0.5636363636363636,0.0,36,272.55555555555554,0.0,0.0,0.0,0.0,0.0,none,,,0.021706586826347306,2.5993774511531225,8.581126967657966,0.33386581469648563,0.0,0.00029613291262036784,0.9441301272984441,0.036775106082036775,0.019094766619519095,0.3034356976642858,0.0,1.78012470771629,0.0,0.026409707351891507,0.0,201.0,29.0,541.0,0.0,97929.0,23976.0,35.0,94.0,47.0,28172.0,0.0,0.0,63.0,42.0,0.0,0.0,9.0,0.0,11.0,11.0,10.0,0.0,55.0,42.0,1346.0,1294.0,27.0,0.0,0.0,0.0,0.0,14.0,0.0,7.0,349.0,0.7636363636363637,0.9613670133729569,316.1642857142857,0.0,352516.0,422.6810551558753
53,27,1,mappo,0,1708,90091,0.009145731286315078,-79064.25146160292,-225.8978613188655,2755.689630681818,0.6427663564682007,0.09646464646464646,0.0032003329145388966,0.05663678955964067,1.0,430.4357142857143,417.75,774.25,0,0,0,350,872.0,872.0,836.0,2195.0,2058.0,836.0,99306.0,0.0,0.0,604.0,136.0,69.0,27.0,151.0,312.0,209.0,164.0,0.27751196172248804,2.4617224880382773,0.9397375878463522,0.11625761628756968,0.02079742685746865,0.8830355489938453,0.81454638423817,0.8075768344699543,12.48276351215808,0.03296376033823961,0.010241381756078851,0.2822966507177033,0.0,128247.0,1379.0,1308.0,13.0,13.0,0.0,0.0,0.0,0.0,13.0,0.0,0.0,0.0,0.0,0.0,0.0,0.0,0.0,0.0,0.0,0.0,110.0,110.0,102.0,125.0,125.0,125.0,64.0,60.0,60.0,39.0,20.0,0.0,1.0,86.0,22.0,64.0,0.0,20.0,1.0,0.0,0.0,1.0,0.0,64.0,110.0,0.0,3591813.0,42333672.0,0.0,836.0,0.1646120377084844,227.0,110.0,0.0,15.0,102.0,0.0,617.0,0.0,0.0,15.0,102.0,0.0,0.0,0,0,0.0,18.857798165137616,0,0,0,0,0,0.0,0.0,0.0,0.0,0.0,0.0,0.0,0.0,,,-1.580107897072664,136.43345714285715,135.61874999999998,197.020875,0,0.0,0.0,0.0,0.0,0.6018355709132838,10.325263977050781,2,609.0,0.0,0.0,1.0,0.65,0.0,35,410.40714285714284,0.0,0.0,0.0,0.0,0.0,none,,,0.009938837920489297,1.5772882854323882,4.462346009367233,0.35379061371841153,0.0,0.0001013668935725592,0.9383070301291249,0.04591104734576758,0.015781922525107604,0.32385197723237247,0.0,1.9725912627169364,0.0,0.09064539521392313,0.0,330.0,13.0,542.0,0.0,128247.0,26024.0,96.0,80.0,25.0,26562.0,0.0,0.0,29.0,18.0,0.0,0.0,16.0,0.0,19.0,19.0,16.0,0.0,60.0,53.0,1319.0,1255.0,21.0,1.0,1.0,1.0,0.0,15.0,0.0,3.0,350.0,0.8833333333333333,0.9514783927217589,430.4357142857143,0.0,225103.0,228.0678824721378
54,27,0,mappo,1381,1381,91472,,-40257.441670553424,-115.02126191586693,,,0.09545454545454546,,,1.0,257.61285714285714,222.0,512.0,0,0,0,350,679.0,679.0,702.0,1990.0,1881.0,702.0,53688.0,0.0,0.0,529.0,104.0,54.0,15.0,131.0,148.0,238.0,185.0,0.24643874643874644,2.6794871794871793,1.375571381629702,0.07135679681740298,0.012765079913820084,0.7768833226500413,0.7074739891621802,0.8359224269327186,13.655253913518216,0.0330687577417651,0.01082762695675894,0.245014245014245,0.002849002849002849,80244.0,1364.0,1311.0,11.0,11.0,0.0,0.0,0.0,0.0,11.0,0.0,0.0,0.0,0.0,0.0,0.0,0.0,0.0,0.0,0.0,0.0,42.0,42.0,27.0,56.0,56.0,56.0,43.0,60.0,60.0,39.0,20.0,0.0,1.0,67.0,24.0,43.0,0.0,20.0,1.0,0.0,3.0,0.0,0.0,43.0,42.0,0.0,3642627.0,42906640.0,0.0,702.0,0.06085043988269795,83.0,42.0,0.0,14.0,27.0,0.0,734.0,0.0,0.0,14.0,27.0,0.0,0.0,0,0,0.0,18.591914569031275,0,0,0,0,0,0.0,0.0,0.0,0.0,0.0,0.0,0.0,0.0,,,-1.5993621719155586,90.95752857142858,95.208125,133.49612500000003,0,0.0,0.0,0.0,0.0,0.5283740508455255,8.231082916259766,2,606.0,0.0,0.0,1.0,0.65,0.0,36,347.41666666666663,0.0,0.0,0.0,0.0,0.0,none,,,0.008390541571319604,2.2392828108078886,6.296967827618595,0.332824427480916,0.0,0.00013708190020437664,0.951378809869376,0.031204644412191583,0.01741654571843251,0.3657749209183532,0.0,2.5352477477477486,0.0,0.04105571847507331,0.0,185.0,11.0,494.0,0.0,80244.0,19988.0,14.0,103.0,41.0,25567.0,2.0,2.0,78.0,37.0,0.0,0.0,13.0,0.0,9.0,9.0,9.0,0.0,60.0,50.0,1304.0,1261.0,24.0,0.0,0.0,0.0,0.0,14.0,0.0,5.0,350.0,0.8333333333333334,0.9670245398773006,257.61285714285714,0.0,195438.0,261.2807486631016
55,28,1,mappo,0,1475,92947,-0.008693231163003171,-42082.73039699692,-120.23637256284835,1714.3098907470703,0.5564285814762115,0.09444444444444444,0.0011817061674748257,0.01623546369955875,0.9971428571428571,282.18911174785103,226.0,550.0,5,4,3,346,702.0,702.0,774.0,2136.0,2051.0,774.0,58181.0,1.0,0.0,591.0,118.0,50.0,15.0,136.0,190.0,257.0,191.0,0.2364341085271318,2.649870801033592,1.4426809980964783,0.07718007903526843,0.013834357128998394,0.7292199752339251,0.7178427900454795,0.8903690174482434,14.345088330388084,0.037958739620413226,0.011172544165193869,0.2441860465116279,0.0012919896640826874,87702.0,1441.0,1350.0,1.0,1.0,0.0,0.0,0.0,0.0,1.0,0.0,0.0,0.0,0.0,0.0,0.0,0.0,0.0,0.0,0.0,0.0,35.0,35.0,29.0,42.0,42.0,42.0,85.0,33.0,33.0,23.0,9.0,0.0,1.0,98.0,13.0,85.0,0.0,9.0,1.0,0.0,3.0,0.0,0.0,85.0,35.0,0.0,3699194.0,43545179.0,0.0,774.0,0.049271339347675226,71.0,35.0,0.0,7.0,29.0,0.0,793.0,0.0,0.0,7.0,29.0,0.0,0.0,0,0,0.0,18.32148148148148,0,0,0,0,0,0.0,0.0,0.0,0.0,0.0,0.0,0.0,0.0,,,-1.5432654206589165,101.64198214285716,102.713125,149.52499999999998,1,0.0,0.0,0.0,0.0,0.4907720664276741,9.205423355102532,22,587.0,4.0,1.0,1.0,0.696969696969697,0.0,36,401.1388888888889,0.0,0.0,0.0,0.0,0.0,none,,,0.0007407407407407407,1.8847434392559521,5.222607011129018,0.34823848238482386,0.0,1.1402248523408816e-05,0.9323204419889503,0.05870165745856354,0.008977900552486187,0.3725101187294513,0.0,2.696017699115044,0.0,0.02914642609299098,0.011428571428571429,205.0,1.0,497.0,0.0,87702.0,31310.0,3.0,68.0,38.0,28893.0,4.0,4.0,42.0,26.0,0.0,0.0,2.0,0.0,9.0,9.0,2.0,0.0,33.0,27.0,1408.0,1323.0,13.0,0.0,0.0,0.0,0.0,7.0,0.0,6.0,350.0,0.8181818181818182,0.9396306818181818,282.18911174785103,0.0028571428571428914,547459.0,628.540757749713
56,28,0,mappo,1479,1479,94426,,-74424.71410305556,-212.64204029444448,,,0.09343434343434343,,,0.9971428571428571,380.474212034384,362.0,712.0,3,1,0,349,639.0,639.0,842.0,2566.0,2471.0,842.0,78581.0,1.0,0.0,580.0,112.0,89.0,61.0,125.0,182.0,158.0,377.0,0.31116389548693585,2.9346793349168645,1.11485687121218,0.09828416833592106,0.017582141037011684,0.762643383174356,0.7481002421461205,0.9309096343327665,16.169864600847834,0.058859893372708236,0.012084932300423698,0.3159144893111639,0.0,118317.0,1500.0,1339.0,0.0,0.0,0.0,0.0,0.0,0.0,0.0,0.0,0.0,0.0,0.0,0.0,0.0,0.0,0.0,0.0,0.0,0.0,15.0,15.0,1.0,30.0,30.0,30.0,155.0,66.0,66.0,46.0,13.0,0.0,5.0,176.0,21.0,155.0,1.0,13.0,5.0,0.0,2.0,1.0,0.0,155.0,15.0,0.0,3776111.0,44459012.0,0.0,842.0,0.020666666666666667,31.0,15.0,0.0,15.0,1.0,0.0,877.0,0.0,1.0,15.0,1.0,0.0,0.0,0,0,0.0,22.486183719193427,0,0,0,0,0,0.0,0.0,0.0,0.0,0.0,0.0,0.0,0.0,,,-1.5665548648421308,122.67807857142859,125.44749999999999,172.66500000000005,1,0.0,0.0,0.0,0.0,0.5494617577767241,10.563233375549316,30,728.0,1.0,1.0,1.0,0.696969696969697,0.0,35,421.57142857142856,0.0,0.0,0.0,0.0,0.0,none,,,0.0,2.6830179119744075,7.917897263633662,0.28004956629491945,0.0,0.0,0.8836748182419035,0.1024454725710509,0.013879709187045605,0.36538917241833424,0.0,2.125690607734806,0.0,0.02,0.002857142857142857,129.0,0.0,510.0,0.0,118317.0,31537.0,8.0,131.0,73.0,34808.0,15.0,15.0,118.0,65.0,0.0,0.0,6.0,0.0,16.0,16.0,16.0,0.0,66.0,57.0,1434.0,1282.0,21.0,3.0,1.0,1.0,0.0,15.0,0.0,3.0,348.0,0.8636363636363636,0.8940027894002789,380.474212034384,0.0028571428571428914,1145215.0,1109.7044573643411
57,29,1,mappo,0,1283,95709,0.016423235575740155,-61528.22025769836,-175.7949150219953,2874.495342548077,0.7232769544308002,0.09242424242424241,0.003359121024042216,0.07364825041104968,1.0,312.97285714285715,282.5,609.1500000000001,0,0,0,350,640.0,640.0,643.0,1998.0,1893.0,643.0,58691.0,0.0,0.0,451.0,93.0,67.0,32.0,90.0,120.0,169.0,264.0,0.2986003110419907,2.944012441679627,1.0656084022940966,0.08185045882656845,0.014675457343570656,0.6540051609463121,0.6465012242273076,0.9023589034353999,15.448875630543817,0.048476068931355656,0.011724437815271748,0.2986003110419907,0.0,99259.0,1448.0,1290.0,3.0,3.0,0.0,0.0,0.0,0.0,3.0,0.0,0.0,0.0,0.0,0.0,0.0,0.0,0.0,0.0,0.0,0.0,19.0,19.0,11.0,29.0,29.0,29.0,154.0,67.0,67.0,56.0,10.0,0.0,1.0,168.0,14.0,154.0,0.0,10.0,1.0,0.0,1.0,2.0,0.0,154.0,19.0,0.0,3855113.0,45311182.0,0.0,643.0,0.027624309392265192,40.0,19.0,0.0,10.0,11.0,0.0,848.0,0.0,0.0,10.0,11.0,0.0,0.0,0,0,0.0,21.753488372093024,0,0,0,0,0,0.0,0.0,0.0,0.0,0.0,0.0,0.0,0.0,,,-1.5838248581126162,101.66638214285715,104.72375,150.3725,0,0.0,0.0,0.0,0.0,0.5411157512231244,8.994287490844727,84,552.0,0.0,0.0,1.0,0.835820895522388,0.0,35,390.1857142857143,0.0,0.0,0.0,0.0,0.0,none,,,0.002325581395348837,2.4310378777050903,6.426992308411994,0.27549668874172184,0.0,3.0223959540192828e-05,0.8845360824742268,0.10584192439862543,0.009621993127147767,0.3798913122152472,0.0,2.317433628318584,0.0,0.020027624309392266,0.0,137.0,3.0,503.0,0.0,99259.0,21710.0,6.0,140.0,72.0,35640.0,15.0,15.0,113.0,56.0,0.0,0.0,1.0,0.0,10.0,10.0,7.0,0.0,67.0,51.0,1381.0,1239.0,13.0,13.0,2.0,2.0,0.0,10.0,0.0,4.0,347.0,0.7611940298507462,0.8971759594496741,312.97285714285715,0.0,670308.0,781.2447552447552
58,29,0,mappo,1298,1298,97007,,-101883.28963056504,-291.0951132301858,,,0.09141414141414142,,,0.9942857142857143,426.4439655172414,402.75,787.15,7,3,1,347,753.0,753.0,547.0,1624.0,1551.0,547.0,81978.0,0.0,0.0,374.0,97.0,58.0,18.0,65.0,130.0,182.0,170.0,0.3162705667276051,2.835466179159049,1.1593464904446054,0.09600454051272307,0.01717433630160211,0.7827785438440835,0.7382564004204173,0.9497964441141051,16.35769192011043,0.06448605182192034,0.01217884596005512,0.31444241316270566,0.003656307129798903,130883.0,1597.0,1324.0,0.0,0.0,0.0,0.0,0.0,0.0,0.0,0.0,0.0,0.0,0.0,0.0,0.0,0.0,0.0,0.0,0.0,0.0,103.0,103.0,84.0,112.0,112.0,112.0,271.0,36.0,36.0,26.0,8.0,0.0,2.0,282.0,11.0,271.0,0.0,8.0,2.0,0.0,1.0,0.0,0.0,271.0,103.0,0.0,3950805.0,46414574.0,0.0,547.0,0.12273011897307451,196.0,103.0,0.0,9.0,84.0,0.0,951.0,0.0,0.0,9.0,84.0,0.0,0.0,0,0,0.0,22.128398791540786,0,0,0,0,0,0.0,0.0,0.0,0.0,0.0,0.0,0.0,0.0,,,-1.7009314809207714,112.79876071428572,117.698125,148.59375,2,0.0,0.0,0.0,0.0,0.5701651848062822,12.878608703613281,330,486.0,3.0,2.0,1.0,0.7222222222222222,0.0,35,493.6928571428572,0.0,0.0,0.0,0.0,0.0,none,,,0.0,3.216851964463189,12.427599539937352,0.2608695652173913,0.0,0.0,0.8241895261845387,0.16895261845386533,0.00685785536159601,0.36171270970703895,0.0,2.223525760397268,0.0,0.07013149655604257,0.008571428571428572,266.0,0.0,487.0,0.0,130883.0,35947.0,2.0,127.0,96.0,41273.0,2.0,2.0,133.0,88.0,0.0,0.0,2.0,0.0,9.0,9.0,9.0,0.0,36.0,34.0,1561.0,1290.0,11.0,0.0,0.0,0.0,0.0,9.0,0.0,1.0,348.0,0.9444444444444444,0.8263933376040999,426.4439655172414,0.005714285714285672,1273050.0,1133.6153161175423
59,30,1,mappo,0,1293,98300,-0.005897301818347639,-20960.685525502857,-59.887672930008165,4538.031955295139,0.630479805999332,0.0904040404040404,0.0013556522130980673,0.033374132898946605,1.0,210.36428571428573,197.25,403.1,0,0,0,350,616.0,616.0,682.0,2155.0,2024.0,682.0,41575.0,0.0,0.0,481.0,111.0,56.0,34.0,97.0,107.0,199.0,279.0,0.29472140762463345,2.967741935483871,1.3921348888678284,0.08645774212958089,0.015497762108319971,0.7428144299127489,0.7052813368109314,1.0424930711098583,18.883674548825528,0.03501727301459369,0.013441837274412562,0.29472140762463345,0.001466275659824047,65358.0,1300.0,1286.0,0.0,0.0,0.0,0.0,0.0,0.0,0.0,0.0,0.0,0.0,1.0,0.0,1.0,0.0,0.0,0.0,1.0,0.0,42.0,42.0,24.0,48.0,48.0,48.0,6.0,59.0,59.0,47.0,8.0,0.0,4.0,20.0,14.0,6.0,5.0,8.0,4.0,0.0,2.0,0.0,0.0,6.0,42.0,0.0,3996063.0,46894298.0,0.0,682.0,0.055384615384615386,72.0,42.0,0.0,6.0,24.0,0.0,744.0,0.0,5.0,6.0,24.0,0.0,0.0,0,0,0.0,19.220062208398133,0,0,0,0,0,0.0,0.0,0.0,0.0,0.0,0.0,0.0,0.0,,,-1.3924015074373224,96.12758214285714,98.17750000000001,145.65250000000003,0,0.0,0.0,0.0,0.0,0.48383104323269244,8.007796287536621,14,627.0,0.0,0.0,1.0,0.7966101694915254,0.0,35,254.73571428571427,0.0,1.0,0.0,0.0,0.0,aba_bounce,-420598407#2:1,,0.0,1.57524063186364,4.977587929548822,0.36390977443609024,0.0,0.0,0.9846860643185299,0.004594180704441042,0.010719754977029096,0.36373123396246543,0.0,2.223320659062104,0.0,0.036923076923076927,0.0,150.0,0.0,466.0,0.0,65358.0,15879.0,11.0,124.0,73.0,23835.0,7.0,7.0,97.0,69.0,0.0,0.0,3.0,0.0,4.0,4.0,4.0,0.0,59.0,51.0,1241.0,1235.0,14.0,0.0,0.0,0.0,0.0,6.0,0.0,4.0,350.0,0.864406779661017,0.9951651893634166,210.36428571428573,0.0,84751.0,124.81737849779087
60,30,0,mappo,1568,1568,99868,,-122325.07219944503,-349.50020628412864,,,0.08939393939393939,,,1.0,502.50142857142856,497.25,914.3000000000001,1,1,1,349,742.0,742.0,826.0,2304.0,2144.0,826.0,111228.0,0.0,0.0,598.0,122.0,78.0,28.0,185.0,192.0,221.0,228.0,0.27602905569007263,2.595641646489104,1.1091224408322904,0.08162011962032202,0.014601094708563737,0.8408120421390557,0.7824327667349764,0.7642885905188785,13.399391077232229,0.0396582445269352,0.010699695538615918,0.274818401937046,0.0036319612590799033,158754.0,1514.0,1326.0,52.0,52.0,0.0,0.0,0.0,0.0,52.0,0.0,0.0,0.0,0.0,0.0,0.0,0.0,0.0,0.0,0.0,0.0,35.0,35.0,20.0,52.0,52.0,52.0,173.0,66.0,66.0,42.0,22.0,0.0,2.0,205.0,32.0,173.0,0.0,22.0,2.0,0.0,1.0,7.0,0.0,173.0,35.0,0.0,4088555.0,48032292.0,0.0,826.0,0.047556142668428,72.0,35.0,0.0,17.0,20.0,0.0,806.0,0.0,0.0,17.0,20.0,0.0,0.0,0,0,0.0,23.770739064856713,0,0,0,0,0,0.0,0.0,0.0,0.0,0.0,0.0,0.0,0.0,,,-1.873555245477895,99.9187,104.16375000000002,148.71000000000004,0,0.0,0.0,0.0,0.0,0.5504255008247959,11.418603610992436,551,590.0,1.0,0.0,1.0,0.6363636363636364,0.0,35,491.8785714285714,0.0,0.0,0.0,0.0,0.0,none,,,0.0392156862745098,2.900741839332174,8.533425746933608,0.2888283378746594,0.0,0.0003275508018695592,0.8661005878510777,0.11299804049640758,0.020901371652514697,0.3519147757524905,0.0,1.9710407239819006,0.0,0.034346103038309116,0.002857142857142857,224.0,52.0,518.0,0.0,158754.0,46724.0,385.0,134.0,73.0,35862.0,11.0,11.0,77.0,52.0,0.0,0.0,4.0,0.0,12.0,12.0,12.0,0.0,66.0,47.0,1448.0,1279.0,26.0,10.0,7.0,7.0,0.0,17.0,0.0,11.0,350.0,0.7121212121212122,0.8832872928176796,502.50142857142856,0.0,437868.0,345.86729857819904
61,31,1,mappo,0,1511,101379,-0.04392264923080802,-96184.66923982422,-274.81334068521204,7358.131683349609,0.6172966659069061,0.08838383838383838,0.0046029328476796805,0.06772096882923506,1.0,470.0414285714286,451.5,937.2,16,11,11,339,684.0,684.0,832.0,2364.0,2236.0,832.0,102018.0,0.0,0.0,655.0,74.0,72.0,31.0,186.0,187.0,160.0,299.0,0.2127403846153846,2.6875,1.4753516043464725,0.11051874694217426,0.01984767030360392,0.7691846734736688,0.7607835827825161,0.7171300096942782,13.361472511216842,0.03151101061515735,0.01068073625560819,0.21394230769230768,0.002403846153846154,148670.0,1554.0,1296.0,1.0,1.0,0.0,0.0,0.0,0.0,1.0,0.0,0.0,0.0,0.0,0.0,0.0,0.0,0.0,0.0,0.0,0.0,97.0,97.0,83.0,115.0,115.0,115.0,247.0,59.0,59.0,34.0,19.0,0.0,6.0,276.0,29.0,247.0,5.0,19.0,6.0,0.0,4.0,0.0,0.0,247.0,97.0,0.0,4179175.0,49092852.0,0.0,832.0,0.1274131274131274,198.0,97.0,0.0,18.0,83.0,0.0,958.0,0.0,5.0,18.0,83.0,0.0,0.0,0,0,0.0,23.320987654320987,0,0,0,0,0,0.0,0.0,0.0,0.0,0.0,0.0,0.0,0.0,,,-1.6795624570021568,143.0795107142857,148.114375,188.00125000000003,0,0.0,0.0,0.0,0.0,0.5679998818647114,9.203399658203125,206,654.0,11.0,0.0,1.0,0.576271186440678,0.0,35,555.9142857142857,0.0,0.0,0.0,0.0,0.0,none,,,0.0007716049382716049,2.8188957135859622,7.228454158365622,0.24807056229327454,0.0,6.7263065850541465e-06,0.8244274809160306,0.15712468193384224,0.018447837150127225,0.37428899667115756,0.0,2.200609080841639,0.0,0.074002574002574,0.03142857142857143,207.0,1.0,477.0,0.0,148670.0,36665.0,13.0,134.0,79.0,40695.0,18.0,18.0,126.0,75.0,0.0,0.0,5.0,0.0,10.0,10.0,10.0,0.0,59.0,45.0,1495.0,1251.0,29.0,3.0,0.0,0.0,0.0,18.0,0.0,6.0,350.0,0.7627118644067796,0.8367892976588629,470.0414285714286,0.0,1907027.0,1564.4191960623461
62,31,0,mappo,1575,1575,102954,,-41401.52110727099,-118.29006030648856,,,0.08737373737373737,,,1.0,293.17285714285714,267.0,555.6000000000001,0,0,0,350,743.0,743.0,832.0,2567.0,2370.0,832.0,65478.0,0.0,0.0,597.0,102.0,92.0,41.0,168.0,97.0,260.0,307.0,0.2824519230769231,2.8485576923076925,1.164453332222855,0.08810971295035695,0.015762023871782452,0.7458781593461306,0.6720482480640595,1.046448420649305,18.76069779743725,0.04792411352568007,0.01338034889871843,0.2824519230769231,0.002403846153846154,91101.0,1328.0,1317.0,0.0,0.0,0.0,0.0,0.0,0.0,0.0,0.0,0.0,0.0,0.0,0.0,0.0,0.0,0.0,0.0,0.0,0.0,26.0,26.0,14.0,39.0,39.0,39.0,8.0,30.0,30.0,17.0,12.0,0.0,1.0,24.0,16.0,8.0,0.0,12.0,1.0,0.0,3.0,0.0,0.0,8.0,26.0,0.0,4227945.0,49638366.0,0.0,832.0,0.039909638554216864,53.0,26.0,0.0,13.0,14.0,0.0,610.0,0.0,0.0,13.0,14.0,0.0,0.0,0,0,0.0,19.987851176917236,0,0,0,0,0,0.0,0.0,0.0,0.0,0.0,0.0,0.0,0.0,,,-1.4905006004677184,101.67778928571431,108.90125,155.92875,0,0.0,0.0,0.0,0.0,0.4807472995874643,7.649080276489258,0,688.0,0.0,0.0,1.0,0.5666666666666667,0.0,35,381.4571428571429,0.0,0.0,0.0,0.0,0.0,none,,,0.0,1.721398898612705,5.097327823972388,0.3736842105263158,0.0,0.0,0.9821029082774049,0.005965697240865026,0.011931394481730051,0.3630536418230659,0.0,2.3334269662921354,0.0,0.029367469879518073,0.0,191.0,0.0,552.0,0.0,91101.0,28182.0,0.0,69.0,38.0,24390.0,0.0,0.0,89.0,34.0,0.0,0.0,3.0,0.0,6.0,6.0,6.0,0.0,30.0,27.0,1298.0,1290.0,16.0,0.0,0.0,0.0,0.0,13.0,0.0,3.0,350.0,0.9,0.9938366718027735,293.17285714285714,0.0,204740.0,229.52914798206277
63,32,1,mappo,0,1520,104474,0.000625204893627337,-179440.63200209136,-512.6875200059753,18973.002476283484,0.6687893526894706,0.08636363636363636,0.003381317361959489,0.05214296913306628,0.9857142857142858,741.3333333333334,803.5,1239.7,16,8,3,342,817.0,817.0,708.0,2008.0,1946.0,708.0,181239.0,0.0,0.0,459.0,140.0,76.0,33.0,3.0,348.0,181.0,176.0,0.3516949152542373,2.748587570621469,1.485435205201308,0.11450512698814694,0.020483922585581908,0.8342649733363572,0.7497761396659632,0.716488305220421,12.378916294823037,0.04705887646107679,0.01018945814741137,0.3432203389830508,0.009887005649717515,227332.0,1579.0,1358.0,4.0,4.0,0.0,0.0,0.0,0.0,4.0,0.0,0.0,0.0,0.0,0.0,0.0,0.0,0.0,0.0,0.0,0.0,33.0,33.0,23.0,40.0,40.0,40.0,202.0,45.0,45.0,34.0,8.0,1.0,2.0,228.0,26.0,202.0,3.0,8.0,2.0,1.0,3.0,12.0,0.0,202.0,33.0,0.0,4317802.0,50651642.0,0.0,708.0,0.039898670044331855,63.0,33.0,0.0,7.0,23.0,0.0,791.0,0.0,3.0,7.0,23.0,0.0,0.0,0,0,0.0,22.56480117820324,0,0,0,0,0,0.0,0.0,0.0,0.0,0.0,0.0,0.0,0.0,,,-1.7318476212862894,144.92337857142857,148.01125,197.46250000000003,5,0.0,0.0,0.0,0.0,0.62914261683579,13.152539253234863,822,585.0,8.0,5.0,1.0,0.7555555555555555,0.0,35,505.88571428571436,0.0,0.0,0.0,0.0,0.0,none,,,0.0029455081001472753,1.99838630359327,4.551718385043566,0.28304405874499333,0.0,1.7595411116780745e-05,0.8562421185372006,0.1273644388398487,0.01639344262295082,0.30672046483795934,0.0,1.6013690105787182,0.0,0.0253324889170361,0.022857142857142857,179.0,4.0,638.0,0.0,227332.0,46832.0,12.0,110.0,70.0,39424.0,29.0,29.0,91.0,47.0,0.0,0.0,15.0,0.0,18.0,18.0,5.0,0.0,45.0,38.0,1534.0,1320.0,14.0,0.0,12.0,12.0,0.0,7.0,0.0,17.0,350.0,0.8444444444444444,0.8604954367666232,741.3333333333334,0.014285714285714235,1119085.0,683.2020757020757
64,32,0,mappo,1643,1643,106117,,-86367.68687957095,-246.764819655917,,,0.08535353535353535,,,1.0,457.37,456.0,824.75,9,7,7,343,770.0,770.0,873.0,2583.0,2468.0,873.0,99452.0,1.0,0.0,561.0,159.0,102.0,51.0,159.0,163.0,221.0,330.0,0.35738831615120276,2.8270332187857963,0.8809876323155931,0.12789908529420352,0.02295324382855464,0.8119683539130024,0.7646304588479002,1.214883802660279,21.93283295556519,0.04801919311291688,0.014966416477782374,0.3516609392898053,0.0057273768613974796,143050.0,1558.0,1317.0,0.0,0.0,0.0,0.0,0.0,0.0,0.0,0.0,0.0,0.0,0.0,0.0,0.0,0.0,0.0,0.0,0.0,0.0,162.0,162.0,140.0,175.0,175.0,175.0,238.0,48.0,48.0,35.0,12.0,0.0,1.0,254.0,16.0,238.0,0.0,12.0,1.0,0.0,3.0,0.0,0.0,238.0,162.0,0.0,4402153.0,51663536.0,0.0,873.0,0.20218228498074453,315.0,162.0,0.0,13.0,140.0,0.0,933.0,0.0,0.0,13.0,140.0,0.0,0.0,0,0,0.0,20.61807137433561,0,0,0,0,0,0.0,0.0,0.0,0.0,0.0,0.0,0.0,0.0,,,-1.5871940967575795,135.03240714285715,136.96437500000002,189.35750000000004,0,0.0,0.0,0.0,0.0,0.5808769236111464,9.411972045898438,45,726.0,7.0,0.0,1.0,0.7291666666666666,0.0,35,450.6285714285714,0.0,0.0,0.0,0.0,0.0,none,,,0.0,2.5777240822167147,6.127321315158023,0.2828054298642534,0.0,0.0,0.838319541693189,0.1514958625079567,0.010184595798854232,0.3418179003022159,0.0,1.936622807017544,0.0,0.1123234916559692,0.02,278.0,0.0,492.0,0.0,143050.0,34370.0,2.0,117.0,71.0,38381.0,13.0,13.0,110.0,66.0,0.0,0.0,2.0,0.0,8.0,8.0,8.0,0.0,48.0,44.0,1510.0,1273.0,16.0,1.0,0.0,0.0,0.0,13.0,0.0,3.0,350.0,0.9166666666666666,0.8430463576158941,457.37,0.0,1484568.0,1294.305143853531
65,33,1,mappo,0,1355,107472,-0.012527796536839256,-48916.985563498245,-139.76281589570928,4559.82758585612,0.7207779238621393,0.08434343434343435,0.0019076142665549096,0.07741603382358637,1.0,325.0042857142857,313.5,580.6,0,0,0,350,649.0,649.0,714.0,2078.0,2017.0,714.0,70789.0,0.0,0.0,461.0,135.0,80.0,38.0,14.0,276.0,245.0,179.0,0.3543417366946779,2.8249299719887957,1.4732313946317308,0.09584910383693226,0.017146530137879968,0.7402636077181965,0.6963813494609183,0.7678005582246703,13.503516311796398,0.05299427690360589,0.010751758155898072,0.35014005602240894,0.004201680672268907,101928.0,1427.0,1345.0,0.0,0.0,0.0,0.0,0.0,0.0,0.0,0.0,0.0,0.0,3.0,2.0,3.0,0.0,0.0,0.0,3.0,0.0,38.0,38.0,34.0,48.0,48.0,48.0,29.0,40.0,40.0,23.0,12.0,0.0,4.0,92.0,63.0,29.0,8.0,12.0,4.0,0.0,3.0,44.0,0.0,29.0,38.0,0.0,4462086.0,52311901.0,0.0,714.0,0.05746320953048353,82.0,38.0,0.0,10.0,34.0,0.0,814.0,0.0,8.0,10.0,34.0,0.0,0.0,0,0,0.0,21.773234200743495,0,0,0,0,0,0.0,0.0,0.0,0.0,0.0,0.0,0.0,0.0,,,-1.5772263491182674,129.05724642857143,134.72812500000003,181.56175000000005,0,0.0,0.0,0.0,0.0,0.47961107803799186,7.0862531661987305,10,667.0,0.0,0.0,1.0,0.575,0.0,35,326.20000000000005,2.0,3.0,0.0,0.0,0.0,aba_bounce,939613200#0:2|-1088321123#1:1,,0.0,1.7630169468426071,4.630180988797536,0.3240152477763659,0.0,0.0,0.935933147632312,0.0201949860724234,0.04387186629526462,0.30856707070110856,0.1,1.965071770334928,0.0,0.03363700070077085,0.0,198.0,0.0,451.0,0.0,101928.0,33305.0,13.0,104.0,71.0,30329.0,71.0,71.0,172.0,54.0,0.0,0.0,9.0,0.0,23.0,23.0,11.0,0.0,40.0,30.0,1387.0,1315.0,20.0,0.0,44.0,44.0,0.0,10.0,0.0,50.0,349.0,0.75,0.9480894015861572,325.0042857142857,0.0,147964.0,148.5582329317269
66,33,0,mappo,1622,1622,109094,,-45617.55493453957,-130.33587124154164,,,0.08333333333333334,,,1.0,342.8014285714286,322.5,614.05,0,0,0,350,702.0,702.0,921.0,2272.0,2180.0,921.0,81660.0,1.0,0.0,712.0,88.0,75.0,46.0,355.0,150.0,139.0,277.0,0.2269272529858849,2.3669923995656896,0.9056985590538166,0.09717875696419376,0.017754771771975243,0.7979609999850182,0.8235043881543943,0.72517131251516,11.813215327605375,0.014800606990773053,0.010036388930179553,0.2280130293159609,0.0,107632.0,1355.0,1329.0,2.0,2.0,0.0,0.0,0.0,0.0,2.0,0.0,0.0,0.0,1.0,0.0,1.0,0.0,0.0,0.0,1.0,0.0,32.0,32.0,30.0,39.0,39.0,39.0,17.0,53.0,53.0,40.0,11.0,0.0,2.0,33.0,16.0,17.0,1.0,11.0,2.0,0.0,3.0,0.0,0.0,17.0,32.0,0.0,4511286.0,52860270.0,0.0,921.0,0.05092250922509225,69.0,32.0,0.0,7.0,30.0,0.0,703.0,0.0,1.0,7.0,30.0,0.0,0.0,0,0,0.0,19.481565086531226,0,0,0,0,0,0.0,0.0,0.0,0.0,0.0,0.0,0.0,0.0,,,-1.3898006818904156,142.0231142857143,150.065,205.47000000000003,0,0.0,0.0,0.0,0.0,0.4822764222048315,7.480057048797607,7,596.0,0.0,0.0,1.0,0.7547169811320755,0.0,35,372.8714285714286,0.0,1.0,0.0,0.0,0.0,aba_bounce,939613200#0:1,,0.0015048908954100827,1.3898539649184274,4.122644434208018,0.4125984251968504,0.0,1.8581834398691837e-05,0.9757709251101322,0.012481644640234948,0.011747430249632892,0.33400366845326657,0.0,2.0748837209302327,0.0,0.028782287822878228,0.0,194.0,2.0,508.0,0.0,107632.0,26853.0,5.0,79.0,26.0,25417.0,1.0,1.0,46.0,21.0,0.0,0.0,1.0,0.0,8.0,8.0,3.0,0.0,53.0,44.0,1302.0,1285.0,16.0,0.0,0.0,0.0,0.0,7.0,0.0,6.0,350.0,0.8301886792452831,0.9869431643625192,342.8014285714286,0.0,194897.0,190.3291015625
67,34,1,mappo,0,1653,110747,-0.005918879028675812,-50420.24852290174,-144.0578529225764,2199.7467041015625,0.4893328292029245,0.08232323232323233,0.0023674139609145073,0.060393178453003724,1.0,373.97285714285715,364.5,650.55,0,0,0,350,712.0,712.0,944.0,2378.0,2282.0,944.0,89731.0,1.0,0.0,732.0,113.0,65.0,34.0,336.0,144.0,198.0,266.0,0.2245762711864407,2.417372881355932,0.9098949509088771,0.10146445592754852,0.018580174123398737,0.793721996689752,0.7872850550496477,0.7293764082784694,12.179336623247748,0.01654750068963779,0.010121470574418813,0.2266949152542373,0.001059322033898305,117949.0,1392.0,1366.0,0.0,0.0,0.0,0.0,0.0,0.0,0.0,0.0,0.0,0.0,0.0,0.0,0.0,0.0,0.0,0.0,0.0,0.0,22.0,22.0,20.0,27.0,27.0,27.0,18.0,37.0,37.0,28.0,9.0,0.0,0.0,31.0,13.0,18.0,3.0,9.0,0.0,0.0,2.0,2.0,0.0,18.0,22.0,0.0,4564948.0,53446487.0,0.0,944.0,0.033764367816091954,47.0,22.0,0.0,5.0,20.0,0.0,725.0,0.0,3.0,5.0,20.0,0.0,0.0,0,0,0.0,20.41800878477306,0,0,0,0,0,0.0,0.0,0.0,0.0,0.0,0.0,0.0,0.0,,,-1.3887039944798127,148.95367500000003,151.42125000000001,206.43375000000006,0,0.0,0.0,0.0,0.0,0.5482508511077562,6.055065631866455,44,705.0,0.0,0.0,1.0,0.7567567567567568,0.0,35,341.84285714285716,0.0,0.0,0.0,0.0,0.0,none,,,0.0,1.2722743817834272,3.445578112934391,0.3652694610778443,0.0,0.0,0.9778095919828204,0.012884753042233358,0.009305654974946313,0.301033819435766,0.0,1.892318244170096,0.0,0.01939655172413793,0.0,162.0,0.0,550.0,0.0,117949.0,31015.0,3.0,80.0,43.0,26527.0,2.0,2.0,54.0,36.0,0.0,0.0,5.0,0.0,5.0,5.0,1.0,0.0,37.0,29.0,1355.0,1337.0,11.0,2.0,2.0,2.0,0.0,5.0,0.0,6.0,350.0,0.7837837837837838,0.9867158671586715,373.97285714285715,0.0,83725.0,87.03222453222453
68,34,0,mappo,1518,1518,112265,,-117702.86621890058,-336.2939034825731,,,0.08131313131313131,,,1.0,541.7642857142857,535.25,955.05,0,0,0,350,745.0,745.0,773.0,2189.0,2116.0,773.0,129281.0,0.0,0.0,515.0,141.0,89.0,28.0,79.0,272.0,195.0,227.0,0.33376455368693403,2.73738680465718,1.3102349441541892,0.11122058994615062,0.019951510361189754,0.846588979861946,0.7807536863494197,0.7429124223852946,12.315766652633362,0.050746643347618976,0.010157883326316525,0.3350582147477361,0.0,174305.0,1483.0,1335.0,0.0,0.0,0.0,0.0,0.0,0.0,0.0,0.0,0.0,0.0,1.0,0.0,1.0,0.0,0.0,0.0,1.0,0.0,37.0,37.0,30.0,44.0,44.0,44.0,141.0,45.0,45.0,37.0,8.0,0.0,0.0,155.0,14.0,141.0,0.0,8.0,0.0,0.0,1.0,5.0,0.0,141.0,37.0,0.0,4652554.0,54309900.0,0.0,773.0,0.049898853674983146,74.0,37.0,0.0,7.0,30.0,0.0,794.0,0.0,0.0,7.0,30.0,0.0,0.0,0,0,0.0,26.314606741573034,0,0,0,0,0,0.0,0.0,0.0,0.0,0.0,0.0,0.0,0.0,,,-1.6545748042608568,146.55123214285712,142.565,203.45875000000004,0,0.0,0.0,0.0,0.0,0.5317275349884203,11.647934865951536,396,608.0,0.0,0.0,1.0,0.8222222222222222,0.0,35,491.6071428571429,0.0,1.0,0.0,0.0,0.0,aba_bounce,939613200#0:1,,0.0,1.9533211409567859,4.672670104145904,0.30482758620689654,0.0,0.0,0.8959731543624161,0.09463087248322148,0.009395973154362415,0.32489355827238664,0.0,1.883232134516581,0.0,0.029669588671611596,0.0,188.0,0.0,557.0,0.0,174305.0,32975.0,0.0,112.0,68.0,37255.0,22.0,22.0,143.0,54.0,0.0,0.0,7.0,0.0,4.0,4.0,1.0,0.0,45.0,40.0,1438.0,1295.0,11.0,1.0,5.0,5.0,0.0,7.0,0.0,6.0,350.0,0.8888888888888888,0.9005563282336578,541.7642857142857,0.0,326654.0,228.90960056061667
69,35,1,mappo,0,1829,114094,-0.007768847588994066,-123858.90450636968,-353.8825843039134,7493.620768229167,0.6652111499397843,0.08030303030303029,0.003115675123542819,0.045061489610277394,1.0,572.2642857142857,559.0,989.55,4,4,4,346,779.0,779.0,1066.0,3031.0,2882.0,1066.0,129540.0,0.0,0.0,679.0,200.0,132.0,55.0,240.0,211.0,240.0,375.0,0.3630393996247655,2.703564727954972,0.7971504859724143,0.12599734240342594,0.022539775056317168,0.8303912543494247,0.7752835052350001,1.1124377103456962,20.968344053428265,0.0488416906929462,0.014484172026713895,0.3827392120075047,0.0009380863039399625,174202.0,1612.0,1348.0,30.0,30.0,0.0,0.0,0.0,0.0,30.0,0.0,0.0,0.0,0.0,0.0,0.0,0.0,0.0,0.0,0.0,0.0,16.0,16.0,11.0,27.0,27.0,27.0,246.0,73.0,73.0,54.0,18.0,1.0,0.0,275.0,29.0,246.0,16.0,18.0,0.0,1.0,0.0,10.0,0.0,246.0,16.0,0.0,4738827.0,55373831.0,0.0,1066.0,0.02357320099255583,38.0,16.0,0.0,11.0,11.0,0.0,857.0,0.0,16.0,11.0,11.0,0.0,0.0,0,0,0.0,19.972551928783382,0,0,0,0,0,0.0,0.0,0.0,0.0,0.0,0.0,0.0,0.0,,,-1.6552095145362473,141.00754642857143,133.59625,201.57999999999998,0,0.0,0.0,0.0,0.0,0.5725702816112854,11.760525703430176,253,788.0,4.0,0.0,1.0,0.7397260273972602,0.0,35,502.6857142857143,0.0,0.0,0.0,0.0,0.0,none,,,0.02225519287833828,2.278405312921365,7.324578518769785,0.4178168130489335,0.0,0.00017221386666054351,0.8305606900800986,0.15157116451016636,0.017868145409735057,0.31374641016085403,0.0,1.8755366726296958,0.0,0.016749379652605458,0.011428571428571429,178.0,30.0,601.0,0.0,174202.0,32359.0,68.0,189.0,124.0,39819.0,22.0,22.0,101.0,72.0,0.0,0.0,12.0,0.0,46.0,46.0,4.0,0.0,73.0,63.0,1539.0,1285.0,21.0,0.0,10.0,10.0,0.0,11.0,0.0,16.0,350.0,0.863013698630137,0.8349577647823262,572.2642857142857,0.0,913889.0,664.6465454545455
70,35,0,mappo,1520,1520,115614,,-47648.43990992989,-136.13839974265682,,,0.07929292929292929,,,1.0,302.0414285714286,276.25,568.9000000000001,0,0,0,350,701.0,701.0,819.0,2335.0,2212.0,819.0,66843.0,0.0,0.0,539.0,166.0,92.0,22.0,130.0,180.0,314.0,195.0,0.3418803418803419,2.700854700854701,1.1705666447151566,0.08461584566418032,0.015137002769839451,0.684459972348842,0.6475261137417093,1.2062309284165185,20.047655898357842,0.04912316232376136,0.014023827949178736,0.33821733821733824,0.006105006105006105,94736.0,1390.0,1342.0,0.0,0.0,0.0,0.0,0.0,0.0,0.0,0.0,0.0,0.0,0.0,0.0,0.0,0.0,0.0,0.0,0.0,0.0,18.0,18.0,8.0,28.0,28.0,28.0,43.0,38.0,38.0,25.0,11.0,0.0,2.0,58.0,15.0,43.0,0.0,11.0,2.0,0.0,2.0,0.0,0.0,43.0,18.0,0.0,4792127.0,55979913.0,0.0,819.0,0.025899280575539568,36.0,18.0,0.0,10.0,8.0,0.0,704.0,0.0,0.0,10.0,8.0,0.0,0.0,0,0,0.0,19.119970193740684,0,0,0,0,0,0.0,0.0,0.0,0.0,0.0,0.0,0.0,0.0,,,-1.6101812881838178,92.00697500000001,97.52562500000002,133.70875,0,0.0,0.0,0.0,0.0,0.41860896747078735,9.341745376586914,10,672.0,0.0,0.0,1.0,0.6578947368421053,0.0,35,383.6071428571429,0.0,0.0,0.0,0.0,0.0,none,,,0.0,1.8472497861269879,5.086174324588881,0.3293233082706767,0.0,0.0,0.9585714285714285,0.030714285714285715,0.010714285714285714,0.36572759649811526,0.0,2.316651583710408,0.0,0.02014388489208633,0.0,208.0,0.0,493.0,0.0,94736.0,27783.0,4.0,73.0,40.0,26508.0,0.0,0.0,61.0,39.0,0.0,0.0,5.0,0.0,6.0,6.0,6.0,0.0,38.0,33.0,1352.0,1309.0,15.0,0.0,0.0,0.0,0.0,10.0,0.0,3.0,350.0,0.868421052631579,0.9681952662721893,302.0414285714286,0.0,133293.0,124.34048507462687
71,36,1,mappo,0,1751,117365,-0.006045701797120273,-52611.261165187854,-150.31788904339388,1826.1022338867188,0.625008259500776,0.07828282828282829,0.0010101264909413907,0.038510978645977696,1.0,341.5728571428571,311.5,630.8000000000001,1,1,1,349,838.0,838.0,913.0,2359.0,2246.0,913.0,71308.0,0.0,0.0,599.0,157.0,114.0,43.0,290.0,178.0,180.0,265.0,0.343921139101862,2.4600219058050383,0.5561595990486762,0.09434295166385853,0.016877093390629986,0.6753596044007816,0.6607282897467681,0.7764947725890359,13.906638550529765,0.04147585709485572,0.010953319275264687,0.34720700985761227,0.009857612267250822,104383.0,1436.0,1371.0,0.0,0.0,0.0,0.0,0.0,0.0,0.0,0.0,0.0,0.0,0.0,0.0,0.0,0.0,0.0,0.0,0.0,0.0,28.0,28.0,16.0,33.0,33.0,33.0,57.0,34.0,34.0,29.0,4.0,1.0,0.0,70.0,13.0,57.0,0.0,4.0,0.0,1.0,2.0,6.0,0.0,57.0,28.0,0.0,4855653.0,56626759.0,0.0,913.0,0.034122562674094706,49.0,28.0,0.0,5.0,16.0,0.0,616.0,0.0,0.0,5.0,16.0,0.0,0.0,0,0,0.0,22.367614879649892,0,0,0,0,0,0.0,0.0,0.0,0.0,0.0,0.0,0.0,0.0,,,-1.693439271864553,131.58528928571425,135.67874999999998,183.48625,0,0.0,0.0,0.0,0.0,0.4980415005514153,8.83436918258667,2,627.0,1.0,0.0,1.0,0.8529411764705882,0.0,35,414.9571428571429,0.0,0.0,0.0,0.0,0.0,none,,,0.0,1.864917818113828,5.104893900584528,0.3270547945205479,0.0,0.0,0.9514226231783484,0.0395558639833449,0.009021512838306732,0.3453929869445489,0.0,2.3398876404494384,0.0,0.02298050139275766,0.002857142857142857,230.0,0.0,608.0,0.0,104383.0,23196.0,2.0,168.0,135.0,32073.0,9.0,9.0,185.0,105.0,0.0,0.0,3.0,0.0,27.0,27.0,0.0,0.0,34.0,31.0,1402.0,1340.0,8.0,0.0,6.0,5.0,0.0,5.0,0.0,8.0,350.0,0.9117647058823529,0.9557774607703281,341.5728571428571,0.0,197382.0,206.03549060542798
72,36,0,mappo,1645,1645,119010,,-45646.41599579614,-130.4183314165604,,,0.07727272727272727,,,1.0,348.4842857142857,346.75,608.25,0,0,0,350,699.0,699.0,950.0,2407.0,2304.0,950.0,83917.0,0.0,0.0,747.0,96.0,72.0,35.0,335.0,148.0,195.0,272.0,0.21368421052631578,2.425263157894737,1.041959499152083,0.09927964212470933,0.018029526583360215,0.7733089919466721,0.787379469651925,0.6828327588646671,11.548012936051542,0.01840435586453762,0.009805607874424133,0.21263157894736842,0.002105263157894737,108494.0,1340.0,1330.0,0.0,0.0,0.0,0.0,0.0,0.0,0.0,0.0,0.0,0.0,0.0,0.0,0.0,0.0,0.0,0.0,0.0,0.0,18.0,18.0,18.0,19.0,19.0,19.0,7.0,26.0,26.0,22.0,3.0,0.0,1.0,11.0,4.0,7.0,4.0,3.0,1.0,0.0,0.0,0.0,0.0,7.0,18.0,0.0,4902020.0,57151182.0,0.0,950.0,0.027611940298507463,37.0,18.0,0.0,1.0,18.0,0.0,681.0,0.0,4.0,1.0,18.0,0.0,0.0,0,0,0.0,18.97669172932331,0,0,0,0,0,0.0,0.0,0.0,0.0,0.0,0.0,0.0,0.0,,,-1.3956992754752326,142.2985035714286,148.59250000000003,205.47000000000003,0,0.0,0.0,0.0,0.0,0.5493712400401302,7.645165920257568,6,776.0,0.0,0.0,1.0,0.8461538461538461,0.0,35,320.8928571428571,0.0,0.0,0.0,0.0,0.0,none,,,0.0,1.567705657652435,5.012702053857115,0.3707165109034268,0.0,0.0,0.9917971662938105,0.005219985085756898,0.002982848620432513,0.3222243617110365,0.0,1.8806056236481616,0.0,0.014179104477611941,0.0,172.0,0.0,527.0,0.0,108494.0,33849.0,6.0,44.0,23.0,23989.0,8.0,8.0,40.0,22.0,0.0,0.0,0.0,0.0,1.0,1.0,1.0,0.0,26.0,21.0,1314.0,1309.0,4.0,2.0,0.0,0.0,0.0,1.0,0.0,1.0,350.0,0.8076923076923077,0.9961948249619482,348.4842857142857,0.0,152410.0,168.59513274336283
73,37,1,mappo,0,1493,120503,0.029818763985531405,-36943.21856683283,-105.5520530480938,1222.8291778564453,0.5462717078626156,0.07626262626262627,0.007660881230708752,0.08629024773836136,1.0,270.2442857142857,232.25,486.55,0,0,0,350,687.0,687.0,807.0,2421.0,2289.0,807.0,59015.0,0.0,0.0,523.0,158.0,97.0,29.0,72.0,201.0,321.0,213.0,0.35192069392812886,2.836431226765799,1.440378066147718,0.08228079939914273,0.01471928426796222,0.7466245505409466,0.6828561466570385,1.1947505384053774,19.6106848110476,0.05512704604517817,0.013805342405523634,0.3506815365551425,0.007434944237918215,84852.0,1372.0,1342.0,3.0,3.0,0.0,0.0,0.0,0.0,3.0,0.0,0.0,0.0,0.0,0.0,0.0,0.0,0.0,0.0,0.0,0.0,29.0,29.0,18.0,44.0,44.0,44.0,20.0,72.0,72.0,52.0,17.0,0.0,3.0,45.0,25.0,20.0,1.0,17.0,3.0,0.0,4.0,1.0,0.0,20.0,29.0,0.0,4951176.0,57709681.0,0.0,807.0,0.04518950437317784,62.0,29.0,0.0,15.0,18.0,0.0,733.0,0.0,1.0,15.0,18.0,0.0,0.0,0,0,0.0,19.11102831594635,0,0,0,0,0,0.0,0.0,0.0,0.0,0.0,0.0,0.0,0.0,,,-1.5644203117728523,89.24993928571429,88.88187500000001,128.56375,0,0.0,0.0,0.0,0.0,0.5079233183482988,8.408322334289547,1,735.0,0.0,0.0,1.0,0.7222222222222222,0.0,35,334.8071428571428,0.0,0.0,0.0,0.0,0.0,none,,,0.0022354694485842027,1.7678856941861172,5.097327823972389,0.33490566037735847,0.0,3.5355678121906375e-05,0.9675558759913482,0.014419610670511895,0.01802451333813987,0.3209802015863199,0.0,2.3724434876210982,0.0,0.03206997084548105,0.0,201.0,3.0,486.0,0.0,84852.0,24668.0,7.0,116.0,46.0,25716.0,0.0,0.0,58.0,38.0,0.0,0.0,7.0,0.0,11.0,11.0,11.0,0.0,72.0,54.0,1300.0,1288.0,24.0,9.0,1.0,1.0,0.0,15.0,0.0,7.0,350.0,0.75,0.9907692307692307,270.2442857142857,0.0,102420.0,129.3181818181818
