episode,updates_cumulative,updates_episode,algorithm,transitions_buffered,transitions_collected_episode,transitions_collected_cumulative,policy_loss,episode_return_total,avg_return_per_vehicle,value_loss,entropy,entropy_coef_effective,approx_kl,clip_fraction,completion_rate,avg_travel_time,p50_travel_time,p90_travel_time,teleports,controlled_ever_teleported,arrived_after_teleport,clean_arrivals_without_teleport,forced_actions,critic_only_queued,route_decisions_total,route_candidate_count,route_feasible_candidate_count,route_actor_ownership_skips,route_no_feasible_candidates,route_choice_idx_0,route_choice_idx_1,route_choice_idx_2,route_choice_idx_3,route_valid_candidates_1,route_valid_candidates_2,route_valid_candidates_3,route_valid_candidates_4,route_choice_nonzero_rate,route_mean_valid_candidates,route_mean_logit_margin,route_mean_chosen_length_norm,route_mean_chosen_eta_norm,route_mean_chosen_density,route_mean_chosen_first_density,route_mean_balance_reward,route_mean_eta_delta_steps,route_mean_density_relief,route_mean_required_relief,route_selfless_detour_rate,route_bad_detour_rate,decisions_considered,decisions_opened,decisions_finalized,decisions_skipped,loop_events,safety_overrides,loop_prefilter_overrides,fragment_build_failures,fallback_overrides,pending_decision_timeouts,deferred_lane_change_actions,lane_change_observe_started,lane_change_observe_success,lane_change_observe_abort_no_progress,lane_change_observe_abort_low_speed,lane_change_observe_abort_commit_window,pending_release_events_total,pending_release_abort_events_total,cooldown_replans_blocked,pending_release_observe_abort_no_progress,pending_release_observe_abort_commit_window,pending_release_observe_abort_low_speed,pending_release_wrong_lane_commit,pending_release_route_no_progress_abort,snapshot_cache_hits,shortest_path_cache_hits,override_ratio,override_events_total,override_event_loop_prefilter,override_event_cooldown_fallback,override_event_observe_abort_fallback,override_event_route_apply_fail,policy_masked_actions_removed,decision_pending_at_episode_end,mean_decision_latency_steps,mean_reward_per_finalized_decision,mean_route_difficulty_eta,p50_route_difficulty_eta,p90_route_difficulty_eta,fail_teleport,mean_network_density,p95_network_density,congestion_high_pressure_steps,emergency_brake_events,teleport_inferred_jam,teleport_inferred_yield_or_deadlock,lane_change_observe_resolution_rate,tail_vehicles_over_p90_count,tail_completion_gap_steps,aggregate_actionable_skip_to_finalized_ratio,social_regret_mean,social_regret_p90,social_best_action_chosen_rate,structural_skip_ratio,pending_resolution_success_rate,pending_timeout_rate,pending_abort_rate,delay_fairness_gini,p95_to_p50_travel_ratio,fallback_rate_per_opened_decision,controlled_teleport_rate,skip_reason_forced_by_lane_commit,skip_reason_forced_single_path,reachable_lane_change_nonempty,reachable_lane_change_excluded_any,reachable_lane_change_excluded_all,policy_candidates_with_broader_available,policy_candidates_collapsed_to_lane_now_only,coordination_pending_reservations_seeded,coordination_pressure_candidates_seen,coordination_pressure_candidates_rejected,lane_now_congestion_candidates_seen,lane_now_congestion_candidates_rejected,proactive_shift2_candidates_seen,proactive_brake_risk_candidates_seen,proactive_brake_risk_candidates_rejected,proactive_brake_risk_fallback_kept,proactive_decisions_opened,proactive_decisions_finalized,lane_now_decisions_opened,lane_now_decisions_finalized,proactive_pending_abort_count,proactive_pending_timeout_count,lane_now_replan_releases,lane_now_replan_forced_alternative,same_edge_reopen_after_abort_count,synthetic_terminal_finalizations,finalized_opened_proactive_ratio,finalized_opened_lane_now_ratio,noncompletion_rate,uncontrolled_total_wait_steps,mean_uncontrolled_wait_per_step
0,1,1,mappo,0,2309,2309,-0.005458857608027756,-79155.02601167063,-175.9000578037125,0.8103196144104003,0.9851828068494797,0.15,0.000529378051214735,0.0965626968536526,0.9911111111111112,543.9484304932736,339.5,1208.25,21,12,8,438,919.0,919.0,1391.0,4104.0,4016.0,186077.0,0.0,571.0,436.0,279.0,105.0,148.0,313.0,478.0,452.0,0.5895039539899353,2.8871315600287564,0.004378484965601332,0.10770955159028257,0.019268256126374735,0.7306554185689877,0.6855601293726481,1.6316224925705685,31.39869219672047,0.036666227369543954,0.01969934609836052,0.5521207764198418,0.04385334291876348,225155.0,1796.0,1678.0,1.0,0.0,16.0,16.0,7.0,28.0,103.0,62.0,62.0,47.0,13.0,0.0,2.0,130.0,27.0,0.0,13.0,2.0,0.0,5.0,7.0,74358.0,951964.0,0.019487750556792874,35.0,16.0,0.0,12.0,7.0,893.0,0,19.8253873659118,-0.9543934191424887,95.3010361111111,101.42124999999997,143.13625000000002,4,0.465058428204139,12.162792015075683,503,1153.0,12.0,4.0,0.7580645161290323,45,1080.3444444444444,0.0005959475566150178,1.5918457691556411,4.7224548426487925,0.40942028985507245,4.4413848237880575e-06,0.9280973451327433,0.056969026548672565,0.014933628318584071,0.47527418796106624,4.055964653902798,0.015590200445434299,0.02666666666666667,234.0,685.0,225155.0,46318.0,9.0,207.0,149.0,37578.0,20.0,20.0,141.0,106.0,11.0,35.0,35.0,4.0,62.0,51.0,1734.0,1627.0,23.0,0.0,7.0,7.0,13.0,450.0,0.8225806451612904,0.9382929642445214,0.008888888888888835,1305428.0,630.9463508941518
1,2,1,mappo,0,2848,5157,0.0006011035778404524,-75426.62165903235,-167.61471479784964,0.30283716196815175,1.0441879481077194,0.14898989898989898,0.00023955480810030258,0.0018442048458382487,0.9977777777777778,600.2661469933184,579.0,1110.8,8,7,6,443,1256.0,1256.0,1605.0,5052.0,4894.0,184610.0,0.0,663.0,467.0,305.0,170.0,137.0,330.0,455.0,683.0,0.5869158878504673,3.049221183800623,0.06341362012480603,0.1512419755840413,0.027281628039917936,0.7683197005112972,0.6682345218099132,2.0135057259037348,36.9482937683743,0.08984494450257723,0.02247414688418724,0.5763239875389408,0.014953271028037384,234674.0,1931.0,1714.0,0.0,0.0,432.0,432.0,409.0,458.0,199.0,74.0,74.0,39.0,33.0,0.0,2.0,243.0,44.0,12.0,33.0,2.0,0.0,3.0,6.0,169285.0,2192386.0,0.44899016053858104,867.0,432.0,0.0,26.0,409.0,1113.0,0,20.503500583430572,-1.0362384056575213,130.6953611111111,129.55625000000003,181.01625000000004,1,0.5013312761540192,10.371122360229492,142,1432.0,7.0,1.0,0.527027027027027,45,715.3444444444444,0.0,2.4994704195250073,6.649740593396789,0.28751210067763794,0.0,0.8758303525804804,0.10168625447112928,0.022483392948390392,0.3559374787873648,2.1490500863557855,0.23718280683583634,0.015555555555555555,599.0,657.0,234674.0,57645.0,12.0,154.0,87.0,45585.0,21.0,21.0,137.0,80.0,5.0,12.0,12.0,12.0,74.0,54.0,1857.0,1660.0,42.0,4.0,6.0,4.0,14.0,450.0,0.7297297297297297,0.8939149165320409,0.0022222222222222365,765901.0,373.428083861531
2,3,1,mappo,0,2769,7926,0.0004502702710548571,-84626.96463376677,-188.0599214083706,0.5295282763739427,0.9175517857074738,0.14797979797979796,-0.00017018263343560047,0.04390525223182825,0.9977777777777778,623.1458797327394,600.5,1168.7,7,4,3,446,968.0,968.0,1803.0,5193.0,5038.0,209507.0,0.0,872.0,459.0,305.0,167.0,336.0,381.0,404.0,682.0,0.5163616195230172,2.794231835829174,0.04280607348630289,0.14396700829771644,0.025896280660710844,0.7749334035972799,0.687757449504298,1.7915204681599157,32.25484373288139,0.056365516099055143,0.020127421866440832,0.5124792013311148,0.0066555740432612314,257682.0,1910.0,1713.0,10.0,0.0,156.0,156.0,124.0,166.0,190.0,58.0,58.0,44.0,13.0,0.0,1.0,207.0,17.0,1.0,13.0,1.0,0.0,3.0,0.0,260675.0,3382540.0,0.1518324607329843,290.0,156.0,0.0,10.0,124.0,1079.0,0,20.082895504962053,-1.003646406942032,142.74473888888892,143.13,198.43375,1,0.5041561028999191,10.568629264831543,151,1492.0,4.0,1.0,0.7586206896551724,45,760.7777777777778,0.005837711617046118,2.0345209733571283,5.9589807222001525,0.35960591133004927,3.880752245015174e-05,0.8921875,0.09895833333333333,0.008854166666666666,0.3675496156444127,2.1533721898417983,0.08691099476439791,0.008888888888888889,350.0,618.0,257682.0,44251.0,16.0,142.0,84.0,43366.0,16.0,16.0,136.0,78.0,9.0,7.0,7.0,7.0,58.0,51.0,1852.0,1662.0,17.0,0.0,0.0,0.0,4.0,450.0,0.8793103448275862,0.8974082073434125,0.0022222222222222365,1236972.0,579.3779859484778
3,4,1,mappo,0,2729,10655,-0.006518098637267637,-110942.15628518332,-246.53812507818515,0.5751231983304024,1.0247418930133183,0.14696969696969697,0.0015781364168279781,0.0732552088253821,0.9933333333333333,700.2393736017897,664.0,1330.6000000000004,18,11,8,439,790.0,790.0,1946.0,5964.0,5789.0,224115.0,0.0,763.0,605.0,429.0,149.0,161.0,368.0,776.0,641.0,0.6079136690647482,2.9748201438848922,0.07868403276258205,0.13801346314479457,0.02506184552744498,0.7488724864868089,0.6490761804764608,2.0780562474902147,37.01514081787179,0.07543131806297461,0.0225075704089358,0.5981500513874615,0.013360739979445015,288405.0,2104.0,1776.0,6.0,3.0,29.0,29.0,11.0,43.0,321.0,59.0,59.0,40.0,19.0,0.0,0.0,342.0,21.0,4.0,19.0,0.0,0.0,0.0,2.0,384154.0,4999955.0,0.025665399239543727,54.0,29.0,0.0,14.0,11.0,1344.0,0,23.832207207207208,-1.1233801565387982,120.82329722222225,123.35874999999999,164.14500000000007,3,0.542984725312298,11.222209930419922,227,1730.0,11.0,3.0,0.6779661016949152,45,905.4666666666667,0.0033783783783783786,3.3360683935017144,8.221295384383936,0.24528301886792453,2.0804077599209443e-05,0.8385269121813032,0.15155807365439095,0.009915014164305949,0.37188981107118924,2.258810240963855,0.02043726235741445,0.024444444444444446,191.0,599.0,288405.0,73177.0,9.0,123.0,65.0,54262.0,14.0,14.0,101.0,58.0,6.0,7.0,7.0,7.0,59.0,50.0,2045.0,1726.0,19.0,4.0,2.0,2.0,6.0,450.0,0.847457627118644,0.8440097799511003,0.00666666666666671,1833126.0,822.3983849259757
4,5,1,mappo,0,2609,13264,-0.008729811641387641,-105455.15570315543,-234.3447904514565,0.47659644732872647,1.0367851480841637,0.14595959595959596,0.0006630537339618233,0.10228403673196833,0.9977777777777778,651.8296213808463,625.5,1168.8,13,10,9,440,871.0,871.0,1739.0,5378.0,5232.0,203477.0,0.0,750.0,507.0,333.0,149.0,140.0,308.0,688.0,603.0,0.5687176538240368,3.008625646923519,0.10523225588787212,0.13577641194441012,0.024644697744017997,0.774549644086949,0.6849479250353614,2.0204048567352246,35.87143718628636,0.07669248760562491,0.02193571859314316,0.5652673950546291,0.0063254744105807935,269423.0,2129.0,1739.0,24.0,6.0,98.0,98.0,30.0,114.0,354.0,81.0,81.0,57.0,22.0,0.0,1.0,406.0,52.0,0.0,22.0,1.0,0.0,3.0,26.0,511364.0,6671572.0,0.06763738844527947,144.0,98.0,0.0,16.0,30.0,1279.0,0,22.73490511788384,-1.0655792652320226,120.24513333333336,124.91500000000002,158.9695000000001,1,0.4571383029260915,10.941530227661133,209,1555.0,10.0,1.0,0.7037037037037037,45,756.4888888888888,0.013801035077630822,2.943511502682645,7.67696264584181,0.27993393889347645,8.90792545551048e-05,0.8105459636024265,0.16518898740083995,0.02426504899673355,0.35100334276812784,2.075299760191846,0.05354626585251292,0.022222222222222223,255.0,616.0,269423.0,73884.0,39.0,163.0,82.0,55312.0,9.0,9.0,116.0,74.0,9.0,14.0,14.0,14.0,81.0,60.0,2048.0,1679.0,27.0,10.0,26.0,26.0,29.0,448.0,0.7407407407407407,0.81982421875,0.0022222222222222365,1356548.0,552.7905460472698
5,6,1,mappo,0,2289,15553,-0.01666276848409325,-54453.97948233055,-121.00884329406789,0.2866678357124329,0.9054625570774079,0.14494949494949494,0.0004305286246729323,0.0644654302392155,1.0,480.86555555555555,448.75,914.45,1,1,1,449,929.0,929.0,1361.0,3882.0,3700.0,151359.0,1.0,636.0,407.0,222.0,96.0,188.0,387.0,406.0,380.0,0.5326965466568699,2.718589272593681,0.12557693420992144,0.12511147868947498,0.022381302043877702,0.7927271689122035,0.7091053518152561,1.4881616758800866,25.349943676826932,0.05451662396581899,0.016674971838413568,0.5202057310800882,0.014695077149155033,194386.0,1817.0,1689.0,17.0,0.0,35.0,35.0,22.0,55.0,105.0,68.0,68.0,39.0,24.0,0.0,5.0,148.0,43.0,1.0,24.0,5.0,0.0,3.0,11.0,593550.0,7652224.0,0.04237754540451293,77.0,35.0,0.0,20.0,22.0,921.0,0,21.705150976909415,-1.0188117819527909,129.80040555555556,135.77937500000002,175.08625,0,0.4789397032169871,7.782101154327393,29,1166.0,1.0,0.0,0.5735294117647058,45,614.0722222222223,0.010065127294256957,1.9581296416353313,5.658581388286156,0.36395759717314485,8.745485786013396e-05,0.91943385955362,0.05715841045182363,0.023407729994556342,0.37405554438742294,2.2621727019498605,0.03026967528893781,0.0022222222222222222,287.0,642.0,194386.0,47265.0,23.0,160.0,96.0,39832.0,17.0,17.0,139.0,76.0,12.0,21.0,21.0,11.0,68.0,52.0,1749.0,1637.0,35.0,1.0,11.0,8.0,16.0,450.0,0.7647058823529411,0.9359634076615209,0.0,542837.0,313.4162817551963
6,7,1,mappo,0,2550,18103,-0.0019395368173718453,-91452.74401958282,-203.22832004351739,0.4106597304344177,0.9845757097005844,0.14393939393939392,-0.00047143046848203697,0.010980815161019564,0.9933333333333333,648.920581655481,647.0,1140.5,24,20,17,430,908.0,908.0,1645.0,4936.0,4728.0,193312.0,0.0,706.0,494.0,344.0,101.0,147.0,330.0,751.0,417.0,0.5708206686930091,2.874164133738602,0.15298105786047808,0.14269193447786624,0.025694770959282357,0.7453781260137863,0.6479515185423965,2.049682730713027,33.92031902490088,0.07982770216356504,0.02096015951245059,0.572644376899696,0.00851063829787234,254108.0,2050.0,1727.0,0.0,0.0,33.0,33.0,5.0,40.0,317.0,32.0,32.0,21.0,9.0,0.0,2.0,330.0,13.0,0.0,9.0,2.0,0.0,2.0,0.0,710675.0,9127246.0,0.02195121951219512,45.0,33.0,0.0,7.0,5.0,1169.0,0,23.632889403590042,-1.1215758818500097,128.1474611111111,129.46,179.98012500000002,3,0.5005205697926416,10.154474258422852,109,1346.0,20.0,3.0,0.65625,46,687.9782608695652,0.0,2.8818962718029173,8.918155221282234,0.240608228980322,0.0,0.8394160583941606,0.15425790754257906,0.006326034063260341,0.34369331106666534,1.9812210200927356,0.01951219512195122,0.044444444444444446,289.0,619.0,254108.0,75572.0,3.0,82.0,48.0,53840.0,12.0,12.0,56.0,28.0,4.0,18.0,18.0,3.0,32.0,25.0,2018.0,1702.0,13.0,1.0,0.0,0.0,4.0,448.0,0.78125,0.8434093161546086,0.00666666666666671,2064117.0,910.5059550066167
7,8,1,mappo,0,2503,20606,-0.0037758989026769997,-44329.12286804692,-98.50916192899315,0.23997490033507346,0.79944406747818,0.14292929292929293,-0.0001885182543141406,0.057000885251909494,1.0,414.1766666666667,380.75,772.3500000000001,3,3,3,447,1129.0,1129.0,1374.0,3693.0,3505.0,121407.0,0.0,730.0,348.0,193.0,103.0,359.0,323.0,268.0,424.0,0.46870451237263466,2.5509461426491993,0.1007083092756526,0.10824858350340369,0.019364683995609006,0.8380496415823564,0.759885700528674,1.1194025062897732,19.716110719036408,0.044547495436679276,0.013858055359518218,0.46943231441048033,0.006550218340611353,163921.0,1880.0,1769.0,0.0,0.0,91.0,91.0,70.0,108.0,95.0,75.0,75.0,58.0,17.0,0.0,0.0,128.0,33.0,0.0,17.0,0.0,0.0,7.0,9.0,791847.0,10020733.0,0.09468085106382979,178.0,91.0,0.0,17.0,70.0,829.0,0,21.750141322781232,-1.1400738231951024,130.40844444444446,137.83749999999998,182.5075,0,0.5198473860970079,8.121669721603393,15,1046.0,3.0,0.0,0.7733333333333333,45,507.48333333333335,0.0,1.743810273668881,4.595779841195364,0.3493975903614458,0.0,0.9325250395361097,0.05007907221929362,0.01739588824459673,0.35853318989838834,2.317925147734734,0.0574468085106383,0.006666666666666667,367.0,762.0,163921.0,38478.0,13.0,268.0,192.0,40967.0,32.0,32.0,217.0,146.0,14.0,43.0,43.0,12.0,75.0,67.0,1805.0,1702.0,25.0,0.0,9.0,9.0,16.0,450.0,0.8933333333333333,0.9429362880886426,0.0,217091.0,160.45158906134515
8,9,1,mappo,0,2950,23556,-0.006334839771928576,-78221.3700601434,-173.82526680031864,0.5256234643359979,0.9364273026585579,0.14191919191919192,0.001157567890059552,0.17354830858918527,1.0,679.8411111111111,637.75,1256.05,3,2,2,448,989.0,989.0,1963.0,5594.0,5451.0,230872.0,0.0,908.0,611.0,297.0,147.0,152.0,740.0,465.0,606.0,0.5374426897605705,2.7768721344880287,0.17098431054111787,0.15069887790329833,0.02715415035559968,0.8166630922812423,0.7325727477212121,1.5583564344076184,28.98728709376023,0.05659422872709741,0.01849364354688015,0.5298013245033113,0.012226184411614875,268448.0,1771.0,1743.0,11.0,0.0,89.0,89.0,77.0,96.0,19.0,29.0,29.0,14.0,15.0,0.0,0.0,35.0,16.0,2.0,15.0,0.0,0.0,1.0,0.0,861805.0,10942404.0,0.09768492377188029,173.0,89.0,0.0,7.0,77.0,878.0,0,21.23407917383821,-0.9177626087783811,162.42066666666668,166.03000000000003,236.11025000000006,0,0.5718974960901333,10.393743515014648,4,1521.0,2.0,0.0,0.4827586206896552,45,777.5277777777778,0.006310958118187034,1.6664533141332294,4.383873293239854,0.34528076463560337,4.097627845988795e-05,0.9803149606299213,0.010686164229471317,0.008998875140607425,0.35499085933841124,2.1358682869462955,0.05420666290231508,0.0044444444444444444,293.0,696.0,268448.0,64044.0,12.0,58.0,34.0,33892.0,0.0,0.0,124.0,34.0,6.0,6.0,6.0,6.0,29.0,20.0,1742.0,1723.0,16.0,0.0,0.0,0.0,6.0,450.0,0.6896551724137931,0.9890929965556832,0.0,635162.0,317.2637362637363
9,10,1,mappo,0,2187,25743,-0.010165435122326016,-144641.6655272944,-321.42592339398755,3.30935001373291,1.0431746304035188,0.1409090909090909,0.0022403892645359138,0.2603285307064652,0.9822222222222222,745.5169683257918,466.0,1843.4,19,11,3,439,987.0,987.0,1204.0,3815.0,3702.0,262391.0,0.0,515.0,312.0,253.0,124.0,76.0,247.0,392.0,489.0,0.5722591362126246,3.074750830564784,0.20759873203252538,0.1146570740320234,0.02385783698131327,0.7452444349155697,0.694014965722096,1.7274462179434436,34.81824807582525,0.039916601254885935,0.02152729648226642,0.5448504983388704,0.026578073089700997,316723.0,1947.0,1733.0,0.0,1.0,43.0,43.0,33.0,59.0,188.0,61.0,61.0,42.0,18.0,0.0,1.0,230.0,42.0,4.0,18.0,1.0,0.0,4.0,19.0,966941.0,12198032.0,0.04725218284540318,92.0,43.0,0.0,16.0,33.0,1018.0,0,22.488170802077324,-0.8876199899916583,134.44533055555556,134.38125,196.66875000000002,8,0.43427703258488626,13.579020500183105,1200,1139.0,11.0,8.0,0.6885245901639344,45,1579.6555555555556,0.0,2.5449962728247426,7.249628639326291,0.3407880724174654,0.0,0.8828323993886907,0.09577177789098319,0.021395822720326033,0.4788593156185925,4.38288626609442,0.030303030303030304,0.024444444444444446,285.0,702.0,316723.0,45786.0,6.0,170.0,111.0,46655.0,33.0,33.0,190.0,79.0,16.0,18.0,18.0,6.0,61.0,52.0,1886.0,1681.0,25.0,0.0,19.0,19.0,25.0,450.0,0.8524590163934426,0.8913043478260869,0.01777777777777778,643459.0,218.12169491525424
10,11,1,mappo,0,2150,27893,-0.0033646036172285676,-36063.424323316685,-80.14094294070375,0.5857098296284675,1.079028743505478,0.13989898989898988,0.00037189057325652807,0.12033399650827051,1.0,388.02555555555557,370.25,746.4000000000001,3,2,2,448,821.0,821.0,1336.0,4372.0,4213.0,121557.0,0.0,544.0,395.0,257.0,140.0,14.0,402.0,285.0,635.0,0.592814371257485,3.1534431137724552,0.24909237195865927,0.1081146211732837,0.019340719392106305,0.7676635926981836,0.6721583219422139,2.070782638205924,35.68446266332789,0.07588717668458594,0.021842231331664106,0.5913173652694611,0.009730538922155689,158104.0,1761.0,1700.0,1.0,0.0,23.0,23.0,6.0,35.0,49.0,50.0,50.0,31.0,18.0,0.0,1.0,73.0,24.0,7.0,18.0,1.0,0.0,3.0,2.0,1036191.0,13020427.0,0.02328222600795003,41.0,23.0,0.0,12.0,6.0,995.0,0,20.108235294117648,-0.9822103118793221,88.44833333333335,87.49000000000002,123.50125000000017,0,0.529461251712558,9.26102066040039,5,1320.0,2.0,0.0,0.62,45,525.0833333333334,0.000588235294117647,1.7538560161686707,5.012702053857115,0.38706140350877194,6.32495066538481e-06,0.9588268471517203,0.02763677382966723,0.01353637901861252,0.37609287538971437,2.3255908170155286,0.019875070982396367,0.0044444444444444444,202.0,619.0,158104.0,36962.0,9.0,113.0,69.0,34836.0,7.0,7.0,126.0,66.0,3.0,5.0,5.0,5.0,50.0,38.0,1711.0,1662.0,24.0,0.0,2.0,2.0,10.0,450.0,0.76,0.9713617767387492,0.0,621310.0,473.1987814166032
11,12,1,mappo,0,2055,29948,0.04921683019492775,-94569.32094449304,-210.15404654331786,0.9266061604022979,1.0782813847064971,0.1388888888888889,-0.004831479359504343,0.33053765948861835,0.9977777777777778,588.6881959910913,551.0,1097.1,7,3,2,447,798.0,798.0,1259.0,4039.0,3909.0,178766.0,0.0,527.0,384.0,244.0,104.0,4.0,355.0,405.0,495.0,0.5814138204924544,3.1048451151707703,0.23228634625815323,0.13349044744614763,0.02389715720527318,0.7678423209457619,0.6451381314150113,1.9418514740420962,33.34202414137926,0.10454167104892322,0.020671012070689717,0.5790309769658459,0.006354249404289118,235622.0,1957.0,1696.0,7.0,7.0,70.0,70.0,28.0,87.0,246.0,71.0,71.0,47.0,21.0,0.0,3.0,278.0,32.0,1.0,21.0,3.0,0.0,5.0,3.0,1146151.0,14408062.0,0.058763413387838526,115.0,70.0,0.0,17.0,28.0,1206.0,0,22.76945754716981,-1.122734650748462,114.48599999999999,113.565,150.15087500000004,1,0.6225592413582769,9.433917045593262,147,1232.0,3.0,1.0,0.6619718309859155,45,682.9666666666667,0.004127358490566038,2.508994284522983,6.161301091459666,0.2894033837934105,2.9708601064416735e-05,0.8591691995947315,0.12462006079027356,0.016210739614994935,0.36030858207105587,2.204900181488201,0.04445579969340828,0.006666666666666667,218.0,580.0,235622.0,57370.0,13.0,150.0,80.0,49067.0,16.0,16.0,146.0,72.0,10.0,17.0,17.0,17.0,71.0,51.0,1886.0,1645.0,30.0,7.0,3.0,3.0,13.0,450.0,0.7183098591549296,0.8722163308589608,0.0022222222222222365,1486953.0,874.6782352941176
12,13,1,mappo,0,2619,32567,-0.01804330446369325,-99938.19604013693,-222.08488008919318,0.5019711367785931,0.9233076746265093,0.13787878787878788,0.0008286379241326247,0.08222791738808155,0.9933333333333333,610.9731543624162,592.0,1092.5,13,8,5,442,1098.0,1098.0,1524.0,4460.0,4305.0,186724.0,1.0,722.0,426.0,268.0,108.0,232.0,329.0,437.0,526.0,0.526246719160105,2.824803149606299,0.20325439534054732,0.14767486476180514,0.026543591151642187,0.8092663562037735,0.7016097208734949,1.7789825247989794,31.89293200715709,0.08313360694483066,0.019946466003578887,0.5288713910761155,0.0013123359580052493,249651.0,2048.0,1747.0,0.0,1.0,285.0,285.0,264.0,299.0,297.0,52.0,52.0,37.0,14.0,0.0,1.0,315.0,18.0,0.0,14.0,1.0,0.0,3.0,0.0,1267309.0,15949564.0,0.27490234375,563.0,285.0,0.0,14.0,264.0,1238.0,0,22.694333142530052,-1.0416121987153637,138.6393888888889,143.0575,190.20300000000006,3,0.6460977106370199,11.378849029541016,179,1325.0,8.0,3.0,0.7115384615384616,45,616.7,0.0,2.8087990892012287,7.563059054566613,0.26135389888603255,0.0,0.8470873786407767,0.1441747572815534,0.008737864077669903,0.3416503973465803,2.0446790540540536,0.14599609375,0.017777777777777778,455.0,643.0,249651.0,57990.0,2.0,123.0,76.0,52999.0,15.0,15.0,133.0,73.0,4.0,13.0,13.0,13.0,52.0,44.0,1996.0,1703.0,18.0,4.0,0.0,0.0,4.0,448.0,0.8461538461538461,0.8532064128256514,0.00666666666666671,1031780.0,634.5510455104551
13,14,1,mappo,0,2966,35533,-0.004543791699688882,-451223.44881368324,-1002.7187751415183,3.9048842191696167,0.9309193814794222,0.13686868686868686,0.0008815054634655114,0.21651314478367567,0.92,1889.2125603864733,2120.0,2696.55,161,94,58,356,1694.0,1694.0,1275.0,3788.0,3690.0,541287.0,0.0,609.0,300.0,261.0,105.0,253.0,134.0,383.0,505.0,0.5223529411764706,2.8941176470588235,0.20911828739166843,0.13790213202728946,0.02466943337600313,0.7253383072339655,0.6304172810382557,1.583993489348562,30.051435021705487,0.11518477682646613,0.019025717510852868,0.5176470588235295,0.017254901960784313,715766.0,3661.0,1772.0,0.0,0.0,60.0,60.0,32.0,75.0,1875.0,67.0,67.0,51.0,14.0,1.0,1.0,1904.0,29.0,0.0,14.0,1.0,1.0,3.0,10.0,1612636.0,20192030.0,0.0292269871619776,107.0,60.0,0.0,15.0,32.0,1991.0,0,27.38769751693002,-1.4872808781587026,127.07726111111111,133.005,175.69425000000012,36,0.9392784243039083,13.315791130065918,2153,1016.0,111.0,29.0,0.7611940298507462,42,727.6785714285716,0.0,4.135176279687815,14.815754519208618,0.3789364997418689,0.0,0.48091603053435117,0.5111777535441657,0.007906215921483098,0.2427517331531055,1.3003537735849056,0.020486205954657197,0.2088888888888889,727.0,967.0,715766.0,243030.0,4.0,196.0,128.0,149287.0,29.0,29.0,263.0,91.0,13.0,30.0,30.0,5.0,67.0,56.0,3594.0,1716.0,20.0,6.0,10.0,10.0,13.0,442.0,0.835820895522388,0.4774624373956594,0.07999999999999996,9787109.0,2881.1036208419196
14,15,1,mappo,0,2314,37847,-0.0016982673201709985,-30907.85406589147,-68.6841201464255,0.8553020879626274,0.8706974893808365,0.13585858585858585,-0.00024076912763875135,0.02398496549576521,1.0,391.1411111111111,349.75,761.2,0,0,0,450,815.0,815.0,1499.0,4286.0,4125.0,123245.0,0.0,781.0,369.0,228.0,121.0,330.0,264.0,353.0,552.0,0.4789859906604403,2.751834556370914,0.2079709502678859,0.11359580725573097,0.02046348119860986,0.7955307265019183,0.7462995493498129,1.613369560359265,29.836070086077612,0.04240930181324314,0.01891803504303913,0.4656437625083389,0.016010673782521682,156591.0,1795.0,1784.0,0.0,1.0,36.0,36.0,0.0,51.0,7.0,44.0,44.0,29.0,13.0,0.0,2.0,26.0,19.0,0.0,13.0,2.0,0.0,4.0,0.0,1675151.0,20959334.0,0.02841225626740947,51.0,36.0,0.0,15.0,0.0,1006.0,0,19.08968609865471,-0.9755222668409176,112.10900277777779,111.92125,158.38250000000005,0,0.4856066757692536,7.617072582244873,15,1362.0,0.0,0.0,0.6590909090909091,45,526.0611111111111,0.0,1.8377635047815046,5.979939587033872,0.3851063829787234,0.0,0.9856353591160221,0.0038674033149171273,0.010497237569060774,0.3631085810021517,2.4325947105075034,0.02841225626740947,0.0,191.0,624.0,156591.0,39284.0,3.0,127.0,86.0,32653.0,14.0,14.0,134.0,80.0,4.0,15.0,15.0,15.0,44.0,40.0,1751.0,1744.0,19.0,0.0,0.0,0.0,4.0,450.0,0.9090909090909091,0.9960022844089091,0.0,104417.0,75.33694083694084
15,16,1,mappo,0,2333,40180,-0.005477478174725547,-39439.075208873895,-87.6423893530531,0.2829245388507843,0.9500221282243728,0.13484848484848486,0.0005771771199827302,0.08541786905843765,1.0,404.85,382.75,824.0500000000002,0,0,0,450,954.0,954.0,1379.0,4126.0,4005.0,122250.0,0.0,637.0,381.0,220.0,141.0,195.0,310.0,306.0,568.0,0.5380710659898477,2.9042784626540974,0.1946966145059298,0.12346557689259306,0.02227239037034567,0.76701546707302,0.7145139674849922,1.6205408270132982,29.00186100337476,0.05873266145279897,0.01850093050168765,0.5416968817984047,0.00435097897026831,162068.0,1768.0,1680.0,9.0,0.0,167.0,167.0,149.0,177.0,83.0,53.0,53.0,37.0,14.0,0.0,0.0,98.0,15.0,0.0,14.0,0.0,0.0,1.0,0.0,1750601.0,21859608.0,0.18438914027149322,326.0,167.0,0.0,10.0,149.0,968.0,0,20.198214285714286,-0.9508942382431818,118.4859888888889,125.8875,166.03000000000003,0,0.39869059008705016,6.953542709350586,19,1209.0,0.0,0.0,0.6981132075471698,45,603.4166666666666,0.005357142857142857,1.9301810032135385,5.252681380902041,0.3223684210526316,5.553224572401708e-05,0.9448198198198198,0.046734234234234236,0.008445945945945946,0.4164280750224516,2.413847158719789,0.1001131221719457,0.0,296.0,658.0,162068.0,28993.0,11.0,160.0,105.0,36641.0,24.0,24.0,146.0,92.0,11.0,12.0,12.0,11.0,53.0,47.0,1715.0,1633.0,15.0,1.0,0.0,0.0,3.0,448.0,0.8867924528301887,0.9521865889212828,0.0,420808.0,236.01121704991587
16,17,1,mappo,0,2207,42387,-0.008411662263097242,-483023.4917111457,-1073.3855371358793,10.872850346565247,0.964817100763321,0.13383838383838384,0.0008940580075182502,0.21505726787727325,0.6733333333333333,883.3597359735974,365.5,3158.8000000000015,182,91,22,281,1185.0,1185.0,1030.0,3077.0,2968.0,560677.0,0.0,441.0,325.0,190.0,74.0,85.0,241.0,415.0,289.0,0.5718446601941748,2.8815533980582524,0.2651402781184003,0.1321623738457277,0.023642642917654035,0.7643995926471301,0.72692179244952,1.613745867479907,30.458430011239066,0.0492235812599385,0.019229215005619627,0.5436893203883495,0.035922330097087375,702985.0,3336.0,1841.0,1.0,0.0,63.0,63.0,52.0,77.0,1468.0,78.0,78.0,57.0,17.0,0.0,4.0,1498.0,30.0,2.0,17.0,4.0,0.0,3.0,6.0,2031928.0,25414877.0,0.03866906474820144,129.0,63.0,0.0,14.0,52.0,2208.0,11,20.845736013036394,-1.1619034539908604,127.40921388888889,126.28625,178.10000000000002,62,0.7227353026677699,13.321637153625488,3637,861.0,111.0,61.0,0.7307692307692307,116,3473.0086206896553,0.0005431830526887561,3.487012993118291,9.215925256040967,0.44074941451990635,1.4225054588646985e-06,0.550015019525383,0.4409732652448183,0.009011715229798739,0.5986541936292427,9.166210670314637,0.023081534772182253,0.20222222222222222,408.0,777.0,702985.0,120719.0,24.0,220.0,145.0,122442.0,22.0,22.0,163.0,107.0,11.0,34.0,34.0,6.0,78.0,67.0,3258.0,1774.0,25.0,0.0,6.0,6.0,11.0,440.0,0.8589743589743589,0.5445058317986495,0.32666666666666666,7211218.0,1803.255313828457
17,18,1,mappo,0,2385,44772,-0.0018609007151098923,-31917.76029113012,-70.92835620251138,0.9371031165122986,0.7186239749193192,0.13282828282828282,-9.627680593988774e-05,0.009863366594072432,1.0,368.92555555555555,354.5,668.8500000000001,0,0,0,450,998.0,998.0,1387.0,3389.0,3267.0,115548.0,0.0,826.0,349.0,161.0,51.0,346.0,451.0,341.0,249.0,0.40447007930785867,2.355443403028118,0.24709766580123607,0.09042343708989362,0.016175927911739375,0.8743016968166325,0.8146836411571513,1.2577478163714264,19.445244961900997,0.040022990839959305,0.013722622480950563,0.40447007930785867,0.004325883201153569,148110.0,1789.0,1752.0,15.0,0.0,27.0,27.0,9.0,47.0,33.0,53.0,53.0,31.0,21.0,0.0,1.0,57.0,24.0,0.0,21.0,1.0,0.0,2.0,0.0,2093246.0,26170417.0,0.03130240357741755,56.0,27.0,0.0,20.0,9.0,814.0,0,17.881849315068493,-0.9254642082049649,106.81515555555555,108.49437499999999,155.615,0,0.6198094904679031,7.357970714569092,0,1061.0,0.0,0.0,0.5849056603773585,45,390.0,0.008561643835616438,1.104362637602714,3.575131054521054,0.428,0.00010127607859023699,0.9684908789386402,0.01824212271973466,0.013266998341625208,0.3415270369712249,2.070521861777151,0.02627166014533259,0.0,278.0,720.0,148110.0,37509.0,48.0,108.0,56.0,31212.0,9.0,9.0,50.0,42.0,12.0,13.0,13.0,13.0,53.0,49.0,1736.0,1703.0,24.0,0.0,0.0,0.0,3.0,450.0,0.9245283018867925,0.9809907834101382,0.0,101660.0,99.66666666666667
18,19,1,mappo,0,2421,47193,-0.0035963756032288074,-54444.584433250784,-120.98796540722397,0.10956511199474335,0.8597800523042679,0.1318181818181818,-0.0003153092894278231,0.06361858223099262,0.9977777777777778,420.1347438752784,377.5,786.7,8,7,6,443,1106.0,1106.0,1316.0,3693.0,3552.0,122005.0,0.0,665.0,352.0,189.0,110.0,258.0,328.0,282.0,448.0,0.4946808510638298,2.6990881458966567,0.18706084431876574,0.10928839563546379,0.01955069693694978,0.7998313520175877,0.7217815118890658,1.3019716779646566,22.830880481339666,0.062166685750197105,0.015415440240669915,0.5015197568389058,0.003799392097264438,169768.0,1866.0,1749.0,11.0,0.0,99.0,99.0,80.0,112.0,95.0,70.0,70.0,52.0,17.0,0.0,1.0,130.0,35.0,0.0,17.0,1.0,0.0,0.0,17.0,2184972.0,27135330.0,0.10289389067524116,192.0,99.0,0.0,13.0,80.0,850.0,0,24.66152086906804,-1.212010728842158,119.27550833333333,124.73500000000001,185.18125000000003,1,0.42160545323285537,10.156408309936523,61,1012.0,7.0,1.0,0.7428571428571429,45,536.9444444444445,0.006289308176100629,2.2972788865308247,6.773246281986197,0.3135483870967742,6.47943075255643e-05,0.9307774227902024,0.05058572949946752,0.01863684771033014,0.36816125113341025,2.3136423841059597,0.06002143622722401,0.015555555555555555,355.0,751.0,169768.0,40203.0,16.0,257.0,190.0,44330.0,30.0,30.0,225.0,151.0,8.0,36.0,36.0,10.0,70.0,65.0,1796.0,1684.0,18.0,0.0,17.0,17.0,21.0,449.0,0.9285714285714286,0.9376391982182628,0.0022222222222222365,273472.0,159.83167738164815
19,20,1,mappo,0,2465,49658,-0.006384567799977958,-30665.149819217146,-68.1447773760381,0.041653264313936234,0.9375038295984268,0.13080808080808082,0.0005725451433280848,0.0779809701256454,1.0,371.18555555555554,369.25,713.6500000000001,0,0,0,450,910.0,910.0,1558.0,4716.0,4525.0,116264.0,0.0,767.0,409.0,251.0,131.0,238.0,325.0,343.0,652.0,0.5077021822849808,2.9043645699614893,0.25565942242294454,0.11800544027033452,0.02111009662565614,0.8462654933637063,0.7598271939583094,1.6829393657243588,31.263592833864106,0.03798163499068841,0.019631796416932457,0.5198973042362003,0.005776636713735558,147115.0,1674.0,1649.0,4.0,0.0,50.0,50.0,46.0,62.0,14.0,55.0,55.0,40.0,15.0,0.0,0.0,37.0,23.0,3.0,15.0,0.0,0.0,2.0,6.0,2242426.0,27834189.0,0.06451612903225806,108.0,50.0,0.0,12.0,46.0,822.0,0,18.513644633110978,-0.9343983179693565,113.7532138888889,105.46937500000001,176.06875,0,0.500227414735415,9.432014465332031,10,1313.0,0.0,0.0,0.7272727272727273,45,457.56111111111113,0.002425712553062462,1.1645179702802801,3.623257915082507,0.4743758212877792,2.718961356761717e-05,0.9780545670225386,0.00830367734282325,0.013641755634638196,0.37392752551633857,2.1395396073121185,0.037037037037037035,0.0,223.0,687.0,147115.0,25808.0,22.0,250.0,197.0,30517.0,23.0,23.0,157.0,125.0,12.0,68.0,68.0,5.0,55.0,50.0,1619.0,1599.0,17.0,0.0,6.0,6.0,10.0,450.0,0.9090909090909091,0.9876466954910439,0.0,101522.0,79.06697819314641
20,21,1,mappo,0,2575,52233,-0.041200383435352705,-30254.780800038578,-67.23284622230796,0.04389344962934653,0.985283280412356,0.1297979797979798,0.0005668540359580939,0.13472179734768966,1.0,408.1744444444444,377.5,848.6,2,1,1,449,948.0,948.0,1627.0,5270.0,4997.0,125912.0,0.0,733.0,409.0,317.0,168.0,194.0,267.0,395.0,771.0,0.5494775660725261,3.071296865396435,0.28878130378303496,0.13026266533666198,0.023302802320177077,0.7230606288119656,0.6601043915769318,1.778884603707412,33.76357596638208,0.05944517574663155,0.02088178798319119,0.5457897971727105,0.007375537799631223,162125.0,1761.0,1688.0,0.0,0.0,53.0,53.0,50.0,60.0,66.0,70.0,70.0,61.0,9.0,0.0,0.0,80.0,14.0,0.0,9.0,0.0,0.0,5.0,0.0,2310417.0,28656848.0,0.06246450880181715,110.0,53.0,0.0,7.0,50.0,907.0,0,19.617890995260662,-0.9190126844389963,114.84051666666666,111.4075,180.5325,0,0.5128372833866367,7.939136505126953,0,1449.0,1.0,0.0,0.8714285714285714,45,605.0555555555555,0.0,1.6759288238056398,5.080954080197554,0.34760705289672544,0.0,0.9547511312217195,0.03733031674208145,0.007918552036199095,0.4100760658796032,2.4875496688741707,0.034071550255536626,0.0022222222222222222,319.0,629.0,162125.0,48398.0,0.0,104.0,35.0,35218.0,0.0,0.0,124.0,29.0,1.0,11.0,11.0,11.0,70.0,63.0,1691.0,1625.0,14.0,0.0,0.0,0.0,6.0,450.0,0.9,0.960969840331165,0.0,468233.0,338.56326825741144
21,22,1,mappo,0,2865,55098,0.000548864850619187,-126180.00830100889,-280.40001844668643,0.20848899458845457,0.7536023606856664,0.12878787878787878,0.0006776567533542573,0.17640514931796739,0.9488888888888889,659.5807962529274,623.5,1210.3000000000002,63,36,13,414,1314.0,1314.0,1574.0,3927.0,3777.0,204936.0,0.0,874.0,435.0,195.0,70.0,384.0,436.0,495.0,259.0,0.44472681067344344,2.399618805590851,0.24482898174854897,0.12793287958209007,0.022886024913238774,0.8053125198622823,0.7362408837637233,1.4192762843223474,25.301740096794415,0.05058619195755216,0.016650870048397586,0.44790343074968236,0.008259212198221092,273068.0,2240.0,1829.0,13.0,0.0,19.0,19.0,9.0,44.0,395.0,88.0,88.0,60.0,24.0,0.0,4.0,436.0,41.0,0.0,24.0,4.0,0.0,5.0,8.0,2442456.0,30161585.0,0.023660714285714285,53.0,19.0,0.0,25.0,9.0,941.0,0,24.68726079825041,-1.3757984304295217,137.90188333333333,134.1225,195.04087500000003,23,0.5591396894480646,12.39806079864502,509,1263.0,37.0,23.0,0.6818181818181818,43,719.4418604651162,0.007107709130672498,2.427134964219084,7.553854841210647,0.37660818713450295,4.760718941802042e-05,0.8068232166592822,0.1750110766504209,0.018165706690296855,0.3567727986165923,2.060224538893344,0.019642857142857142,0.08,453.0,861.0,273068.0,80049.0,64.0,245.0,159.0,61871.0,24.0,24.0,146.0,93.0,14.0,52.0,52.0,1.0,88.0,75.0,2152.0,1754.0,37.0,1.0,8.0,8.0,13.0,442.0,0.8522727272727273,0.8150557620817844,0.05111111111111111,1402899.0,691.7647928994082
22,23,1,mappo,0,2477,57575,-0.003811902820598334,-85047.01004011006,-188.99335564468902,0.09587020799517632,0.833940201997757,0.12777777777777777,0.0006755538209663126,0.05905980671523139,0.9977777777777778,581.1069042316259,555.0,1070.1,10,6,5,444,878.0,878.0,1600.0,4446.0,4288.0,176779.0,0.0,839.0,400.0,229.0,132.0,334.0,378.0,354.0,534.0,0.475625,2.68,0.2838028829975519,0.1367278826708207,0.02460594525473425,0.7940656830184162,0.6983597208962601,1.6049570998499092,28.91014847401675,0.06897230861707351,0.018455074237008703,0.475625,0.00375,237801.0,2065.0,1723.0,2.0,0.0,40.0,40.0,10.0,50.0,334.0,47.0,47.0,31.0,13.0,0.0,3.0,352.0,18.0,0.0,13.0,3.0,0.0,1.0,1.0,2560169.0,31602719.0,0.029055690072639227,60.0,40.0,0.0,10.0,10.0,1213.0,0,21.41091120139292,-1.0946000609848054,139.97212222222225,143.031875,190.24375000000003,1,0.6392955072487262,11.403398513793945,145,1223.0,6.0,1.0,0.6595744680851063,45,651.1222222222223,0.0011607661056297156,3.165610094937336,7.676962645841812,0.2664359861591695,8.410393564366844e-06,0.8302796528447445,0.16104146576663453,0.008678881388621022,0.358988611803122,2.1529729729729725,0.024213075060532687,0.013333333333333334,235.0,643.0,237801.0,53691.0,7.0,122.0,77.0,53905.0,12.0,12.0,132.0,75.0,4.0,3.0,3.0,3.0,47.0,37.0,2018.0,1686.0,18.0,2.0,1.0,1.0,5.0,449.0,0.7872340425531915,0.8354806739345887,0.0022222222222222365,2136785.0,1322.2679455445545
23,24,1,mappo,0,2634,60209,-0.006356224398283909,-26321.47469501752,-58.49216598892782,0.039374125810960926,0.9563812464475632,0.12676767676767675,0.000998816016173613,0.12958619402100643,1.0,400.8522222222222,361.0,776.6500000000001,0,0,0,450,931.0,931.0,1707.0,5497.0,5141.0,125357.0,0.0,813.0,439.0,309.0,146.0,256.0,196.0,527.0,728.0,0.523725834797891,3.011716461628588,0.3187011587168906,0.12020721722461881,0.021503974555369072,0.743464670852334,0.6665000885874514,1.8569052942929976,33.10293797985037,0.054122584359792864,0.02055146898992542,0.5166959578207382,0.007615700058582308,159836.0,1767.0,1706.0,0.0,0.0,41.0,41.0,27.0,53.0,54.0,67.0,67.0,52.0,13.0,0.0,2.0,73.0,19.0,4.0,13.0,2.0,0.0,4.0,0.0,2624601.0,32408031.0,0.045274476513865305,80.0,41.0,0.0,12.0,27.0,892.0,0,18.679953106682298,-0.9750145472582837,100.94737777777779,108.73750000000001,140.78462500000003,0,0.35837364581273595,6.490860462188721,23,1510.0,0.0,0.0,0.7761194029850746,45,611.4777777777778,0.0,1.593430235074221,4.6995023587790845,0.38366336633663367,0.0,0.9589657110736369,0.03035413153456998,0.010680157391793142,0.40445046248686833,2.596537396121883,0.029994340690435765,0.0,285.0,646.0,159836.0,42344.0,8.0,121.0,53.0,33900.0,2.0,2.0,87.0,43.0,5.0,4.0,4.0,4.0,67.0,60.0,1700.0,1646.0,19.0,0.0,0.0,0.0,4.0,450.0,0.8955223880597015,0.9682352941176471,0.0,235137.0,121.14219474497682
24,25,1,mappo,0,2925,63134,-0.004623652377631515,-146263.83589722557,-325.03074643827904,0.2313731691489617,0.7472101921836535,0.12575757575757576,0.0020899735079054813,0.16911271881933013,0.9866666666666667,744.8738738738739,749.25,1302.75,26,17,11,433,1293.0,1293.0,1638.0,4128.0,3994.0,223791.0,0.0,857.0,495.0,221.0,65.0,400.0,442.0,474.0,322.0,0.47680097680097683,2.4383394383394386,0.26125387628409236,0.15401196265331626,0.027551334913335605,0.824460324232031,0.7309953841966121,1.4168252852596075,25.344093409179276,0.06391358296987185,0.016672046704589945,0.47863247863247865,0.004884004884004884,294132.0,2214.0,1793.0,15.0,0.0,89.0,89.0,73.0,104.0,405.0,72.0,72.0,49.0,23.0,0.0,0.0,436.0,31.0,0.0,23.0,0.0,0.0,4.0,4.0,2760816.0,34053175.0,0.07994579945799458,177.0,89.0,0.0,15.0,73.0,994.0,0,23.690462911321806,-1.197302395095172,159.77960000000002,163.11875,218.19675,6,0.6068029540413503,12.127274513244629,544,1221.0,17.0,6.0,0.6805555555555556,45,719.3055555555557,0.008365867261572783,2.6585965315174795,9.898794994182373,0.367170626349892,5.099751132144751e-05,0.8043087971274686,0.1817773788150808,0.013913824057450628,0.32863836490425413,1.9069069069069067,0.04697380307136405,0.03777777777777778,457.0,836.0,294132.0,75603.0,43.0,222.0,153.0,60166.0,22.0,22.0,142.0,103.0,11.0,54.0,54.0,12.0,72.0,60.0,2142.0,1733.0,27.0,0.0,4.0,4.0,14.0,449.0,0.8333333333333334,0.8090569561157797,0.013333333333333308,1289477.0,620.2390572390573
25,26,1,mappo,0,2559,65693,-0.006844628369435668,-29065.253695045816,-64.58945265565737,0.05994846001267433,0.857366544008255,0.12474747474747475,0.0017549577646423149,0.1970806455356069,1.0,430.16555555555556,390.75,814.0000000000001,0,0,0,450,968.0,968.0,1597.0,4425.0,4305.0,140135.0,0.0,784.0,479.0,211.0,123.0,204.0,560.0,351.0,482.0,0.509079524107702,2.695679398872887,0.3222099631003051,0.1262130663510349,0.02276526586197517,0.7843903503079654,0.7140345554813421,1.382183755667898,25.819443366287654,0.04922304239021559,0.01690972168314401,0.504070131496556,0.010018785222291797,172290.0,1724.0,1686.0,0.0,0.0,52.0,52.0,49.0,63.0,27.0,59.0,59.0,40.0,17.0,0.0,2.0,49.0,22.0,6.0,17.0,2.0,0.0,3.0,0.0,2820761.0,34783479.0,0.06496519721577726,112.0,52.0,0.0,11.0,49.0,848.0,0,18.5711743772242,-0.8277344449797338,136.07188333333335,142.39875,214.22625000000005,0,0.4339248880610746,6.449526548385619,16,1298.0,0.0,0.0,0.6779661016949152,45,591.8277777777778,0.0,1.3040616603257909,3.3405283566021917,0.36459709379128136,0.0,0.9717579250720461,0.015561959654178675,0.012680115273775217,0.3930253726601387,2.405630198336531,0.03654292343387471,0.0,309.0,659.0,172290.0,50516.0,7.0,95.0,41.0,30372.0,0.0,0.0,125.0,41.0,4.0,10.0,10.0,10.0,59.0,45.0,1665.0,1641.0,22.0,3.0,0.0,0.0,6.0,450.0,0.7627118644067796,0.9855855855855856,0.0,130380.0,77.93185893604304
26,27,1,mappo,0,2396,68089,-0.010395329448510893,-21073.208079972792,-46.82935128882843,0.03733743522316217,1.0276408672332764,0.12373737373737373,0.0011427935962118108,0.16865551620721816,1.0,369.1144444444444,328.75,726.0,0,0,0,450,836.0,836.0,1562.0,5159.0,5009.0,116141.0,0.0,664.0,424.0,292.0,182.0,197.0,143.0,362.0,860.0,0.5749039692701664,3.2067861715749038,0.3390206730573959,0.1216438651876703,0.02180192503877218,0.7483838870435734,0.6796436462051708,1.9577712631808821,36.41860767535057,0.06809482023956681,0.022209303837675387,0.5717029449423816,0.010243277848911651,147044.0,1701.0,1694.0,0.0,0.0,25.0,25.0,9.0,35.0,0.0,44.0,44.0,33.0,11.0,0.0,0.0,17.0,17.0,2.0,11.0,0.0,0.0,5.0,1.0,2878308.0,35477002.0,0.02586713697824809,44.0,25.0,0.0,10.0,9.0,908.0,0,18.98996458087367,-0.9114357395040026,95.39818611111113,101.8225,134.68725000000003,0,0.42054250736215465,7.0479882240295435,11,1427.0,0.0,0.0,0.75,46,551.4347826086956,0.0,1.3459096060371054,3.8798606877849826,0.4304556354916067,0.0,0.9900642898889538,0.0,0.009935710111046173,0.3973577267179673,2.5924714828897337,0.0205761316872428,0.0,186.0,650.0,147044.0,30047.0,2.0,113.0,71.0,30137.0,2.0,2.0,96.0,61.0,1.0,5.0,5.0,5.0,44.0,37.0,1657.0,1657.0,17.0,0.0,1.0,0.0,6.0,450.0,0.8409090909090909,1.0,0.0,77743.0,51.281662269129285
27,28,1,mappo,0,2401,70490,-0.008946229013599805,-38954.79040417146,-86.5662008981588,0.05682755019515753,1.0016065567731858,0.12272727272727273,0.0028798021496425187,0.23864811698440463,1.0,409.89444444444445,378.75,800.5,0,0,0,450,1011.0,1011.0,1395.0,4380.0,4255.0,134720.0,1.0,544.0,452.0,267.0,132.0,40.0,364.0,477.0,514.0,0.6100358422939068,3.050179211469534,0.4060146823498724,0.10515258012199273,0.01881083713921194,0.7762080522020445,0.7173848344547187,2.0273280202793726,34.091749430073286,0.06335695480457317,0.02104587471503689,0.610752688172043,0.010752688172043012,166581.0,1705.0,1669.0,0.0,0.0,143.0,143.0,117.0,161.0,27.0,64.0,64.0,39.0,19.0,1.0,5.0,54.0,27.0,5.0,19.0,5.0,1.0,1.0,1.0,2937975.0,36219120.0,0.16304985337243402,278.0,143.0,0.0,18.0,117.0,832.0,0,18.796285200718994,-1.0262787142109637,87.57223611111112,89.34250000000002,128.56,0,0.4922786324678856,8.533995628356934,9,1271.0,0.0,0.0,0.609375,46,542.2934782608696,0.0,1.5778635686284141,5.014642647638191,0.39473684210526316,0.0,0.9686593151479976,0.01567034242600116,0.01567034242600116,0.3888405897935181,2.28105610561056,0.09442815249266862,0.0,317.0,694.0,166581.0,36637.0,20.0,129.0,69.0,31789.0,4.0,4.0,88.0,52.0,15.0,16.0,16.0,16.0,64.0,55.0,1641.0,1614.0,27.0,0.0,1.0,0.0,5.0,450.0,0.859375,0.9835466179159049,0.0,236241.0,160.92711171662125
28,29,1,mappo,0,2263,72753,-0.010285268048755824,-17838.358861539968,-39.64079747008882,0.02385264979675412,0.8798915714025497,0.12171717171717171,0.0026678846024793756,0.21809350880794226,1.0,335.45222222222225,329.25,633.55,0,0,0,450,805.0,805.0,1458.0,4401.0,4191.0,102795.0,0.0,736.0,357.0,247.0,118.0,257.0,255.0,360.0,586.0,0.49519890260631,2.874485596707819,0.41121841516136226,0.1129033517115462,0.020314361286235896,0.793744122892949,0.7436243650642069,1.681540886947201,30.662100978316396,0.05234590814023532,0.019331050489158504,0.49382716049382713,0.0075445816186556925,133814.0,1736.0,1727.0,0.0,0.0,43.0,43.0,20.0,53.0,7.0,52.0,52.0,42.0,9.0,0.0,1.0,19.0,12.0,0.0,9.0,1.0,0.0,2.0,0.0,2995928.0,36928319.0,0.04205069124423963,73.0,43.0,0.0,10.0,20.0,958.0,0,18.493341053850607,-0.9795290551785795,105.37928333333335,104.20000000000002,150.75500000000002,0,0.43581640665654164,6.497608661651611,13,1377.0,0.0,0.0,0.8076923076923077,45,433.90555555555557,0.0,1.6605355626759248,4.784511019097679,0.372787610619469,0.0,0.9891179839633448,0.004009163802978236,0.006872852233676976,0.3840606323580882,2.2576309794988583,0.03052995391705069,0.0,212.0,593.0,133814.0,26649.0,6.0,134.0,83.0,31250.0,18.0,18.0,135.0,79.0,2.0,6.0,6.0,6.0,52.0,50.0,1684.0,1677.0,12.0,0.0,0.0,0.0,2.0,450.0,0.9615384615384616,0.9958432304038005,0.0,62157.0,46.699474079639366
29,30,1,mappo,0,2400,75153,-0.010950879938900471,-37998.198966968346,-84.44044214881855,0.05518950615078211,0.8454767137765884,0.12070707070707071,0.0018423740644490927,0.21268393034115435,1.0,392.2322222222222,369.5,759.05,0,0,0,450,1117.0,1117.0,1284.0,3573.0,3425.0,120343.0,0.0,639.0,396.0,201.0,48.0,135.0,362.0,582.0,205.0,0.5023364485981309,2.6674454828660434,0.448337188950882,0.10270134363007206,0.01837233329685753,0.787827148432974,0.7320978518816964,1.5981208074048452,26.477483151323884,0.05690245943827328,0.017238741575662096,0.4968847352024922,0.010903426791277258,156370.0,1748.0,1671.0,7.0,0.0,185.0,185.0,174.0,202.0,67.0,63.0,63.0,36.0,27.0,0.0,0.0,94.0,27.0,1.0,27.0,0.0,0.0,0.0,0.0,3064010.0,37756497.0,0.2151029748283753,376.0,185.0,0.0,17.0,174.0,822.0,0,18.824057450628366,-0.9284962817322474,100.9652138888889,101.28375000000001,155.39375,0,0.4821466823827837,7.158003330230713,8,1120.0,0.0,0.0,0.5714285714285714,45,492.16666666666663,0.004189108318372232,1.2229008589591746,3.832501257269588,0.43087248322147653,4.476562000383705e-05,0.9467422096317281,0.037960339943342775,0.01529745042492918,0.37677277349869276,2.2374830852503376,0.11556064073226545,0.0,433.0,684.0,156370.0,44281.0,138.0,93.0,30.0,32593.0,2.0,2.0,24.0,17.0,15.0,12.0,12.0,10.0,63.0,53.0,1685.0,1618.0,27.0,0.0,0.0,0.0,7.0,450.0,0.8412698412698413,0.9602373887240356,0.0,159522.0,113.45803698435277
30,31,1,mappo,0,2557,77710,-0.005193481995956972,-128190.17030897574,-284.8670451310572,0.3003127470612526,0.7852229744195938,0.11969696969696969,-0.00030530886229893637,0.10282704220153391,0.9888888888888889,681.0910112359551,685.0,1231.3,21,12,7,438,981.0,981.0,1589.0,4374.0,4223.0,214638.0,0.0,879.0,360.0,226.0,124.0,415.0,262.0,364.0,548.0,0.446821900566394,2.65764631843927,0.3370035307996486,0.14416003290767787,0.025788914809639983,0.8330107106914529,0.7572415186759832,1.4330253990479194,26.430561695587244,0.05375555402262259,0.017215280847793907,0.47010698552548774,0.0006293266205160479,280980.0,2177.0,1754.0,1.0,0.0,16.0,16.0,13.0,33.0,404.0,73.0,73.0,52.0,21.0,0.0,0.0,440.0,36.0,8.0,21.0,0.0,0.0,3.0,12.0,3192426.0,39378377.0,0.021129995406522738,46.0,16.0,0.0,17.0,13.0,1225.0,0,20.880843785632837,-0.9706829055235895,148.52203333333335,141.55375,211.80337500000005,5,0.6168645108897588,12.693438529968262,423,1270.0,12.0,5.0,0.7123287671232876,45,678.3555555555556,0.0005701254275940707,2.9594751939122705,9.65572879641218,0.3751087902523934,3.5589721688376398e-06,0.7993616051071591,0.18422252621979024,0.016415868673050615,0.34873706698145157,1.9378102189781017,0.01515847496554892,0.02666666666666667,270.0,711.0,280980.0,45912.0,31.0,236.0,166.0,57895.0,27.0,27.0,197.0,113.0,13.0,43.0,43.0,5.0,73.0,63.0,2104.0,1691.0,27.0,0.0,12.0,12.0,19.0,449.0,0.863013698630137,0.8037072243346007,0.011111111111111072,2058889.0,1073.456204379562
31,32,1,mappo,0,2225,79935,-0.011686245049349963,-110197.45988700478,-244.88324419334396,0.2095480665564537,0.9310177773237228,0.11868686868686867,0.0013982812261395417,0.21412959955632688,0.9977777777777778,645.2572383073497,640.0,1207.1,15,11,10,439,1023.0,1023.0,1203.0,3759.0,3662.0,185776.0,0.0,502.0,338.0,262.0,101.0,66.0,252.0,448.0,437.0,0.5827098919368247,3.0440565253532834,0.5478618743357961,0.13222788444604858,0.023654362135307427,0.6976951218863557,0.5815270835545737,1.8822900124143045,31.25485096474589,0.1458704092531911,0.01962742548237311,0.5910224438902744,0.007481296758104738,257969.0,2103.0,1691.0,0.0,0.0,44.0,44.0,19.0,64.0,405.0,48.0,48.0,24.0,21.0,0.0,3.0,432.0,27.0,0.0,21.0,3.0,0.0,1.0,2.0,3333254.0,41036171.0,0.03946742748454589,83.0,44.0,0.0,20.0,19.0,1140.0,0,26.18568894145476,-1.091893267455815,120.40978333333332,118.9775,172.40925000000001,1,0.658640313980769,9.63077507019043,377,1064.0,11.0,1.0,0.5,45,682.3777777777777,0.0,2.2774269412946997,5.981127616673449,0.23434535104364326,0.0,0.796514366462553,0.19076778144135656,0.012717852096090438,0.36163030470704527,2.03203125,0.030432715168806468,0.024444444444444446,327.0,696.0,257969.0,83771.0,3.0,116.0,71.0,58853.0,0.0,0.0,99.0,53.0,8.0,7.0,7.0,7.0,48.0,42.0,2055.0,1649.0,26.0,0.0,2.0,2.0,4.0,450.0,0.875,0.8024330900243309,0.0022222222222222365,2227383.0,1274.2465675057208
32,33,1,mappo,0,2374,82309,-0.0013521755405236035,-51364.86709735473,-114.14414910523273,0.06857945546507835,0.6557138830423355,0.11767676767676767,0.00013083338998898242,0.1541616373695433,1.0,442.37666666666667,439.0,783.2,2,2,2,448,1116.0,1116.0,1258.0,3200.0,3061.0,136119.0,2.0,826.0,214.0,142.0,76.0,449.0,186.0,252.0,371.0,0.34340222575516693,2.433227344992051,0.39723945177487424,0.10840801391839412,0.020308368337756712,0.8517393028150373,0.7830424798291253,1.1939747918163277,19.955220891876053,0.04592465245772711,0.014048760851545819,0.34181240063593005,0.000794912559618442,179816.0,1853.0,1725.0,6.0,0.0,208.0,208.0,209.0,215.0,115.0,75.0,75.0,59.0,15.0,0.0,1.0,133.0,18.0,2.0,15.0,1.0,0.0,1.0,1.0,3416621.0,41993721.0,0.22881813275769022,424.0,208.0,2.0,5.0,209.0,984.0,0,21.471884057971014,-0.8596015923457239,137.47376666666668,143.27125,197.62950000000004,0,0.6288547864298061,9.86583423614502,77,1010.0,2.0,0.0,0.7866666666666666,45,430.1333333333333,0.0034782608695652175,2.027764206295447,5.083749977691852,0.32151029748283755,3.3367442274324864e-05,0.9284176533907428,0.06189451022604951,0.00968783638320775,0.3390435277908246,1.9615034168564918,0.11602806260118727,0.0044444444444444444,446.0,670.0,179816.0,50703.0,9.0,113.0,38.0,39570.0,5.0,5.0,47.0,29.0,9.0,14.0,14.0,6.0,75.0,61.0,1778.0,1664.0,17.0,2.0,1.0,1.0,6.0,450.0,0.8133333333333334,0.9358830146231721,0.0,981234.0,779.9952305246422
33,34,1,mappo,0,2069,84378,-0.015115673715869585,-22263.391179684982,-49.47420262152218,0.05342685580253601,1.0116492986679078,0.11666666666666667,0.004545491495693218,0.20952505966027576,1.0,331.81,315.5,628.0500000000002,0,0,0,450,829.0,829.0,1246.0,4078.0,3950.0,103822.0,0.0,528.0,356.0,231.0,131.0,11.0,357.0,287.0,591.0,0.5762439807383628,3.1701444622792936,0.6073259189067166,0.10840976515554646,0.019393517987811595,0.7688562416428188,0.6757330672372952,2.0014949595060627,34.52543035618599,0.07566387827840902,0.021262715178093177,0.5778491171749599,0.008025682182985553,134145.0,1717.0,1695.0,2.0,1.0,40.0,40.0,13.0,55.0,13.0,76.0,76.0,54.0,19.0,0.0,2.0,37.0,24.0,6.0,19.0,2.0,0.0,3.0,0.0,3473581.0,42672827.0,0.039603960396039604,68.0,40.0,0.0,15.0,13.0,937.0,0,18.222418879056047,-0.9253309960843994,85.84364166666668,90.03375,122.757,0,0.5049763644598271,7.370402812957764,10,1286.0,0.0,0.0,0.7105263157894737,45,426.76666666666665,0.0011799410029498525,1.476079639810489,4.137036570170538,0.4501187648456057,1.4909240001490924e-05,0.9786250722125939,0.007510109763142692,0.01386481802426343,0.36950974843925644,2.3416006339144215,0.0320326150262085,0.0,164.0,665.0,134145.0,31088.0,12.0,130.0,61.0,30353.0,8.0,8.0,100.0,53.0,8.0,19.0,19.0,19.0,76.0,64.0,1641.0,1631.0,24.0,3.0,0.0,0.0,7.0,449.0,0.8421052631578947,0.9939061547836685,0.0,92212.0,79.42463393626184
34,35,1,mappo,0,2528,86906,-0.0035074927407549696,-37059.35317284431,-82.35411816187624,0.042998026683926584,0.5778958648443222,0.11565656565656565,0.001339742816480216,0.1276536203920841,1.0,410.62555555555554,373.0,743.1,0,0,0,450,1076.0,1076.0,1460.0,3319.0,3091.0,133288.0,0.0,962.0,361.0,109.0,28.0,453.0,557.0,276.0,174.0,0.3410958904109589,2.117123287671233,0.41958105243385246,0.10676733231401607,0.019099701615688327,0.8949812847648888,0.8227046335720432,1.1738049870515441,18.211978878328345,0.029757051082617954,0.013105989439164266,0.33972602739726027,0.002054794520547945,164205.0,1755.0,1711.0,15.0,0.0,40.0,40.0,19.0,51.0,33.0,66.0,66.0,46.0,17.0,0.0,2.0,55.0,22.0,8.0,17.0,2.0,0.0,3.0,0.0,3531496.0,43417862.0,0.039886039886039885,70.0,40.0,0.0,11.0,19.0,716.0,0,17.47457627118644,-0.9608318575454354,125.97454722222223,131.40625,173.55800000000013,0,0.5999369873491486,8.823575019836426,2,1055.0,0.0,0.0,0.696969696969697,45,461.9333333333333,0.008766803039158387,0.9834560328559254,2.8986537588310606,0.4675925925925926,9.134922809902256e-05,0.9688385269121813,0.018696883852691217,0.012464589235127478,0.3448143708470095,2.1846514745308308,0.02905982905982906,0.0,277.0,799.0,164205.0,31757.0,339.0,104.0,43.0,30494.0,3.0,3.0,46.0,37.0,10.0,15.0,15.0,15.0,66.0,49.0,1689.0,1662.0,22.0,6.0,0.0,0.0,7.0,449.0,0.7424242424242424,0.9840142095914742,0.0,168550.0,145.05163511187607
35,36,1,mappo,0,2370,89276,-0.004886401614930947,-44932.0840250818,-99.84907561129289,0.060437691397964954,0.8013161450624466,0.11464646464646464,0.0016694336597961267,0.21317475028336047,1.0,411.6322222222222,385.0,755.1500000000001,3,3,3,447,1051.0,1051.0,1319.0,3651.0,3503.0,120948.0,0.0,669.0,369.0,232.0,49.0,143.0,369.0,606.0,201.0,0.4927975739196361,2.6557998483699774,0.5917475572232951,0.09812762976184182,0.017554137676776337,0.8148514780652278,0.7610428100829582,1.539771487561544,24.526748118852918,0.06241114285155029,0.0162633740594266,0.4943138741470811,0.0037907505686125853,163394.0,1843.0,1704.0,33.0,0.0,36.0,36.0,30.0,64.0,131.0,78.0,78.0,43.0,35.0,0.0,0.0,167.0,36.0,0.0,35.0,0.0,0.0,1.0,0.0,3612636.0,44363194.0,0.051003798155181766,94.0,36.0,0.0,28.0,30.0,848.0,0,20.663145539906104,-1.0580503847586433,102.23385555555555,101.28375000000001,149.4440000000001,0,0.5740564227847167,8.045561790466309,38,1136.0,3.0,0.0,0.5512820512820513,45,466.7222222222222,0.01936619718309859,1.3239926575962093,3.929356979021118,0.41255006675567424,0.00020196580045778916,0.9107429182255479,0.07001603420630678,0.019241047568145375,0.36011990207007893,2.1437012987012984,0.03472599023331525,0.006666666666666667,319.0,732.0,163394.0,42788.0,1059.0,110.0,37.0,38908.0,0.0,0.0,38.0,23.0,8.0,19.0,19.0,18.0,78.0,69.0,1765.0,1635.0,36.0,1.0,0.0,0.0,5.0,450.0,0.8846153846153846,0.9263456090651558,0.0,317757.0,254.2056
36,37,1,mappo,0,2780,92056,-0.005292234551840617,-93049.78332561482,-206.77729627914402,0.17517790229370198,0.8507650246222814,0.11363636363636363,-9.387949280723988e-05,0.14380538336505802,1.0,648.4211111111111,628.0,1207.3500000000001,14,12,12,438,1078.0,1078.0,1702.0,5067.0,4753.0,201089.0,0.0,760.0,557.0,257.0,128.0,181.0,556.0,400.0,565.0,0.5534665099882491,2.7925969447708576,0.5219406349634802,0.14645632061577643,0.026199699554605504,0.7800758676001525,0.6823993043875,1.6835963711789406,28.57268753889171,0.08716059994149485,0.018286343769446163,0.5511163337250293,0.0023501762632197414,262820.0,2079.0,1701.0,7.0,0.0,56.0,56.0,30.0,82.0,357.0,60.0,60.0,31.0,27.0,0.0,2.0,404.0,47.0,0.0,27.0,2.0,0.0,3.0,15.0,3731653.0,45905159.0,0.05387205387205387,112.0,56.0,0.0,26.0,30.0,1058.0,0,22.569664902998237,-1.1156343730507783,137.94031388888888,142.60250000000002,186.77625000000006,0,0.6383326631781231,8.395648002624512,52,1325.0,13.0,0.0,0.5166666666666667,45,735.4888888888888,0.00411522633744856,2.0743344979412477,5.133084636000998,0.3114080164439877,2.663419831063085e-05,0.8080760095011876,0.16959619952494062,0.022327790973871733,0.3678910424581192,2.1572850318471337,0.039442039442039445,0.02666666666666667,385.0,693.0,262820.0,68339.0,9.0,179.0,118.0,55308.0,6.0,6.0,140.0,99.0,2.0,19.0,19.0,19.0,60.0,47.0,2019.0,1654.0,34.0,5.0,15.0,15.0,18.0,450.0,0.7833333333333333,0.8192174343734522,0.0,1259820.0,728.2196531791908
37,38,1,mappo,0,2809,94865,-0.002875443771093463,-103289.38749608412,-229.53197221352028,0.23038645647466183,0.8182132989168167,0.11262626262626263,0.0005269789618371767,0.15814846051701656,0.9977777777777778,665.6380846325167,642.5,1185.0,4,2,1,448,1059.0,1059.0,1765.0,5141.0,4928.0,214456.0,0.0,867.0,463.0,296.0,139.0,365.0,308.0,421.0,671.0,0.5087818696883852,2.7920679886685553,0.4313669887041573,0.14899050865016308,0.026653042721374767,0.8393952830106274,0.7542575328526412,1.6267019653339292,29.823331128109363,0.06269404173786836,0.018911665564054863,0.5320113314447592,0.0,264935.0,1979.0,1755.0,6.0,0.0,88.0,88.0,85.0,108.0,205.0,86.0,86.0,52.0,31.0,0.0,2.0,244.0,39.0,14.0,31.0,2.0,0.0,3.0,3.0,3827820.0,47151755.0,0.09752400202122284,193.0,88.0,0.0,20.0,85.0,1022.0,0,20.162393162393162,-0.976588830514499,144.2188361111111,138.53250000000003,207.8475,1,0.6820863561942667,10.927267074584961,82,1372.0,2.0,1.0,0.6046511627906976,45,673.3222222222223,0.003418803418803419,2.6067549206243004,8.35201582186066,0.36613756613756615,2.2647064374280485e-05,0.8778167250876314,0.10265398097145718,0.019529293940911366,0.34143000287641034,2.0382879377431906,0.05457301667508843,0.0044444444444444444,309.0,750.0,264935.0,36330.0,70.0,246.0,168.0,44592.0,20.0,20.0,157.0,107.0,19.0,54.0,54.0,7.0,86.0,69.0,1893.0,1686.0,36.0,1.0,3.0,3.0,17.0,448.0,0.8023255813953488,0.8906497622820919,0.0022222222222222365,706534.0,423.8356328734253
38,39,1,mappo,0,2329,97194,-0.009007168860989623,-49337.34159252539,-109.63853687227864,0.0604205759242177,0.6081815987825394,0.11161616161616161,-0.0003466437013184831,0.11923741176724434,1.0,430.5411111111111,423.0,765.55,0,0,0,450,1011.0,1011.0,1340.0,3167.0,2934.0,133447.0,0.0,876.0,318.0,117.0,29.0,373.0,505.0,297.0,165.0,0.34626865671641793,2.18955223880597,0.45275496434587154,0.10779821739823961,0.019284117605134068,0.893654951208563,0.8325923762638678,1.207025428592561,18.913725147746614,0.03577877692705471,0.01345686257387324,0.34701492537313433,0.0029850746268656717,174255.0,1805.0,1679.0,2.0,0.0,26.0,26.0,13.0,39.0,112.0,81.0,81.0,55.0,18.0,0.0,8.0,139.0,27.0,22.0,18.0,8.0,0.0,1.0,0.0,3905749.0,48134460.0,0.028808864265927978,52.0,26.0,0.0,13.0,13.0,854.0,0,20.213222156045266,-1.0560607942497353,121.68530277777776,127.648125,167.89000000000001,0,0.607866420891912,9.2754545211792,2,1024.0,0.0,0.0,0.6790123456790124,45,429.4666666666667,0.0011911852293031567,1.4023443117485983,4.281850050689375,0.4070221066319896,1.1477432498350119e-05,0.9235423542354235,0.061606160616061605,0.01485148514851485,0.3367442520652306,1.948995271867611,0.021606648199445983,0.0,265.0,746.0,174255.0,37358.0,302.0,109.0,48.0,37136.0,4.0,4.0,44.0,37.0,3.0,12.0,12.0,12.0,81.0,56.0,1724.0,1623.0,27.0,11.0,0.0,0.0,8.0,450.0,0.691358024691358,0.941415313225058,0.0,283715.0,233.31825657894737
39,39,0,mappo,2038,2038,99232,,-15642.376655491273,-34.76083701220283,,,0.1106060606060606,,,1.0,298.09444444444443,246.75,586.25,0,0,0,450,795.0,795.0,1243.0,3962.0,3820.0,88169.0,0.0,614.0,329.0,209.0,91.0,82.0,258.0,390.0,513.0,0.5060337892196299,3.073209975864843,0.6986146952360509,0.11042133457988669,0.019976345261211236,0.784918960113429,0.7285878430195573,1.8021407051081149,32.15499736228733,0.06288451201114491,0.02007749868114392,0.5068382944489139,0.004022526146419952,118056.0,1710.0,1694.0,2.0,0.0,58.0,58.0,28.0,67.0,10.0,54.0,54.0,43.0,10.0,0.0,1.0,25.0,15.0,0.0,10.0,1.0,0.0,3.0,1.0,3961826.0,48809604.0,0.05555555555555555,95.0,58.0,0.0,9.0,28.0,966.0,0,18.066706021251477,-0.9951803885958902,93.22953611111113,95.12375,135.54250000000002,0,0.4238095131171497,8.71591567993164,12,1241.0,0.0,0.0,0.7962962962962963,45,492.26111111111106,0.0011806375442739079,1.5891366373395293,4.654822394318425,0.39149888143176736,1.694111269228163e-05,0.985456660849331,0.005817335660267597,0.008726003490401396,0.40789012513641176,2.7886524822695034,0.0391812865497076,0.0,233.0,562.0,118056.0,27274.0,4.0,109.0,55.0,30632.0,11.0,11.0,93.0,53.0,6.0,6.0,6.0,6.0,54.0,49.0,1656.0,1645.0,14.0,0.0,1.0,1.0,5.0,450.0,0.9074074074074074,0.9933574879227053,0.0,105399.0,84.3192
40,40,1,mappo,0,2589,101821,0.08798651670804247,-74547.92704967628,-165.66206011039174,0.15431149024516344,0.9396813288331032,0.1095959595959596,0.0022617147761688217,0.19100621162215248,1.0,636.7077777777778,602.25,1173.95,11,11,11,439,878.0,878.0,1712.0,5504.0,5367.0,201023.0,0.0,663.0,508.0,363.0,178.0,126.0,277.0,549.0,760.0,0.6127336448598131,3.134929906542056,0.6068788181455093,0.15218160921603302,0.02729862073309084,0.7303542747019756,0.5918127365865109,2.152200411979142,37.11642579642009,0.12869217937892147,0.02255821289820998,0.6098130841121495,0.007593457943925234,248624.0,1863.0,1707.0,0.0,0.0,33.0,33.0,16.0,42.0,149.0,56.0,56.0,43.0,11.0,0.0,2.0,165.0,16.0,1.0,11.0,2.0,0.0,3.0,0.0,4052416.0,49944880.0,0.031132581857219538,58.0,33.0,0.0,9.0,16.0,1034.0,0,21.43643819566491,-1.057841502200014,133.5982,129.78,190.66650000000007,0,0.5638873933005801,7.832898139953613,12,1547.0,11.0,0.0,0.7678571428571429,45,767.8499999999999,0.0,2.06007715561809,5.52058014941943,0.28526315789473683,0.0,0.9118589743589743,0.07959401709401709,0.008547008547008548,0.36922083953081963,2.2089248650892475,0.02254428341384863,0.024444444444444446,254.0,624.0,248624.0,78398.0,3.0,89.0,35.0,42629.0,0.0,0.0,54.0,30.0,3.0,9.0,9.0,4.0,56.0,49.0,1807.0,1658.0,16.0,0.0,0.0,0.0,5.0,450.0,0.875,0.9175428887659104,0.0,1343601.0,685.5107142857142
41,41,1,mappo,0,2380,104201,-0.004069336410611868,-26752.121963524394,-59.449159918943096,0.06554669197648763,0.7860114097595214,0.10858585858585859,0.0001813272111585107,0.28230232894420626,1.0,406.37888888888887,388.25,780.1,0,0,0,450,908.0,908.0,1474.0,4111.0,4018.0,130900.0,0.0,770.0,433.0,189.0,82.0,180.0,523.0,292.0,479.0,0.47761194029850745,2.7259158751696067,0.6108796332976711,0.12249916854341043,0.022174335520978628,0.8069642710095408,0.7507231021863869,1.3537829591787902,24.656507004208148,0.05838263821372527,0.016328253502104272,0.4755766621438263,0.004070556309362279,163171.0,1686.0,1670.0,9.0,0.0,41.0,41.0,35.0,48.0,4.0,42.0,42.0,25.0,13.0,0.0,4.0,23.0,19.0,2.0,13.0,4.0,0.0,1.0,1.0,4112856.0,50660348.0,0.04922894424673784,83.0,41.0,0.0,7.0,35.0,835.0,0,19.879640718562875,-0.9326960864212441,141.00975555555556,149.30750000000003,207.15000000000003,0,0.49148490297735287,6.3876752853393555,6,1175.0,0.0,0.0,0.5952380952380952,45,497.7944444444445,0.005389221556886228,1.661991545852508,4.601854911898626,0.37948717948717947,5.515685998124667e-05,0.9864146485528648,0.002362669816893089,0.011222681630242174,0.37433145920807975,2.1587894397939467,0.028469750889679714,0.0,277.0,631.0,163171.0,45818.0,17.0,68.0,33.0,31385.0,0.0,0.0,139.0,33.0,2.0,3.0,3.0,3.0,42.0,30.0,1644.0,1640.0,19.0,0.0,1.0,1.0,7.0,450.0,0.7142857142857143,0.9975669099756691,0.0,184417.0,126.57309540150995
42,42,1,mappo,0,2515,106716,-0.004979854798875749,-41339.49435238886,-91.86554300530857,0.04244518224149942,0.6131232053041458,0.10757575757575757,0.0016013632849287696,0.1612370565533638,1.0,411.2811111111111,383.75,753.8500000000001,0,0,0,450,1087.0,1087.0,1433.0,3463.0,3227.0,124216.0,0.0,881.0,378.0,136.0,38.0,370.0,532.0,331.0,200.0,0.38520586182833216,2.2519190509420794,0.5759119329829775,0.11439738496852063,0.020464648472974488,0.8784281862360235,0.7937058608703425,1.3407515763784426,21.09862087026046,0.038614413410660214,0.01454931043513032,0.38520586182833216,0.0006978367062107466,164530.0,1820.0,1710.0,183.0,0.0,79.0,79.0,65.0,95.0,90.0,69.0,69.0,36.0,31.0,0.0,2.0,126.0,36.0,5.0,31.0,2.0,0.0,2.0,1.0,4189164.0,51611059.0,0.08791208791208792,160.0,79.0,0.0,16.0,65.0,819.0,0,19.916374269005846,-1.0493994682587608,122.19848888888889,123.44375,177.13375000000005,0,0.5987595773924232,7.5473134517669695,3,1049.0,0.0,0.0,0.5217391304347826,45,465.4722222222222,0.10701754385964912,1.133156496224899,3.8341190896330564,0.49261744966442955,0.0011122591624627728,0.9313725490196079,0.049019607843137254,0.0196078431372549,0.3406531953603571,2.1353094462540714,0.0521978021978022,0.0,325.0,762.0,164530.0,38076.0,517.0,124.0,65.0,36147.0,8.0,8.0,58.0,50.0,7.0,14.0,14.0,14.0,69.0,40.0,1751.0,1670.0,36.0,9.0,1.0,1.0,9.0,450.0,0.5797101449275363,0.9537407195888064,0.0,283062.0,239.67993226079594
43,43,1,mappo,0,2297,109013,-0.006560081423958764,-51670.10046118666,-114.82244546930369,0.10285865925252438,0.8612546026706696,0.10656565656565656,0.002562525904706581,0.16825764626264572,1.0,439.6144444444444,415.5,854.0000000000001,2,2,2,448,865.0,865.0,1450.0,4336.0,4231.0,130411.0,0.0,722.0,393.0,230.0,105.0,166.0,364.0,343.0,577.0,0.5020689655172413,2.9179310344827587,0.6219673147669126,0.12479377936892982,0.022530316070268123,0.752259015777341,0.6700741552702826,1.5184396107166325,27.366693681141296,0.06977109230448211,0.017683346840570928,0.5020689655172413,0.0034482758620689655,178156.0,1884.0,1683.0,0.0,0.0,68.0,68.0,45.0,78.0,190.0,70.0,70.0,51.0,13.0,0.0,6.0,211.0,21.0,18.0,13.0,6.0,0.0,2.0,0.0,4280509.0,52723365.0,0.06528662420382166,123.0,68.0,0.0,10.0,45.0,1085.0,0,21.38918597742127,-0.9794094707464109,128.714,132.4325,178.00125000000006,0,0.5318297981371842,8.29575252532959,21,1279.0,2.0,0.0,0.7285714285714285,45,552.9,0.0,2.331069187939734,6.345141437882117,0.30940834141610085,0.0,0.8885955649419218,0.1003167898627244,0.011087645195353749,0.39103494448137366,2.2229843561973524,0.041401273885350316,0.0044444444444444444,227.0,638.0,178156.0,34581.0,33.0,166.0,113.0,43855.0,22.0,22.0,149.0,97.0,5.0,5.0,5.0,5.0,70.0,55.0,1814.0,1628.0,21.0,4.0,0.0,0.0,5.0,450.0,0.7857142857142857,0.8974641675854466,0.0,1191191.0,805.4029749830967
44,44,1,mappo,0,2238,111251,0.00404507769853808,-27970.13243192728,-62.155849848727286,0.06661141104996204,0.8684083968400955,0.10555555555555556,0.0020854040979697342,0.19464399786666037,1.0,373.63444444444445,359.5,688.8500000000001,0,0,0,450,890.0,890.0,1349.0,4266.0,4069.0,112267.0,0.0,634.0,371.0,237.0,107.0,164.0,196.0,443.0,546.0,0.5300222386953298,3.0163083765752408,0.6282911368150725,0.11304319302535569,0.0202223959149692,0.7692327789956769,0.6862695597644116,1.729579330059285,31.89789033371139,0.06679154815777688,0.019948945166855966,0.5203854707190512,0.010378057820607857,150687.0,1759.0,1711.0,3.0,1.0,20.0,20.0,12.0,29.0,41.0,69.0,69.0,55.0,14.0,0.0,0.0,57.0,16.0,1.0,14.0,0.0,0.0,1.0,1.0,4353562.0,53545658.0,0.023308698123934053,41.0,20.0,0.0,9.0,12.0,927.0,0,21.1385154880187,-0.9009546760968432,106.90183888888892,110.83875000000002,166.79775000000004,0,0.40331845499539715,6.736752510070801,17,1148.0,0.0,0.0,0.7971014492753623,45,462.6333333333333,0.0017533606078316774,1.4875081258709983,4.338047235605655,0.3639705882352941,1.9908817615321828e-05,0.9677601809954751,0.02319004524886878,0.00904977375565611,0.3672521071794279,2.1410292072322665,0.01648664013644116,0.0,226.0,664.0,150687.0,44452.0,3.0,111.0,45.0,35353.0,0.0,0.0,111.0,36.0,6.0,7.0,7.0,7.0,69.0,62.0,1690.0,1649.0,16.0,0.0,1.0,1.0,6.0,450.0,0.8985507246376812,0.9757396449704142,0.0,175093.0,107.3531575720417
45,45,1,mappo,0,2263,113514,-0.0023395327851176264,-42189.85851263809,-93.75524113919576,0.0560536302626133,0.8117861717939376,0.10454545454545455,0.0021503903249072477,0.2048723714891821,1.0,396.25666666666666,384.75,713.45,0,0,0,450,925.0,925.0,1338.0,3816.0,3720.0,124394.0,0.0,634.0,404.0,221.0,79.0,117.0,413.0,455.0,353.0,0.5261584454409567,2.780269058295964,0.6644432125738383,0.10213610921778976,0.01827121811281327,0.8058023226331859,0.716481417364278,1.7675683603982018,28.93366327867927,0.0715438229534978,0.018466831639339945,0.5396113602391629,0.0007473841554559044,160394.0,1768.0,1735.0,33.0,0.0,18.0,18.0,5.0,34.0,24.0,63.0,63.0,42.0,20.0,0.0,1.0,49.0,25.0,0.0,20.0,1.0,0.0,4.0,0.0,4421770.0,54360075.0,0.022058823529411766,39.0,18.0,0.0,16.0,5.0,864.0,0,20.43227665706052,-0.9782295704030584,93.07265277777779,93.6225,140.12375,0,0.5788938342661043,8.45053768157959,16,1152.0,0.0,0.0,0.6666666666666666,45,428.40555555555557,0.019020172910662825,1.5733047661298083,4.607018442744248,0.37707006369426754,0.00020574335698342832,0.9725336322869955,0.013452914798206279,0.014013452914798207,0.34049095252204364,2.064197530864197,0.019230769230769232,0.0,249.0,676.0,160394.0,39249.0,62.0,87.0,24.0,32218.0,0.0,0.0,46.0,22.0,14.0,16.0,16.0,16.0,63.0,54.0,1705.0,1681.0,25.0,0.0,0.0,0.0,5.0,450.0,0.8571428571428571,0.9859237536656892,0.0,164457.0,136.36567164179104
46,46,1,mappo,0,2353,115867,-0.0031593842431902885,-23753.63320265046,-52.78585156144547,0.036080853920429944,0.7885072499513626,0.10353535353535354,0.003659011950715674,0.14847072814591228,1.0,346.66333333333336,331.0,653.2,0,0,0,450,907.0,907.0,1447.0,4286.0,4113.0,102734.0,0.0,774.0,347.0,215.0,111.0,281.0,218.0,396.0,552.0,0.46510020732550106,2.842432619212163,0.6136206730623532,0.10641982920246447,0.01903753646931971,0.7928281167886363,0.6960522835144519,1.48724596543647,26.565345236902854,0.06229796018297558,0.017282672618451726,0.4644091223220456,0.00138217000691085,138297.0,1765.0,1718.0,0.0,0.0,59.0,59.0,49.0,74.0,38.0,66.0,66.0,45.0,17.0,0.0,4.0,62.0,24.0,1.0,17.0,4.0,0.0,3.0,0.0,4488836.0,55169614.0,0.06968838526912181,123.0,59.0,0.0,15.0,49.0,958.0,0,19.839930151338766,-0.9823825946119046,113.48376111111112,118.0875,172.34125,0,0.5427117045096974,7.767750263214111,0,1135.0,0.0,0.0,0.6818181818181818,45,443.9666666666667,0.0,1.6521622028937137,4.54243764350394,0.3607520564042303,0.0,0.9651685393258427,0.021348314606741574,0.01348314606741573,0.3632239555009966,2.2339123867069484,0.041926345609065156,0.0,255.0,652.0,138297.0,41156.0,7.0,91.0,34.0,34588.0,0.0,0.0,122.0,26.0,4.0,10.0,10.0,10.0,66.0,57.0,1699.0,1661.0,24.0,0.0,0.0,0.0,3.0,450.0,0.8636363636363636,0.9776339022954679,0.0,195723.0,172.74757281553397
47,47,1,mappo,0,2856,118723,-0.00856185593875125,-100064.54439127276,-222.36565420282835,0.3031977154314518,0.8199660827716192,0.10252525252525252,0.0012538044979581071,0.23355373771240315,0.9977777777777778,723.0044543429844,709.5,1321.3,11,10,9,440,1027.0,1027.0,1830.0,5342.0,5051.0,231766.0,0.0,798.0,666.0,256.0,110.0,163.0,680.0,420.0,567.0,0.5639344262295082,2.7601092896174864,0.6012331255828667,0.17233932911128294,0.030829933732544463,0.8168670025038345,0.7104319480023871,1.7825358883177018,30.350215718602442,0.08085979203176834,0.019175107859301377,0.5612021857923497,0.004371584699453552,286541.0,2012.0,1711.0,0.0,0.0,66.0,66.0,27.0,93.0,277.0,76.0,76.0,47.0,29.0,0.0,0.0,328.0,51.0,0.0,29.0,0.0,0.0,4.0,18.0,4593765.0,56581571.0,0.05964214711729622,120.0,66.0,0.0,27.0,27.0,1036.0,0,21.65926358854471,-1.0519650545679613,158.91799166666667,163.82,204.815,1,0.591823370479192,7.958902359008789,27,1519.0,10.0,1.0,0.618421052631579,45,744.1666666666667,0.0,2.1718931017005985,5.133084636000997,0.3365180467091295,0.0,0.8391368317802844,0.13585090730750368,0.02501226091221187,0.3516161374991844,1.9998590556730087,0.04622266401590457,0.022222222222222223,326.0,701.0,286541.0,66321.0,2.0,167.0,88.0,48553.0,11.0,11.0,112.0,83.0,12.0,9.0,9.0,9.0,76.0,62.0,1936.0,1649.0,34.0,7.0,18.0,18.0,24.0,450.0,0.8157894736842105,0.8517561983471075,0.0022222222222222365,937025.0,458.20293398533005
48,48,1,mappo,0,2307,121030,-0.011341407347936183,-36160.030509431715,-80.3556233542927,0.0513932915404439,0.780570062994957,0.1015151515151515,0.0033105305883366796,0.23442185819149017,1.0,380.5411111111111,359.0,715.75,0,0,0,450,1019.0,1019.0,1289.0,3649.0,3508.0,112509.0,0.0,674.0,349.0,199.0,67.0,130.0,354.0,550.0,255.0,0.47711404189294027,2.721489526764934,0.7132887574500868,0.10262794807680455,0.018359203524150595,0.8000930029907191,0.7299878539003091,1.5915821332823772,25.701673364597664,0.06578684160603719,0.016850836682298937,0.4864235841737781,0.0007757951900698216,151217.0,1772.0,1698.0,93.0,0.0,111.0,111.0,98.0,131.0,65.0,60.0,60.0,31.0,25.0,2.0,2.0,94.0,29.0,1.0,25.0,2.0,2.0,0.0,0.0,4667154.0,57439927.0,0.12923250564334085,229.0,111.0,0.0,20.0,98.0,862.0,0,20.748527679623088,-1.0482973897012349,103.14403333333334,101.28375000000001,157.26749999999998,0,0.5541521712188769,7.367748761177059,2,1079.0,0.0,0.0,0.5166666666666667,45,459.3555555555556,0.054770318021201414,1.7056103813293555,4.952660415249032,0.36295369211514394,0.0006150102171052197,0.9475446428571429,0.03627232142857143,0.016183035714285716,0.3667197684388994,2.1659470752089116,0.07392776523702031,0.0,363.0,656.0,151217.0,39999.0,285.0,93.0,37.0,36270.0,1.0,1.0,42.0,27.0,10.0,10.0,10.0,7.0,60.0,50.0,1712.0,1648.0,29.0,1.0,0.0,0.0,1.0,450.0,0.8333333333333334,0.9626168224299065,0.0,156338.0,130.6081871345029
49,49,1,mappo,0,2075,123105,0.007368654967285693,-40302.64829197718,-89.56144064883819,0.16530159612496695,0.6493237058321635,0.1005050505050505,0.003122067943021456,0.17288773123485346,1.0,394.1188888888889,367.5,765.1,0,0,0,450,876.0,876.0,1216.0,3232.0,3089.0,117335.0,2.0,753.0,246.0,141.0,76.0,357.0,218.0,268.0,373.0,0.3807565789473684,2.5402960526315788,0.613116352946044,0.11730796871951928,0.02152884316130535,0.8252528472315278,0.7265615161932625,1.3268504961619056,21.895828734775836,0.055723621626754344,0.015021980163634584,0.38651315789473684,0.0,157530.0,1713.0,1662.0,6.0,0.0,70.0,70.0,65.0,81.0,35.0,65.0,65.0,42.0,19.0,0.0,4.0,61.0,26.0,18.0,19.0,4.0,0.0,3.0,0.0,4743822.0,58247196.0,0.08523058960887332,146.0,70.0,1.0,10.0,65.0,960.0,0,23.03971119133574,-0.8476144332289985,130.0644111111111,133.45625,190.81875000000002,0,0.5631359871717962,7.444277286529541,0,1042.0,0.0,0.0,0.6461538461538462,45,478.31111111111113,0.0036101083032490976,1.376870797196138,3.760452058301831,0.36574074074074076,3.8087983241287376e-05,0.9645966337782936,0.020313406848520024,0.015089959373186303,0.3712638756933344,2.2476190476190476,0.047285464098073555,0.0,236.0,640.0,157530.0,32851.0,25.0,85.0,29.0,34380.0,2.0,2.0,44.0,25.0,5.0,14.0,14.0,10.0,65.0,47.0,1648.0,1615.0,26.0,2.0,0.0,0.0,12.0,450.0,0.7230769230769231,0.9799757281553398,0.0,226342.0,184.0178861788618
50,50,1,mappo,0,2650,125755,-0.014174414973240346,-90461.37368730611,-201.02527486068024,0.23311001559098563,0.8099332203467687,0.0994949494949495,0.0036261140642475883,0.2060880339704454,0.9977777777777778,587.6726057906459,575.5,1090.0,15,10,9,440,1105.0,1105.0,1546.0,4522.0,4337.0,183641.0,0.0,774.0,409.0,238.0,125.0,249.0,375.0,350.0,572.0,0.49935316946959896,2.8053040103492886,0.6259940750463197,0.14798436294229073,0.026597165777757618,0.7968411420123774,0.6837135654209088,1.6875117909640942,30.38902586335943,0.08697906461924457,0.01919451293168012,0.5038809831824063,0.00129366106080207,241000.0,2007.0,1726.0,57.0,0.0,332.0,332.0,300.0,346.0,271.0,59.0,59.0,39.0,20.0,0.0,0.0,295.0,24.0,0.0,20.0,0.0,0.0,3.0,1.0,4853608.0,59635841.0,0.3218734429496761,646.0,332.0,0.0,14.0,300.0,1214.0,0,21.665701042873696,-0.993873756184602,139.7304,142.3925,190.1278750000002,1,0.6672737207856508,11.13887882232666,173,1351.0,10.0,1.0,0.6610169491525424,45,609.3222222222223,0.03302433371958285,3.1318252384567913,10.636194345011422,0.28820960698689957,0.00023651452282157675,0.8540326571004453,0.13409203364670955,0.011875309252845126,0.35769263801084095,2.024500434404865,0.17239661185849528,0.022222222222222223,484.0,621.0,241000.0,49955.0,57.0,129.0,70.0,49924.0,15.0,15.0,130.0,63.0,3.0,12.0,12.0,12.0,59.0,45.0,1948.0,1681.0,23.0,5.0,1.0,1.0,7.0,450.0,0.7627118644067796,0.8629363449691991,0.0022222222222222365,1281208.0,832.4938271604939
51,51,1,mappo,0,2524,128279,-0.007124464290973265,-64278.57847552091,-142.84128550115759,0.14396745339035988,0.8417146176099777,0.09848484848484848,0.00043153338445307555,0.14720905660651623,1.0,563.69,547.75,1024.95,4,4,4,446,939.0,939.0,1590.0,4841.0,4585.0,173919.0,0.0,690.0,524.0,289.0,87.0,103.0,404.0,658.0,425.0,0.5660377358490566,2.8836477987421385,0.6603998435087174,0.1384743027037607,0.02477178945024527,0.7429138737139087,0.6196836376471925,1.913445937920322,31.406120190976786,0.10749429393967569,0.019703060095488684,0.570440251572327,0.0012578616352201257,219762.0,1873.0,1718.0,10.0,0.0,51.0,51.0,33.0,76.0,138.0,73.0,73.0,40.0,30.0,0.0,3.0,180.0,42.0,5.0,30.0,3.0,0.0,6.0,3.0,4940921.0,60756276.0,0.05819540843566471,109.0,51.0,0.0,25.0,33.0,994.0,0,21.066938300349243,-1.0541490167215777,121.69217777777777,125.36875000000002,158.02,0,0.5263195922995513,8.16444206237793,3,1328.0,4.0,0.0,0.547945205479452,45,630.55,0.005820721769499418,2.017094871570441,5.143600059134254,0.31933701657458563,4.550377226272058e-05,0.9051633298208641,0.07270811380400422,0.022128556375131718,0.3498151838557617,2.087631218621634,0.0405766150560598,0.008888888888888889,304.0,635.0,219762.0,61709.0,18.0,141.0,67.0,41746.0,11.0,11.0,88.0,54.0,18.0,12.0,12.0,12.0,73.0,53.0,1800.0,1665.0,42.0,3.0,3.0,3.0,12.0,450.0,0.726027397260274,0.925,0.0,355763.0,198.75027932960893
52,52,1,mappo,0,2217,130496,-0.007429925230098888,-37039.26206159576,-82.30947124799057,0.061862862855196,0.7878400981426239,0.09747474747474746,0.0024425517776446638,0.18189470022916793,1.0,376.3611111111111,367.0,703.6500000000001,0,0,0,450,950.0,950.0,1267.0,3660.0,3578.0,113365.0,0.0,616.0,392.0,185.0,74.0,114.0,352.0,444.0,357.0,0.5138121546961326,2.823993685872139,0.7800339326297757,0.09992519664359827,0.017875706022803767,0.7755294850437175,0.6876285154638546,1.660425535120119,27.190604136968965,0.07810972596240946,0.017595302068484676,0.5177584846093133,0.0023677979479084454,150898.0,1783.0,1708.0,19.0,0.0,13.0,13.0,2.0,34.0,63.0,77.0,77.0,50.0,25.0,0.0,2.0,96.0,33.0,0.0,25.0,2.0,0.0,5.0,1.0,5012390.0,61580977.0,0.020190689848569827,36.0,13.0,0.0,21.0,2.0,857.0,0,20.51814988290398,-0.9307416970190528,94.38368333333334,87.815,148.50125,0,0.5086844948867782,7.097142696380615,13,1156.0,0.0,0.0,0.6493506493506493,45,449.9666666666667,0.011124121779859485,1.5923634714993513,4.656533050031961,0.4083769633507853,0.00012591286829513975,0.9467849223946785,0.03492239467849224,0.018292682926829267,0.3571485816911457,2.1707084468664846,0.019068984856982614,0.0,251.0,699.0,150898.0,36426.0,42.0,112.0,41.0,34699.0,0.0,0.0,69.0,32.0,14.0,14.0,14.0,14.0,77.0,65.0,1706.0,1643.0,32.0,1.0,1.0,1.0,6.0,450.0,0.8441558441558441,0.963071512309496,0.0,162619.0,125.76875483372002
53,53,1,mappo,0,2321,132817,-0.007889012928353622,-80369.99216278833,-178.59998258397405,0.3399789914488792,0.7185645967721939,0.09646464646464646,-0.0014673799186321278,0.17278713681735097,1.0,547.37,531.75,1020.3000000000001,1,1,1,449,1016.0,1016.0,1306.0,3510.0,3316.0,169708.0,0.0,700.0,396.0,154.0,56.0,249.0,418.0,325.0,314.0,0.46401225114854516,2.539050535987749,0.5613265964922824,0.13900288762054072,0.024866348320752338,0.8457911752426789,0.7398258517241351,1.5729920137761924,25.51011629841914,0.06405330744247931,0.016755058149209672,0.4670750382848392,0.0015313935681470138,214445.0,1784.0,1666.0,88.0,0.0,43.0,43.0,36.0,70.0,101.0,80.0,80.0,39.0,38.0,0.0,3.0,145.0,44.0,1.0,38.0,3.0,0.0,3.0,0.0,5098041.0,62621769.0,0.05941704035874439,106.0,43.0,0.0,27.0,36.0,828.0,0,22.241896758703483,-0.9861937996862858,137.2217361111111,134.51875,195.78374999999997,0,0.6049342741112871,8.733868598937988,1,1027.0,1.0,0.0,0.4875,45,585.45,0.05282112845138055,1.7766340847117748,4.743427855752957,0.3319672131147541,0.000410361631187484,0.9199337382661513,0.05577029265599116,0.024295969077857537,0.3490630640749697,2.050869769628585,0.03923766816143498,0.0022222222222222222,315.0,701.0,214445.0,41220.0,224.0,97.0,24.0,37060.0,0.0,0.0,19.0,13.0,13.0,12.0,12.0,11.0,80.0,60.0,1704.0,1606.0,44.0,3.0,0.0,0.0,9.0,450.0,0.75,0.9424882629107981,0.0,374438.0,244.73071895424837
54,54,1,mappo,0,2424,135241,-0.008702525723492727,-26678.889756606543,-59.286421681347875,0.07414490934461355,0.7742272228002548,0.09545454545454546,0.001727961748979201,0.1525577323511243,1.0,345.02777777777777,315.5,702.75,0,0,0,450,990.0,990.0,1434.0,4222.0,4009.0,107603.0,0.0,737.0,393.0,219.0,85.0,190.0,322.0,513.0,409.0,0.4860529986052999,2.795676429567643,0.7408103489159831,0.10316595483527127,0.018455448000259292,0.7548269350588259,0.662704552462418,1.6806106563080678,27.994918638555855,0.06685871695940925,0.01799745931927816,0.4839609483960948,0.007670850767085077,138692.0,1713.0,1679.0,0.0,0.0,98.0,98.0,83.0,111.0,25.0,51.0,51.0,32.0,18.0,0.0,1.0,47.0,22.0,0.0,18.0,1.0,0.0,1.0,2.0,5156183.0,63349886.0,0.11325160537069469,194.0,98.0,0.0,13.0,83.0,823.0,0,17.982727814175103,-0.9314748021453536,95.71571111111113,102.26875000000001,132.90125,0,0.46526235813979744,7.229156970977783,12,1195.0,0.0,0.0,0.6274509803921569,45,520.7666666666667,0.0,1.5965950693959292,4.604898257912288,0.3725231175693527,0.0,0.9727694090382387,0.014484356894553883,0.012746234067207415,0.4045658946765782,2.6099049128367664,0.0647985989492119,0.0,299.0,691.0,138692.0,33797.0,1.0,120.0,67.0,29811.0,4.0,4.0,96.0,59.0,9.0,14.0,14.0,14.0,51.0,44.0,1662.0,1635.0,20.0,0.0,2.0,2.0,4.0,450.0,0.8627450980392157,0.983754512635379,0.0,104909.0,80.45168711656441
55,55,1,mappo,0,2237,137478,-0.012555649247951805,-19951.684251044004,-44.33707611343112,0.03242323147132993,0.7509006768465042,0.09444444444444444,0.0015307219674564054,0.14449695379007607,1.0,325.0566666666667,311.5,625.55,0,0,0,450,857.0,857.0,1381.0,3961.0,3815.0,98203.0,0.0,765.0,375.0,180.0,61.0,192.0,308.0,517.0,364.0,0.44605358435916004,2.76249094858798,0.7994906031927883,0.10037681086570197,0.018002809808642793,0.8141226899138451,0.7165134973553596,1.5519708596665795,24.878920984549204,0.06089156038085012,0.016439460492274804,0.4489500362056481,0.003620564808110065,130315.0,1701.0,1671.0,18.0,0.0,71.0,71.0,56.0,78.0,22.0,49.0,49.0,35.0,12.0,0.0,2.0,37.0,15.0,1.0,12.0,2.0,0.0,1.0,0.0,5216394.0,64062856.0,0.078777189888301,134.0,71.0,0.0,7.0,56.0,921.0,0,18.833632555356075,-0.9267136568776043,103.59125,103.60249999999999,156.03125000000003,0,0.4375491255411032,6.959552764892578,3,1119.0,0.0,0.0,0.7142857142857143,45,406.2777777777778,0.010771992818671455,1.3885524426600027,3.9075080011172645,0.39323220536756126,0.00013812684648735756,0.9783372365339579,0.01288056206088993,0.008782201405152224,0.3897841250091627,2.209550561797753,0.04585537918871252,0.0,225.0,632.0,130315.0,34126.0,23.0,92.0,44.0,31654.0,3.0,3.0,61.0,35.0,4.0,12.0,12.0,8.0,49.0,41.0,1652.0,1630.0,15.0,0.0,0.0,0.0,4.0,450.0,0.8367346938775511,0.986682808716707,0.0,106897.0,80.55538809344385
56,56,1,mappo,0,2390,139868,-0.0006957982433959842,-63859.73352350762,-141.91051894112803,0.15005600415170192,0.8601226270198822,0.09343434343434343,0.0019017679004727616,0.1535519915400073,1.0,450.8233333333333,429.25,880.05,7,6,6,444,1017.0,1017.0,1373.0,4167.0,4061.0,125200.0,1.0,640.0,379.0,239.0,115.0,182.0,300.0,285.0,606.0,0.5338674435542607,2.957756737072105,0.586866112023006,0.12798708457179578,0.0230354736435301,0.7583298513208613,0.6913393064086968,1.6851588256343732,30.274886767485416,0.0856190326951667,0.019137443383742958,0.5375091041514931,0.0007283321194464676,181857.0,2003.0,1708.0,2.0,0.0,210.0,210.0,188.0,222.0,287.0,56.0,56.0,40.0,14.0,0.0,2.0,307.0,20.0,0.0,14.0,2.0,0.0,3.0,1.0,5325501.0,65415177.0,0.20469296055916125,410.0,210.0,0.0,12.0,188.0,1199.0,0,20.895784543325526,-0.995977690467918,119.9454361111111,125.61125,166.64375000000004,0,0.6217164130480203,8.119300842285156,0,1135.0,6.0,0.0,0.7142857142857143,45,540.4277777777778,0.00117096018735363,2.608712305619727,6.548831854430041,0.2700534759358289,1.0997652001297722e-05,0.8476426799007444,0.1424317617866005,0.009925558312655087,0.3851662404232148,2.232090856144437,0.1108337493759361,0.013333333333333334,384.0,633.0,181857.0,39286.0,4.0,139.0,85.0,49928.0,13.0,13.0,130.0,77.0,7.0,13.0,13.0,13.0,56.0,42.0,1947.0,1666.0,19.0,7.0,1.0,1.0,5.0,450.0,0.75,0.8556753980482794,0.0,1210007.0,938.7176105508146
57,57,1,mappo,0,2084,141952,-0.028424613978131674,-49093.53894393405,-109.09675320874233,0.11905309967696667,0.9009693384170532,0.09242424242424241,-0.000528793613970624,0.14337395653128623,1.0,378.61,328.75,783.8500000000001,2,2,2,448,844.0,844.0,1248.0,3892.0,3782.0,104540.0,0.0,572.0,344.0,225.0,107.0,137.0,226.0,347.0,538.0,0.5416666666666666,3.030448717948718,0.6157273831956375,0.11304094137803752,0.020239076448724986,0.7124744749953373,0.6225912816757605,1.6775583684123,29.390725412343343,0.09540906412800255,0.018695362706171816,0.5432692307692307,0.0016025641025641025,154518.0,1842.0,1624.0,7.0,0.0,62.0,62.0,48.0,69.0,204.0,78.0,78.0,57.0,13.0,0.0,6.0,225.0,21.0,8.0,13.0,6.0,0.0,0.0,2.0,5421757.0,66505166.0,0.06351791530944625,117.0,62.0,0.0,7.0,48.0,1061.0,0,22.39408866995074,-0.8760637608474959,105.97567222222222,111.0625,148.10950000000003,0,0.5545692023387028,8.103684425354004,5,1150.0,2.0,0.0,0.7307692307692307,45,570.0388888888889,0.004310344827586207,2.9504764504064664,8.14699429733816,0.27794561933534745,4.53021654435082e-05,0.8779826464208242,0.11062906724511931,0.0113882863340564,0.41533327398694575,2.6841064638783245,0.03745928338762215,0.0044444444444444444,218.0,626.0,154518.0,23766.0,26.0,177.0,111.0,45390.0,14.0,14.0,199.0,95.0,9.0,12.0,12.0,8.0,78.0,62.0,1764.0,1562.0,20.0,3.0,2.0,2.0,6.0,445.0,0.7948717948717948,0.8854875283446711,0.0,777714.0,641.6782178217821
58,57,0,mappo,1890,1890,143842,,-83472.10001788056,-185.49355559529013,,,0.09141414141414142,,,0.9955555555555555,512.3270089285714,474.5,997.4000000000001,8,4,2,446,946.0,946.0,949.0,2889.0,2804.0,149430.0,0.0,430.0,268.0,174.0,77.0,61.0,238.0,333.0,317.0,0.5468914646996839,2.9546891464699683,0.7583243057084661,0.12186582980027817,0.02180068504489228,0.7420447407794765,0.6447329880015629,1.7665844372061787,29.735472520638663,0.12009834669883926,0.018867736260319356,0.5458377239199157,0.007376185458377239,203716.0,1924.0,1663.0,3.0,0.0,65.0,65.0,44.0,75.0,254.0,48.0,48.0,32.0,12.0,0.0,4.0,271.0,17.0,3.0,12.0,4.0,0.0,1.0,0.0,5527274.0,67791229.0,0.061850311850311854,119.0,65.0,0.0,10.0,44.0,1046.0,0,21.945279615153336,-0.9769672635173798,110.87955833333334,110.2325,148.61124999999998,2,0.6196931668145198,7.4393110275268555,245,921.0,4.0,2.0,0.6666666666666666,45,659.0999999999999,0.0018039687312086591,2.40599548658976,5.912827391296446,0.3059777102330294,1.4726383789196725e-05,0.859875904860393,0.1313340227507756,0.008790072388831437,0.3925643231755991,2.3320864067439406,0.03898128898128898,0.008888888888888889,250.0,696.0,203716.0,53238.0,12.0,107.0,68.0,45081.0,2.0,2.0,98.0,59.0,5.0,8.0,8.0,8.0,48.0,40.0,1876.0,1623.0,17.0,1.0,0.0,0.0,2.0,450.0,0.8333333333333334,0.8651385927505331,0.004444444444444473,1229679.0,830.8641891891892
59,58,1,mappo,0,1889,145731,-0.0064642157949492685,-11813.461264503643,-26.252136143341428,0.17269186256453395,0.8281803578138351,0.0904040404040404,0.0015349661536802478,0.14346067985752597,1.0,266.8233333333333,263.0,505.8000000000002,0,0,0,450,753.0,753.0,1136.0,3607.0,3432.0,76720.0,0.0,644.0,238.0,169.0,85.0,146.0,180.0,314.0,496.0,0.43309859154929575,3.0211267605633805,0.8572559337275969,0.10690696981184604,0.019162216564824044,0.8172432689363478,0.7619868177030249,1.515840051063565,27.371408201692198,0.05793233316718141,0.017685704100846227,0.4357394366197183,0.0008802816901408451,107080.0,1707.0,1691.0,94.0,1.0,42.0,42.0,15.0,53.0,3.0,66.0,66.0,46.0,19.0,0.0,1.0,27.0,24.0,0.0,19.0,1.0,0.0,2.0,2.0,5584326.0,68440856.0,0.03983596953719976,68.0,42.0,0.0,11.0,15.0,992.0,0,18.779420461265524,-0.9328371368264472,100.15878611111111,104.17500000000001,145.65250000000003,0,0.5039471402941349,6.11832857131958,16,1180.0,0.0,0.0,0.696969696969697,45,325.7222222222222,0.05558840922531047,1.4667829847910605,4.125982935723116,0.38919514884233736,0.0008778483376914456,0.9842840512223515,0.0017462165308498253,0.013969732246798603,0.37402245625139674,2.1689163498098853,0.031048623315758642,0.0,186.0,567.0,107080.0,23666.0,97.0,156.0,93.0,30806.0,17.0,17.0,130.0,85.0,5.0,12.0,12.0,12.0,66.0,54.0,1641.0,1637.0,23.0,0.0,2.0,1.0,5.0,450.0,0.8181818181818182,0.9975624619134674,0.0,61710.0,64.28125
60,59,1,mappo,0,2592,148323,-0.0036970674409531057,-103591.2294252059,-230.2027320560131,0.3383695911616087,0.7855811094244322,0.08939393939393939,-0.0002941963222506209,0.2441333414753899,0.9955555555555555,640.0167410714286,644.25,1180.8500000000001,9,7,5,443,912.0,912.0,1683.0,4994.0,4700.0,200297.0,0.0,794.0,478.0,261.0,150.0,254.0,408.0,454.0,567.0,0.5282234105763518,2.7926322043969103,0.6431876343857017,0.11477284814190701,0.02055715104419488,0.8129547424589528,0.6806815196225996,1.6614163080567244,28.227594559451934,0.07475931367034108,0.018113797279726295,0.5264408793820559,0.0035650623885918,260562.0,2028.0,1746.0,57.0,0.0,52.0,52.0,25.0,66.0,266.0,67.0,67.0,39.0,24.0,1.0,3.0,296.0,30.0,3.0,24.0,3.0,1.0,1.0,1.0,5700243.0,69910130.0,0.04487179487179487,91.0,52.0,0.0,14.0,25.0,1162.0,0,22.268613974799543,-1.1062446148771048,102.17475833333334,106.7125,147.40875000000003,2,0.6691577882268551,8.54448127746582,71,1341.0,7.0,2.0,0.582089552238806,45,672.5833333333333,0.03264604810996564,3.189948208488263,8.711556725039086,0.2631578947368421,0.00021875791558247174,0.8549730524252818,0.13032827045565898,0.014698677119059285,0.36188973057420126,2.020333721381451,0.03254437869822485,0.015555555555555555,283.0,629.0,260562.0,65839.0,474.0,137.0,70.0,48915.0,4.0,4.0,116.0,68.0,10.0,15.0,15.0,15.0,67.0,49.0,1961.0,1697.0,29.0,3.0,1.0,1.0,8.0,449.0,0.7313432835820896,0.8653748087710352,0.004444444444444473,457252.0,282.2543209876543
61,60,1,mappo,0,2257,150580,0.009558544831816108,-66445.51857255898,-147.65670793901995,0.15910936668515205,0.7795082539319992,0.08838383838383838,0.0037086531127201727,0.2586347423493862,0.9955555555555555,519.9620535714286,509.75,987.7,9,5,3,445,832.0,832.0,1430.0,4203.0,4021.0,159398.0,1.0,728.0,362.0,232.0,108.0,224.0,351.0,325.0,530.0,0.4909090909090909,2.811888111888112,0.712454893677072,0.14810577568083585,0.02656931713910552,0.7932557486492645,0.7079091555285886,1.66161045720414,29.94939972362579,0.07995949174436845,0.018974699861813233,0.4937062937062937,0.0,213933.0,1890.0,1670.0,0.0,0.0,68.0,68.0,41.0,80.0,210.0,63.0,63.0,46.0,13.0,0.0,4.0,232.0,22.0,3.0,13.0,4.0,0.0,4.0,1.0,5805301.0,71222218.0,0.06402116402116402,121.0,68.0,0.0,12.0,41.0,1116.0,0,24.120359281437125,-1.064444721475184,142.2471666666667,148.99499999999998,194.72125000000005,2,0.5661132617316592,9.106038093566895,9,1212.0,5.0,2.0,0.7301587301587301,45,619.4722222222222,0.0,2.0513300067059355,5.004210082271387,0.2755004766444233,0.0,0.8779589689637033,0.11046817464492373,0.011572856391372961,0.3852301524867212,2.1320255026973998,0.042328042328042326,0.011111111111111112,220.0,612.0,213933.0,51334.0,12.0,151.0,96.0,46851.0,16.0,16.0,146.0,93.0,3.0,6.0,6.0,6.0,63.0,46.0,1827.0,1624.0,22.0,7.0,1.0,0.0,7.0,449.0,0.7301587301587301,0.8888888888888888,0.004444444444444473,1191234.0,731.7162162162163
62,61,1,mappo,0,2478,153058,-0.008097348117735237,-28160.372195821674,-62.578604879603716,0.0700906328856945,0.833105719089508,0.08737373737373737,-0.0003956517568803997,0.1769662038423121,1.0,363.18111111111114,335.25,693.6500000000003,0,0,0,450,944.0,944.0,1534.0,4899.0,4572.0,108258.0,0.0,799.0,331.0,276.0,128.0,249.0,166.0,485.0,634.0,0.4791395045632334,2.980443285528031,0.6751790051257439,0.11612283813583785,0.020773316378980836,0.7608907327142143,0.6769460589563319,1.7014504746031802,30.27802295935786,0.06404269244663671,0.0191390114796793,0.47783572359843546,0.003911342894393742,144885.0,1769.0,1730.0,0.0,0.0,39.0,39.0,18.0,48.0,36.0,45.0,45.0,33.0,12.0,0.0,0.0,48.0,12.0,0.0,12.0,0.0,0.0,0.0,0.0,5874406.0,72043699.0,0.03730921424533635,66.0,39.0,0.0,9.0,18.0,856.0,0,19.917919075144507,-1.0015433309853876,103.80568333333333,108.86875,149.64625,0,0.43387662479811634,6.533689498901367,17,1347.0,0.0,0.0,0.7333333333333333,45,482.06111111111113,0.0,1.6674058170150707,4.840616794207088,0.3807740324594257,0.0,0.9730033745781778,0.020247469066366704,0.006749156355455568,0.3787425924622856,2.2999254287844892,0.027133973996608253,0.0,242.0,702.0,144885.0,33720.0,1.0,100.0,57.0,34307.0,2.0,2.0,100.0,50.0,5.0,7.0,7.0,7.0,45.0,42.0,1724.0,1688.0,12.0,0.0,0.0,0.0,3.0,450.0,0.9333333333333333,0.9791183294663574,0.0,119641.0,82.45416953824949
63,62,1,mappo,0,3202,156260,-0.005639577026678515,-257083.37831473685,-571.2963962549708,1.3706132088388716,0.9116614503519875,0.08636363636363636,0.0017510810477422184,0.20286187077207224,0.9644444444444444,1221.623271889401,1249.5,1880.35,64,41,25,409,1481.0,1481.0,1723.0,5546.0,5382.0,361196.0,0.0,632.0,568.0,377.0,146.0,17.0,430.0,599.0,677.0,0.6331979106210098,3.1236215902495648,0.7768916903853901,0.16042934449360388,0.02869934614669927,0.7125745171316733,0.5610318804201381,1.8616760962900964,32.173205770013524,0.13395189517811082,0.02008660288500682,0.6320371445153802,0.006964596633778294,470287.0,2638.0,1745.0,0.0,3.0,56.0,56.0,27.0,70.0,866.0,49.0,49.0,30.0,15.0,1.0,3.0,907.0,41.0,0.0,15.0,3.0,1.0,5.0,17.0,6087983.0,74446510.0,0.03677028051554208,97.0,56.0,0.0,14.0,27.0,1200.0,0,25.75702005730659,-1.1942494367809193,147.6633861111111,148.15875,203.54212500000003,16,0.8525887663509868,13.231740951538086,909,1471.0,45.0,16.0,0.6122448979591837,44,756.0681818181818,0.0,2.937348214361157,7.733922028130671,0.25942156003505695,0.0,0.6572184429327287,0.327286470143613,0.015495086923658353,0.2519703177147623,1.5753101240496197,0.026535253980288095,0.09111111111111111,686.0,795.0,470287.0,171037.0,4.0,149.0,106.0,88034.0,47.0,47.0,177.0,80.0,4.0,15.0,15.0,2.0,49.0,32.0,2589.0,1713.0,26.0,5.0,17.0,15.0,24.0,444.0,0.6530612244897959,0.6616454229432214,0.03555555555555556,2449483.0,1048.580051369863
64,63,1,mappo,0,2712,158972,-0.00231570188771002,-99032.35647785658,-220.07190328412574,0.4188194125890732,0.8263280441363653,0.08535353535353535,0.0009212247520536445,0.20546507804344097,0.9955555555555555,599.5558035714286,596.0,1077.8000000000002,10,6,4,444,1213.0,1213.0,1501.0,4460.0,4292.0,179228.0,4.0,680.0,433.0,261.0,127.0,226.0,316.0,402.0,557.0,0.5469686875416389,2.859427048634244,0.5700285406032457,0.1526639526269382,0.02740961503545238,0.7848556417671543,0.6693667227326012,1.8490760945957971,33.32448360401744,0.08607479552481066,0.02066224180200906,0.5509660226515656,0.0006662225183211193,244176.0,2108.0,1774.0,2.0,1.0,404.0,404.0,370.0,418.0,330.0,69.0,69.0,52.0,16.0,0.0,1.0,348.0,18.0,0.0,16.0,1.0,0.0,1.0,0.0,6213002.0,75994531.0,0.3738140417457306,788.0,404.0,0.0,14.0,370.0,1283.0,0,21.910935738444195,-0.9508205765106943,136.3733222222222,135.71687500000002,183.64000000000004,2,0.6807311075332361,11.71866512298584,143,1317.0,6.0,2.0,0.7536231884057971,45,593.7666666666667,0.0011273957158962795,2.739712018573379,6.807974970255801,0.28476269775187346,8.190813183932901e-06,0.8360037700282752,0.15551366635249764,0.008482563619227144,0.3378326827843956,1.9286073825503354,0.198292220113852,0.013333333333333334,554.0,659.0,244176.0,51632.0,6.0,162.0,94.0,54418.0,13.0,13.0,140.0,89.0,5.0,20.0,20.0,20.0,69.0,58.0,2039.0,1716.0,18.0,7.0,0.0,0.0,2.0,450.0,0.8405797101449275,0.8415890142226582,0.004444444444444473,1177413.0,768.5463446475196
65,64,1,mappo,0,2092,161064,-0.003439287221408449,-30288.102632043327,-67.30689473787406,0.1099196208640933,0.8307066202163697,0.08434343434343435,0.0016025412022938278,0.12044850550591946,1.0,386.25444444444446,360.25,702.6500000000001,0,0,0,450,812.0,812.0,1280.0,3822.0,3728.0,118486.0,0.0,585.0,417.0,210.0,68.0,14.0,467.0,416.0,383.0,0.54296875,2.9125,0.9906416164827533,0.12215992408164311,0.021853295848632114,0.7670648127721507,0.6851343346050272,1.4518249774265084,24.957650952825134,0.07713289941375479,0.01647882547641265,0.5390625,0.00546875,155380.0,1782.0,1742.0,0.0,4.0,25.0,25.0,16.0,44.0,7.0,65.0,65.0,41.0,20.0,0.0,4.0,59.0,52.0,0.0,20.0,4.0,0.0,3.0,25.0,6283114.0,76787945.0,0.03367003367003367,60.0,25.0,0.0,19.0,16.0,991.0,0,21.620551090700346,-0.988260831342287,130.5703861111111,135.7425,181.14025000000004,0,0.5998477552023282,6.504133224487305,5,1205.0,0.0,0.0,0.6307692307692307,45,443.59444444444443,0.0,1.4647844519895221,4.427356023285651,0.43844492440604754,0.0,0.9672404219877846,0.003886729594669628,0.028872848417545807,0.332255153242873,2.1688410825815403,0.024691358024691357,0.0,215.0,597.0,155380.0,46830.0,4.0,150.0,89.0,36060.0,50.0,50.0,175.0,64.0,14.0,25.0,25.0,12.0,65.0,57.0,1717.0,1685.0,27.0,0.0,25.0,24.0,31.0,450.0,0.8769230769230769,0.9813628421665695,0.0,122181.0,108.31648936170212
66,65,1,mappo,0,2426,163490,-0.004287128418218345,-43728.43399244996,-97.1742977609999,0.14583847001194955,0.6310609161853791,0.08333333333333334,0.005673011720482002,0.21221010840963572,1.0,450.6766666666667,429.25,809.55,0,0,0,450,962.0,962.0,1466.0,3886.0,3746.0,147572.0,1.0,928.0,260.0,175.0,103.0,451.0,237.0,291.0,487.0,0.3669849931787176,2.5552523874488404,0.6831180619998323,0.11473917889969086,0.021122052195122386,0.8539096060657485,0.7856552980806536,1.2016904300467999,19.385858564656658,0.04568134855140536,0.013794561672799629,0.36971350613915416,0.0006821282401091405,184052.0,1781.0,1756.0,2.0,0.0,64.0,64.0,61.0,75.0,14.0,44.0,44.0,25.0,16.0,0.0,3.0,33.0,19.0,5.0,16.0,3.0,0.0,0.0,0.0,6351930.0,77601997.0,0.0763615946097698,136.0,64.0,3.0,8.0,61.0,907.0,0,21.013097949886106,-0.8876641912643387,148.91958888888888,150.91625000000002,206.94412500000018,0,0.6695582192743003,8.199482917785645,0,1104.0,0.0,0.0,0.5681818181818182,45,461.7166666666667,0.0011389521640091116,1.8339978251093048,4.830355517475579,0.3491686460807601,1.086649425162454e-05,0.9815539407490218,0.007825600894354388,0.010620458356623811,0.3303711428713094,2.0221898660454274,0.04211117349803481,0.0,267.0,695.0,184052.0,45480.0,7.0,83.0,39.0,33841.0,3.0,3.0,56.0,33.0,7.0,13.0,13.0,7.0,44.0,33.0,1737.0,1723.0,19.0,0.0,0.0,0.0,5.0,450.0,0.75,0.9919401266551525,0.0,219747.0,188.30077120822622
67,66,1,mappo,0,2244,165734,-0.00671961820917204,-36556.255342115175,-81.23612298247816,0.08847842998802662,0.5939902901649475,0.08232323232323233,0.002682313108184858,0.1612832795828581,1.0,416.8233333333333,408.25,769.7,2,0,0,450,931.0,931.0,1339.0,3456.0,3305.0,131995.0,0.0,879.0,218.0,169.0,73.0,451.0,216.0,266.0,406.0,0.3435399551904406,2.4682598954443615,0.6872425813720331,0.11303398255161423,0.020953172866861554,0.8455797060531208,0.7797389894809443,1.1753078998456172,19.6608477152635,0.04348624161547589,0.013911037921334211,0.34652725914861837,0.0022404779686333084,168928.0,1744.0,1693.0,0.0,0.0,45.0,45.0,41.0,53.0,35.0,55.0,55.0,35.0,16.0,0.0,4.0,59.0,24.0,26.0,16.0,4.0,0.0,1.0,3.0,6421928.0,78405567.0,0.05389908256880734,94.0,45.0,0.0,8.0,41.0,906.0,0,20.780862374483167,-0.9370319437282503,144.09267222222223,150.875,204.21375000000006,0,0.6159256943303203,7.37207531929016,1,1042.0,0.0,0.0,0.6363636363636364,45,462.27222222222224,0.0,1.4796811056997172,3.818100075065585,0.3761904761904762,0.0,0.966324200913242,0.01997716894977169,0.0136986301369863,0.35465079944755606,2.091671769748928,0.030389908256880736,0.0,250.0,681.0,168928.0,49780.0,31.0,88.0,48.0,34209.0,4.0,4.0,81.0,45.0,6.0,5.0,5.0,2.0,55.0,38.0,1689.0,1655.0,21.0,4.0,3.0,3.0,13.0,450.0,0.6909090909090909,0.9798697454114861,0.0,410651.0,345.37510513036165
68,67,1,mappo,0,2559,168293,-0.009436569752870128,-96050.2445465625,-213.44498788125,0.26115584596991537,0.760423532128334,0.08131313131313131,0.0019162735742296543,0.17598575642332434,1.0,700.5566666666666,683.5,1279.65,0,0,0,450,935.0,935.0,1624.0,4768.0,4616.0,231756.0,0.0,715.0,569.0,239.0,101.0,143.0,519.0,413.0,549.0,0.5597290640394089,2.8423645320197046,0.8584862674673643,0.14473392347130795,0.02614101111341791,0.7925513445197838,0.6489567695289628,1.6103398837566665,27.137333002418,0.09411416803586391,0.017568666501209293,0.5609605911330049,0.0012315270935960591,288754.0,1951.0,1724.0,8.0,1.0,50.0,50.0,44.0,63.0,204.0,57.0,57.0,38.0,18.0,0.0,1.0,240.0,36.0,0.0,18.0,1.0,0.0,2.0,15.0,6531461.0,79686023.0,0.0548436699128652,107.0,50.0,0.0,13.0,44.0,1090.0,0,24.22447795823666,-0.9656728650534177,149.21607222222218,152.985,217.4925,0,0.6157638161262872,7.474628448486328,173,1291.0,0.0,0.0,0.6666666666666666,45,723.9333333333334,0.004640371229698376,2.377768064579684,6.412811125146256,0.27606752730883816,2.7705243910041073e-05,0.8778004073319755,0.10386965376782077,0.018329938900203666,0.35058543038701684,2.0444038039502557,0.03229113275243465,0.0,266.0,669.0,288754.0,69196.0,9.0,163.0,110.0,49353.0,35.0,35.0,220.0,83.0,12.0,17.0,17.0,5.0,57.0,45.0,1894.0,1679.0,25.0,0.0,15.0,14.0,18.0,450.0,0.7894736842105263,0.8864836325237593,0.0,508584.0,264.1994805194805
69,68,1,mappo,0,2787,171080,-0.010357879182265606,-115681.77095626754,-257.070602125039,0.34512576771279174,0.8175346453984579,0.08030303030303029,0.0008536561017203163,0.1364893806943049,1.0,682.2166666666667,681.5,1204.0000000000002,5,5,5,445,1074.0,1074.0,1787.0,5367.0,5161.0,214132.0,0.0,807.0,514.0,321.0,145.0,305.0,320.0,432.0,730.0,0.5484051482932288,2.8880805819809736,0.5666055457304827,0.155670370108166,0.02784800904197905,0.8241964129509043,0.7207700102949629,1.6631378775408368,30.78815076165068,0.05998361270655629,0.019394075380825482,0.5696698377168439,0.002238388360380526,271888.0,1995.0,1722.0,20.0,0.0,51.0,51.0,48.0,65.0,240.0,98.0,98.0,56.0,26.0,9.0,7.0,287.0,47.0,74.0,26.0,7.0,9.0,2.0,3.0,6642028.0,81070740.0,0.05664160401002506,113.0,51.0,0.0,14.0,48.0,1042.0,0,23.499419279907084,-0.9645212344504955,146.63759166666665,136.505,218.49850000000004,0,0.6871785576268733,11.122156143188477,31,1394.0,5.0,0.0,0.5714285714285714,45,658.7555555555555,0.011614401858304297,2.4722014237397705,8.670118703764834,0.3958762886597938,7.355970105337492e-05,0.8571428571428571,0.11946241911398706,0.0233947237431558,0.3376916424400851,1.933345561261922,0.03258145363408521,0.011111111111111112,231.0,843.0,271888.0,37601.0,169.0,235.0,158.0,48043.0,34.0,34.0,171.0,105.0,18.0,51.0,51.0,5.0,98.0,66.0,1897.0,1656.0,44.0,2.0,3.0,3.0,29.0,450.0,0.673469387755102,0.8729573010015814,0.0,789137.0,469.72440476190474
70,69,1,mappo,0,2587,173667,-0.040081985061988235,-24498.100979667088,-54.440224399260195,0.14353235190113386,0.7523599565029144,0.07929292929292929,0.002696576904348601,0.05283684221406778,1.0,355.6433333333333,324.0,687.7000000000002,0,0,0,450,1015.0,1015.0,1576.0,4528.0,4296.0,111801.0,0.0,801.0,460.0,227.0,88.0,224.0,389.0,558.0,405.0,0.491751269035533,2.7258883248730963,0.822062866119337,0.10517422849640988,0.01881470985821127,0.7571721692183004,0.6868009490500497,1.717650665569715,28.73289040326162,0.06051744865800645,0.018366445201631144,0.49111675126903553,0.006345177664974619,142784.0,1772.0,1747.0,0.0,0.0,97.0,97.0,77.0,119.0,9.0,80.0,80.0,50.0,28.0,0.0,2.0,47.0,38.0,4.0,28.0,2.0,0.0,6.0,2.0,6699636.0,81783559.0,0.11060948081264109,196.0,97.0,0.0,22.0,77.0,852.0,0,17.943331425300514,-0.9381288874842575,93.84985277777778,97.52562500000002,140.64,0,0.48740621713152865,6.6010249853134155,10,1301.0,0.0,0.0,0.625,45,493.41111111111115,0.0,1.4859160984770492,4.378831173945062,0.34469200524246396,0.0,0.9738015607580826,0.005016722408026756,0.021181716833890748,0.374557857417839,2.4625771604938267,0.06715575620767494,0.0,341.0,674.0,142784.0,36492.0,5.0,116.0,40.0,31093.0,3.0,3.0,55.0,26.0,9.0,14.0,14.0,14.0,80.0,66.0,1692.0,1681.0,36.0,0.0,2.0,2.0,10.0,450.0,0.825,0.9934988179669031,0.0,66946.0,52.50666666666667
71,70,1,mappo,0,2630,176297,0.024456288857133284,-49828.432156195144,-110.7298492359892,0.13320832327008247,0.7224869281053543,0.07828282828282829,0.0024350584489356195,0.09955323105289911,1.0,413.54333333333335,378.25,770.8000000000002,2,0,0,450,1130.0,1130.0,1500.0,4143.0,3952.0,118905.0,0.0,765.0,374.0,247.0,114.0,374.0,311.0,304.0,511.0,0.49,2.6346666666666665,0.472774621134003,0.11719482403496902,0.020965084885557494,0.815284425647774,0.7240190778995553,1.2304875798292272,21.69480717597995,0.05663844782737143,0.01484740358799018,0.49666666666666665,0.004666666666666667,164798.0,1860.0,1782.0,0.0,0.0,97.0,97.0,79.0,110.0,60.0,62.0,62.0,47.0,14.0,0.0,1.0,91.0,31.0,0.0,14.0,1.0,0.0,1.0,15.0,6787287.0,82707804.0,0.10161290322580645,189.0,97.0,0.0,13.0,79.0,810.0,0,24.172278338945006,-1.1113149458455882,128.09185000000002,132.55749999999998,190.1790000000001,0,0.5096024864425799,9.345052719116211,5,1083.0,0.0,0.0,0.7580645161290323,45,493.3944444444444,0.0,2.002870495475694,5.784854429513921,0.34794156706507307,0.0,0.9514148424986653,0.03203416978109984,0.016550987720234916,0.3552172984991795,2.2710508922670174,0.05913978494623656,0.0,362.0,768.0,164798.0,35960.0,3.0,250.0,188.0,41242.0,27.0,27.0,235.0,144.0,15.0,35.0,35.0,2.0,62.0,58.0,1798.0,1724.0,17.0,0.0,15.0,15.0,16.0,450.0,0.9354838709677419,0.9588431590656284,0.0,162625.0,117.588575560376
72,71,1,mappo,0,2212,178509,0.001417783834040165,-30330.663075518692,-67.40147350115265,0.08797078020870686,0.5877256274223328,0.07727272727272727,0.0027120670681379357,0.1724995648022741,1.0,396.62333333333333,379.25,740.6500000000001,0,0,0,450,905.0,905.0,1310.0,3377.0,3236.0,128416.0,1.0,847.0,251.0,141.0,71.0,432.0,222.0,264.0,392.0,0.3534351145038168,2.4702290076335878,0.7402840133272964,0.11231861178770321,0.020613566983690244,0.8515814819522486,0.7690069541683463,1.1790444971073148,19.208066734641733,0.04374095960639511,0.013708924030981121,0.35038167938931297,0.0022900763358778627,161463.0,1716.0,1697.0,0.0,0.0,34.0,34.0,28.0,41.0,13.0,33.0,33.0,23.0,9.0,0.0,1.0,26.0,13.0,3.0,9.0,1.0,0.0,2.0,1.0,6849655.0,83441796.0,0.04020979020979021,69.0,34.0,0.0,7.0,28.0,865.0,0,19.7878609310548,-0.8691249023696528,135.1531027777778,134.965,204.21375000000006,0,0.6390470468763055,7.033760070800781,5,991.0,0.0,0.0,0.696969696969697,45,464.16111111111115,0.0,1.347975336654873,3.8712942802419907,0.35626535626535627,0.0,0.9849100406268136,0.0075449796865931515,0.0075449796865931515,0.3646368028377829,2.216941331575478,0.023892773892773892,0.0,257.0,648.0,161463.0,41823.0,5.0,72.0,44.0,32817.0,2.0,2.0,65.0,43.0,1.0,3.0,3.0,2.0,33.0,26.0,1683.0,1671.0,13.0,1.0,1.0,0.0,5.0,450.0,0.7878787878787878,0.9928698752228164,0.0,172488.0,156.80727272727273
73,72,1,mappo,0,2468,180977,-0.008738075103610753,-26911.491860620587,-59.803315245823526,0.053934202156960966,0.7700772047042846,0.07626262626262627,0.0008433590446633055,0.18429494770243765,1.0,349.6611111111111,309.25,679.1000000000001,0,0,0,450,1005.0,1005.0,1463.0,4496.0,4259.0,105724.0,0.0,748.0,396.0,242.0,77.0,108.0,331.0,607.0,417.0,0.48872180451127817,2.9111414900888586,1.0037993060072257,0.10502561954596804,0.01878812510290413,0.7449351165122821,0.6787546102978641,1.7245642996068689,28.982578855649564,0.07290580005855907,0.018491289427825065,0.49213943950786054,0.006151742993848257,140156.0,1775.0,1719.0,0.0,0.0,67.0,67.0,50.0,86.0,44.0,80.0,80.0,56.0,22.0,0.0,2.0,75.0,31.0,0.0,22.0,2.0,0.0,7.0,0.0,6914477.0,84220900.0,0.07661971830985916,136.0,67.0,0.0,19.0,50.0,858.0,0,19.28330424665503,-1.0941904828368847,91.48732777777778,96.55124999999998,128.56375,0,0.506598144128663,6.876836776733398,18,1254.0,0.0,0.0,0.7,45,486.91666666666663,0.0,1.858952091183789,5.327034974221137,0.35475234270414996,0.0,0.9581939799331104,0.024526198439241916,0.017279821627647716,0.381527885024477,2.465723524656426,0.048450704225352116,0.0,325.0,680.0,140156.0,37579.0,2.0,138.0,59.0,33437.0,6.0,6.0,75.0,48.0,16.0,9.0,9.0,9.0,80.0,68.0,1695.0,1651.0,31.0,0.0,0.0,0.0,9.0,450.0,0.85,0.9740412979351032,0.0,163106.0,134.90984284532672
74,73,1,mappo,0,2076,183053,0.06489998758770525,-64183.315298018395,-142.62958955115198,0.39180701971054077,0.8059139490127564,0.07525252525252525,0.0019433054035021158,0.12908072965219616,1.0,463.56555555555553,414.0,935.1,1,1,1,449,957.0,957.0,1120.0,3352.0,3211.0,131523.0,0.0,480.0,382.0,191.0,67.0,92.0,313.0,367.0,348.0,0.5714285714285714,2.866964285714286,0.7749787167446421,0.13020493017310011,0.02331150961025352,0.7226759493883167,0.6183652973064454,1.765295316200076,29.253015469163074,0.1212224633181748,0.018626507734581674,0.5723214285714285,0.004464285714285714,181753.0,1814.0,1670.0,2.0,0.0,111.0,111.0,86.0,120.0,133.0,58.0,58.0,38.0,16.0,0.0,3.0,153.0,20.0,1.0,16.0,3.0,0.0,0.0,1.0,7011396.0,85366767.0,0.11356119073869901,206.0,111.0,0.0,9.0,86.0,978.0,0,23.887425149700597,-1.0821221650075705,119.62413055555555,120.59250000000002,164.68625000000003,0,0.5948777903897305,7.370748519897461,0,988.0,1.0,0.0,0.6551724137931034,45,612.0333333333333,0.0011976047904191617,1.9535619393797825,5.049575009473126,0.27697441601779754,1.100394491425176e-05,0.91602634467618,0.0729967069154775,0.010976948408342482,0.379487227424784,2.4118961352657,0.06615214994487321,0.0022222222222222222,303.0,654.0,181753.0,70077.0,10.0,108.0,63.0,41998.0,1.0,1.0,77.0,54.0,6.0,18.0,18.0,18.0,58.0,46.0,1756.0,1624.0,20.0,1.0,1.0,1.0,6.0,449.0,0.7931034482758621,0.9248291571753986,0.0,572396.0,420.8794117647059
75,74,1,mappo,0,2486,185539,-0.0031459447462111713,-93014.77573014496,-206.69950162254435,0.44188877642154695,0.9028623968362808,0.07424242424242425,0.0013769155974011405,0.17273113057017325,0.9955555555555555,618.6205357142857,596.75,1144.1000000000001,13,6,4,444,939.0,939.0,1550.0,5129.0,4977.0,187951.0,0.0,601.0,460.0,333.0,156.0,14.0,351.0,479.0,706.0,0.6122580645161291,3.210967741935484,0.9249635724386861,0.14084660499807328,0.025237436990343757,0.7179288472115032,0.6177540963251263,2.12651843580028,36.26516367278302,0.11545771950674645,0.022132581836391534,0.62,0.0032258064516129032,244553.0,2034.0,1719.0,13.0,0.0,54.0,54.0,19.0,72.0,303.0,64.0,64.0,39.0,19.0,0.0,5.0,333.0,30.0,2.0,19.0,5.0,0.0,5.0,1.0,7120359.0,86750137.0,0.04473942969518191,91.0,54.0,0.0,18.0,19.0,1127.0,0,19.609075043630018,-0.9891930274598697,118.26525000000001,124.62000000000003,157.92875,2,0.6296963438928924,9.812314987182617,27,1445.0,6.0,2.0,0.609375,45,659.4722222222222,0.0075625363583478765,3.113213903664079,8.441539768819766,0.2909604519774011,5.315821110352357e-05,0.8376401755241346,0.1477328132618235,0.01462701121404193,0.3596831034013508,2.0507331378299116,0.035398230088495575,0.013333333333333334,259.0,680.0,244553.0,49416.0,20.0,128.0,70.0,49865.0,12.0,12.0,128.0,57.0,5.0,13.0,13.0,13.0,64.0,49.0,1970.0,1670.0,29.0,4.0,1.0,1.0,9.0,449.0,0.765625,0.8477157360406091,0.004444444444444473,1644865.0,954.651770168311
76,75,1,mappo,0,2957,188496,-0.007619129552040249,-136890.6803028852,-304.2015117841893,0.3470284380018711,0.800335519015789,0.07323232323232323,0.001541015576682625,0.26375166947642964,1.0,807.8433333333334,784.25,1504.05,25,21,21,429,1208.0,1208.0,1760.0,5389.0,5059.0,238668.0,0.0,750.0,519.0,327.0,164.0,270.0,424.0,323.0,743.0,0.5738636363636364,2.8744318181818183,0.6597262784923342,0.15120882879392328,0.02704987999406347,0.8181992047127675,0.7300174273505532,1.5877059441201418,27.691732607375094,0.08737693055177848,0.017845866303687934,0.5710227272727273,0.003409090909090909,317962.0,2342.0,1717.0,278.0,0.0,67.0,76.0,42.0,90.0,592.0,81.0,81.0,40.0,39.0,0.0,2.0,648.0,56.0,2.0,39.0,2.0,0.0,5.0,10.0,7273791.0,88787185.0,0.05636208368915457,132.0,67.0,0.0,23.0,42.0,1209.0,0,22.115899825276646,-1.1604019924468183,139.43442777777778,141.2325,183.18250000000003,0,0.6721377107481071,10.687673568725586,433,1370.0,23.0,0.0,0.49382716049382713,45,831.7722222222221,0.1619103086779266,3.222427772371446,8.82778160587873,0.2495511669658887,0.0008743183147671734,0.7260042283298097,0.25031712473572937,0.023678646934460888,0.35579124176228416,2.036691106152375,0.03842869342442357,0.04666666666666667,467.0,741.0,317962.0,94383.0,2172.0,196.0,120.0,68182.0,7.0,7.0,133.0,99.0,11.0,21.0,21.0,21.0,81.0,48.0,2261.0,1669.0,47.0,9.0,10.0,10.0,21.0,450.0,0.5925925925925926,0.7381689517912429,0.0,1095661.0,557.872199592668
77,76,1,mappo,0,3185,191681,-0.0008126912985712156,-223273.0786913294,-496.1623970918431,1.1873425905193602,0.8602229165179389,0.07222222222222222,0.0014445908332095406,0.19145448399441584,0.9488888888888889,1104.5011709601874,1212.0,1773.0,90,60,37,390,1301.0,1301.0,1899.0,6306.0,6198.0,329863.0,0.0,644.0,582.0,435.0,238.0,162.0,208.0,496.0,1033.0,0.6608741442864665,3.263823064770932,0.9271962640629497,0.1610437735675855,0.02898889244742507,0.6989248231378996,0.5772673019481183,2.3754386070734363,43.54455661920957,0.13160422633531785,0.02577227830960445,0.6640337019483938,0.0052659294365455505,429583.0,2594.0,1790.0,60.0,0.0,187.0,187.0,145.0,197.0,797.0,63.0,63.0,49.0,13.0,0.0,1.0,814.0,17.0,1.0,13.0,1.0,0.0,2.0,1.0,7467819.0,91302263.0,0.1318427139552814,342.0,187.0,0.0,10.0,145.0,1467.0,0,23.82905027932961,-1.2953349074574128,117.85141388888891,118.7925,158.47125,23,0.8314484609111279,13.111512184143066,694,1641.0,62.0,24.0,0.7777777777777778,43,720.5348837209303,0.0335195530726257,3.9832493839567986,9.743749034040903,0.2076700434153401,0.00013967033146097496,0.686561417019638,0.306892568348094,0.006546014632268001,0.29629568680598095,1.5631600660066005,0.07594448727833462,0.13333333333333333,636.0,665.0,429583.0,141741.0,61.0,112.0,54.0,83098.0,7.0,7.0,100.0,47.0,4.0,15.0,15.0,15.0,63.0,56.0,2531.0,1734.0,16.0,1.0,1.0,1.0,4.0,443.0,0.8888888888888888,0.6851047016989332,0.05111111111111111,5840299.0,2497.9893071000856
78,77,1,mappo,0,2224,193905,-0.002516941138310358,-31104.70475219631,-69.1215661159918,0.28492160364985464,0.7681989133358001,0.07121212121212121,-0.00023999505956675548,0.13719775341451168,1.0,351.75666666666666,326.5,679.1,0,0,0,450,829.0,829.0,1396.0,3897.0,3804.0,105737.0,0.0,677.0,428.0,199.0,92.0,168.0,424.0,428.0,376.0,0.5150429799426934,2.7249283667621778,0.7311388282132012,0.10906221882111919,0.019510235815635216,0.7956220164386699,0.7302071411779049,1.5304782032263866,28.097875926611586,0.04514681498875661,0.018048937963306082,0.5085959885386819,0.01002865329512894,139658.0,1720.0,1699.0,12.0,0.0,16.0,16.0,12.0,30.0,12.0,76.0,76.0,57.0,17.0,0.0,2.0,35.0,23.0,1.0,17.0,2.0,0.0,0.0,4.0,7531719.0,92040148.0,0.02441860465116279,42.0,16.0,0.0,14.0,12.0,910.0,0,20.446144791053563,-0.9823745008239259,104.43387222222222,103.83000000000001,157.69750000000002,0,0.4953184681932084,10.726573944091797,11,1284.0,0.0,0.0,0.75,45,451.3666666666667,0.007062978222483814,1.5500540028313223,5.10037285958232,0.4221165279429251,8.592418622635294e-05,0.9798154555940023,0.006920415224913495,0.0132641291810842,0.3662833489340451,2.2741960183767223,0.01744186046511628,0.0,181.0,648.0,139658.0,27162.0,20.0,226.0,161.0,34340.0,25.0,25.0,157.0,104.0,15.0,45.0,45.0,2.0,76.0,71.0,1644.0,1628.0,19.0,0.0,4.0,4.0,6.0,450.0,0.9342105263157895,0.9902676399026764,0.0,135754.0,109.3908138597905
79,78,1,mappo,0,2869,196774,-0.0025088705487140337,-158209.97478878783,-351.57772175286186,0.5528464205563068,0.7956097746888796,0.0702020202020202,0.002509340151079046,0.18120969709707424,0.9933333333333333,861.0447427293064,949.0,1435.2,29,23,20,427,1226.0,1226.0,1644.0,4964.0,4792.0,250435.0,1.0,662.0,584.0,280.0,118.0,56.0,512.0,592.0,484.0,0.597323600973236,2.9148418491484187,0.9668945937254296,0.1397653463072259,0.025002745299377998,0.7372643699452571,0.6422620285557324,1.9493797319661037,31.65108417546594,0.09870251185144373,0.019825542087733225,0.5961070559610706,0.0036496350364963502,331626.0,2313.0,1689.0,0.0,0.0,93.0,93.0,76.0,109.0,619.0,56.0,56.0,36.0,18.0,0.0,2.0,640.0,21.0,0.0,18.0,2.0,0.0,0.0,1.0,7689652.0,93971970.0,0.0799827064418504,185.0,93.0,0.0,16.0,76.0,1175.0,0,22.10242747187685,-1.1218192707137142,123.60031944444445,125.26125,172.7925,3,0.7814143838385997,12.214054107666016,487,1353.0,23.0,3.0,0.6428571428571429,45,580.7333333333333,0.0,3.7714058465428795,9.764081164365443,0.2866127583108715,0.0,0.7250859106529209,0.265893470790378,0.00902061855670103,0.30925380004470826,1.5865648050579555,0.04712494595763078,0.051111111111111114,434.0,792.0,331626.0,80356.0,8.0,102.0,49.0,69122.0,7.0,7.0,86.0,39.0,13.0,4.0,4.0,4.0,56.0,47.0,2257.0,1642.0,21.0,4.0,1.0,1.0,4.0,449.0,0.8392857142857143,0.7275143996455472,0.00666666666666671,2274968.0,1210.7333688131985
80,79,1,mappo,0,2166,198940,0.00011254748387727887,-29871.82934669556,-66.3818429926568,0.1839034803211689,0.7614625751972198,0.0691919191919192,0.0014600847419772745,0.13325115578481928,1.0,353.87666666666667,344.25,638.6500000000001,0,0,0,450,943.0,943.0,1223.0,3507.0,3401.0,107166.0,0.0,618.0,353.0,187.0,65.0,123.0,350.0,422.0,328.0,0.4946852003270646,2.7808667211774325,0.8408739279197165,0.10058284067729288,0.017993352579627604,0.7874876134337832,0.7078469959696875,1.657393464859559,27.365603624065944,0.06806608647543055,0.017682801812033175,0.508585445625511,0.003270645952575634,140901.0,1733.0,1695.0,9.0,0.0,37.0,37.0,30.0,53.0,35.0,51.0,51.0,32.0,19.0,0.0,0.0,54.0,19.0,0.0,19.0,0.0,0.0,0.0,0.0,7753560.0,94712898.0,0.04789382573571841,83.0,37.0,0.0,16.0,30.0,839.0,0,19.552212389380532,-0.9594956685241516,94.08057777777778,92.13499999999999,142.76625,0,0.5172734561300333,7.220974922180176,4,1076.0,0.0,0.0,0.6274509803921569,45,403.22777777777776,0.005309734513274336,1.5792772016676548,4.593592347984077,0.3966189856957087,6.387463538228969e-05,0.9691252144082333,0.020011435105774727,0.010863350485991996,0.3522429764711916,2.066230936819171,0.030582804385458743,0.0,255.0,688.0,140901.0,35930.0,9.0,80.0,29.0,32089.0,1.0,1.0,51.0,20.0,6.0,9.0,9.0,8.0,51.0,47.0,1682.0,1648.0,19.0,1.0,0.0,0.0,3.0,450.0,0.9215686274509803,0.9797859690844233,0.0,232463.0,192.27708850289494
81,79,0,mappo,1999,1999,200939,,-23023.699072711006,-51.16377571713557,,,0.06818181818181818,,,1.0,296.50111111111113,257.5,590.3000000000002,0,0,0,450,844.0,844.0,1155.0,3453.0,3363.0,87426.0,0.0,618.0,296.0,154.0,87.0,126.0,315.0,249.0,465.0,0.4649350649350649,2.911688311688312,0.9440468690724987,0.09457985940490128,0.01691947391778795,0.7986683968244951,0.7193448291341593,1.591362626189552,27.524939504905618,0.06313860408520301,0.01776246975245289,0.4666666666666667,0.0017316017316017316,120446.0,1760.0,1744.0,0.0,1.0,37.0,37.0,21.0,50.0,9.0,61.0,61.0,44.0,15.0,0.0,2.0,29.0,20.0,0.0,15.0,2.0,0.0,1.0,2.0,7816127.0,95435498.0,0.040340909090909094,71.0,37.0,0.0,13.0,21.0,966.0,0,19.297018348623855,-0.9648265610165946,92.07425555555557,90.61125000000003,133.80125,0,0.5390521394038699,8.085801124572754,14,980.0,0.0,0.0,0.7213114754098361,45,408.0666666666667,0.0,1.6238120484846734,5.22563803762924,0.38522727272727275,0.0,0.9836435420191766,0.005076142131979695,0.011280315848843767,0.3571764934155932,2.4743689320388342,0.028409090909090908,0.0,177.0,667.0,120446.0,27443.0,2.0,132.0,71.0,31988.0,7.0,7.0,124.0,60.0,10.0,16.0,16.0,16.0,61.0,53.0,1699.0,1691.0,20.0,1.0,2.0,2.0,5.0,450.0,0.8688524590163934,0.9952913478516775,0.0,88153.0,88.95358224016145
82,80,1,mappo,0,2521,203460,-0.008277046209615137,-85348.98696201056,-189.6644154711346,0.19302636840277249,0.7873024741808573,0.06717171717171717,0.0014344992000082533,0.26188595220446587,1.0,569.4033333333333,535.75,1079.05,1,1,1,449,1042.0,1042.0,1485.0,4420.0,4237.0,165135.0,0.0,636.0,513.0,244.0,92.0,46.0,510.0,545.0,384.0,0.5717171717171717,2.8531986531986533,0.8499031615728883,0.1355800540559621,0.02425403466780579,0.7694943589945433,0.7021271181493521,1.8646589825566442,30.129017982481404,0.08551915758962489,0.019064508991240982,0.571043771043771,0.0026936026936026937,223381.0,1961.0,1692.0,0.0,0.0,115.0,115.0,87.0,147.0,252.0,80.0,80.0,39.0,36.0,0.0,5.0,301.0,49.0,6.0,36.0,5.0,0.0,4.0,4.0,7928419.0,96782764.0,0.11932687404385518,234.0,115.0,0.0,32.0,87.0,1030.0,0,23.58096926713948,-1.100778055824756,123.07973055555554,119.0725,165.8925,0,0.6519047134087963,7.3529953956604,0,1358.0,1.0,0.0,0.4875,45,628.2833333333333,0.0,2.2107598624701463,5.796456977728403,0.34358430540827145,0.0,0.8489713998996488,0.12644254892122428,0.024586051179126944,0.35579120617271665,2.1047130191320575,0.07496175420703723,0.0022222222222222222,370.0,672.0,223381.0,52892.0,29.0,108.0,36.0,49305.0,1.0,1.0,66.0,18.0,15.0,13.0,13.0,13.0,80.0,63.0,1881.0,1629.0,49.0,0.0,4.0,4.0,12.0,450.0,0.7875,0.8660287081339713,0.0,325497.0,219.9304054054054
83,81,1,mappo,0,2830,206290,-0.008107177292307218,-75773.3962375344,-168.38532497229866,0.21027732454240322,0.7867245028416315,0.06616161616161617,0.0026922208953409723,0.19770839383515218,1.0,563.5433333333333,545.5,1046.3000000000002,3,2,2,448,1316.0,1316.0,1518.0,4480.0,4334.0,177129.0,3.0,729.0,412.0,253.0,124.0,214.0,360.0,376.0,568.0,0.5197628458498024,2.8550724637681157,0.7416787995921253,0.15401583430584279,0.02772056452647141,0.8056737363524981,0.7067810229215359,1.7746257099174347,32.59112026568193,0.0774419194907452,0.020295560132841353,0.5223978919631094,0.002635046113306983,231666.0,2015.0,1740.0,2.0,1.0,517.0,517.0,483.0,534.0,259.0,58.0,58.0,30.0,21.0,0.0,6.0,292.0,33.0,4.0,21.0,6.0,0.0,3.0,3.0,8032342.0,98101229.0,0.5047146401985112,1017.0,517.0,0.0,17.0,483.0,1202.0,0,20.839655172413792,-1.0071360281327952,140.57226666666668,142.3925,189.61750000000006,0,0.6623328066655536,9.921844482421875,0,1353.0,2.0,0.0,0.5172413793103449,45,591.8555555555556,0.0011494252873563218,2.403897101172957,5.981127616673449,0.29334500875656744,8.633118368685954e-06,0.8562284588872476,0.1275233874938454,0.01624815361890694,0.3517506491662872,2.0511457378551783,0.2650124069478908,0.0044444444444444444,658.0,658.0,231666.0,47702.0,14.0,145.0,98.0,49421.0,11.0,11.0,123.0,90.0,7.0,8.0,8.0,8.0,58.0,43.0,1957.0,1697.0,31.0,1.0,3.0,3.0,8.0,449.0,0.7413793103448276,0.8671435871231477,0.0,1231231.0,826.8844862323707
84,82,1,mappo,0,2721,209011,-0.003240096955172097,-81945.67631604735,-182.10150292454966,0.34189428637425107,0.7514374057451884,0.06515151515151515,0.004133704526078382,0.2138936709961854,0.9933333333333333,676.9228187919463,641.5,1240.7000000000003,12,9,6,441,1049.0,1049.0,1672.0,5065.0,4915.0,219196.0,0.0,712.0,597.0,243.0,120.0,134.0,474.0,423.0,641.0,0.5741626794258373,2.9395933014354068,0.9555652686662116,0.1431915790809577,0.025615667140013294,0.7676649511744837,0.6620366443369123,1.6593939798552535,28.058409847474532,0.08719107938519499,0.018029204923737576,0.5681818181818182,0.006578947368421052,272870.0,1954.0,1743.0,22.0,5.0,49.0,49.0,27.0,67.0,191.0,78.0,78.0,56.0,20.0,0.0,2.0,229.0,38.0,0.0,20.0,2.0,0.0,2.0,14.0,8135199.0,99305295.0,0.048106448311156604,94.0,49.0,0.0,18.0,27.0,956.0,0,22.40676993689042,-1.0272043356302698,144.29177222222222,145.08875,200.87100000000004,3,0.6530448460221806,6.792718935012814,31,1335.0,9.0,3.0,0.717948717948718,45,712.6777777777777,0.012621916236374068,1.9903110303396079,5.516010918712642,0.34772462077012833,8.062447319236266e-05,0.8838153221714865,0.09690512430238457,0.019279553526128868,0.3479187500651315,2.081293842556508,0.03428863868986694,0.02,352.0,697.0,272870.0,87849.0,24.0,170.0,92.0,45575.0,29.0,29.0,148.0,59.0,17.0,27.0,27.0,8.0,78.0,65.0,1876.0,1678.0,28.0,3.0,14.0,13.0,16.0,449.0,0.8333333333333334,0.894456289978678,0.00666666666666671,442650.0,252.79840091376357
85,83,1,mappo,0,2726,211737,0.0047573807649314405,-98212.52498519026,-218.25005552264503,0.15695778727531434,0.7521727502346038,0.06414141414141415,0.002225204716411755,0.17122510969638824,1.0,621.03,607.5,1176.05,14,12,12,438,1141.0,1141.0,1586.0,4734.0,4407.0,182118.0,0.0,679.0,534.0,232.0,141.0,204.0,469.0,387.0,526.0,0.5718789407313998,2.778688524590164,0.7202740786191955,0.14366621891926848,0.0257005756979275,0.794068051536167,0.7071807738525668,1.7071380176207007,29.446287928732648,0.08356967774046906,0.01872314396436665,0.5687263556116016,0.004413619167717529,251476.0,2151.0,1669.0,11.0,0.0,145.0,146.0,116.0,163.0,465.0,79.0,79.0,53.0,26.0,0.0,0.0,500.0,35.0,0.0,26.0,0.0,0.0,3.0,6.0,8269497.0,101022242.0,0.1297071129707113,279.0,145.0,0.0,18.0,116.0,1150.0,0,22.28460155781905,-1.1407909831347265,128.28489444444446,131.876875,165.97500000000002,0,0.5704571136321743,8.658883094787598,25,1338.0,12.0,0.0,0.6708860759493671,45,650.6333333333334,0.006590772917914919,2.666190577967816,5.89929379323732,0.2530922930542341,4.37417487155832e-05,0.7694790225910558,0.2143845089903181,0.016136468418626097,0.3631771312612282,2.013333333333333,0.07577870757787075,0.02666666666666667,479.0,662.0,251476.0,66907.0,13.0,163.0,83.0,60217.0,12.0,12.0,114.0,73.0,5.0,13.0,13.0,13.0,79.0,55.0,2072.0,1614.0,31.0,11.0,6.0,5.0,11.0,450.0,0.6962025316455697,0.778957528957529,0.0,1260491.0,682.0838744588744
86,84,1,mappo,0,2591,214328,-0.005258224332161869,-59010.004352660326,-131.13334300591183,0.1333168525662687,0.8229811754491594,0.06313131313131314,0.005164596763712886,0.311874692949156,1.0,559.5255555555556,552.25,1031.65,1,1,1,449,922.0,922.0,1669.0,5049.0,4860.0,176835.0,0.0,711.0,613.0,253.0,92.0,117.0,398.0,669.0,485.0,0.5739964050329539,2.9119233073696824,0.8417156190773804,0.14297218888176638,0.0256402905736902,0.7872787702933552,0.7102049789638378,2.036477071078778,32.97658516878514,0.08237187243182408,0.02048829258439273,0.5775913720790893,0.0011983223487118035,218321.0,1802.0,1697.0,0.0,0.0,61.0,61.0,32.0,74.0,98.0,58.0,58.0,38.0,16.0,0.0,3.0,118.0,20.0,0.0,16.0,3.0,0.0,1.0,0.0,8347980.0,102026460.0,0.058823529411764705,106.0,61.0,0.0,13.0,32.0,929.0,0,20.90984089569829,-1.026690950290669,131.97014722222224,136.44625000000002,180.21525000000005,0,0.674916222867358,8.90599069595337,0,1323.0,1.0,0.0,0.6551724137931034,45,576.5055555555555,0.0,1.999392679133947,5.284578620570686,0.3344947735191638,0.0,0.9349503858875413,0.05402425578831312,0.011025358324145534,0.3510182943794755,2.0277501131733815,0.041065482796892344,0.0022222222222222222,314.0,608.0,218321.0,46909.0,4.0,105.0,51.0,38797.0,8.0,8.0,73.0,35.0,15.0,11.0,11.0,6.0,58.0,51.0,1744.0,1646.0,20.0,0.0,0.0,0.0,4.0,449.0,0.8793103448275862,0.9438073394495413,0.0,628416.0,439.1446540880503
87,85,1,mappo,0,2485,216813,-0.004691885644569993,-80077.46823656309,-177.94992941458463,0.32634284198284147,0.7693765252828598,0.06212121212121212,0.0022320207127550784,0.25395407564938066,1.0,568.9588888888889,534.25,1061.7000000000003,2,2,2,448,1000.0,1000.0,1489.0,4485.0,4348.0,168415.0,0.0,640.0,537.0,215.0,97.0,33.0,480.0,549.0,427.0,0.570181329751511,2.9200805910006715,1.0459368053080653,0.137577394194916,0.024611340645235343,0.757193634325302,0.6875259699127928,1.8846309251330262,30.446721735986447,0.08561697017934253,0.019223360867993505,0.5668233713901948,0.004029550033579583,223002.0,1931.0,1695.0,0.0,0.0,49.0,49.0,27.0,75.0,230.0,73.0,73.0,44.0,26.0,0.0,3.0,262.0,32.0,4.0,26.0,3.0,0.0,3.0,0.0,8453089.0,103293513.0,0.05282237182806836,102.0,49.0,0.0,26.0,27.0,975.0,0,22.502654867256638,-1.1642299830925493,122.64716944444446,125.295625,170.47250000000003,0,0.6545450704160276,8.109090185165407,1,1269.0,2.0,0.0,0.6027397260273972,45,678.6833333333334,0.0,2.234832675943648,5.982577055006181,0.3147942157953281,0.0,0.8661216147164027,0.11752682677567705,0.016351558507920288,0.3650254450027526,2.246326626111371,0.038839979285344384,0.0044444444444444444,283.0,717.0,223002.0,50012.0,20.0,113.0,47.0,46977.0,10.0,10.0,59.0,34.0,12.0,7.0,7.0,7.0,73.0,67.0,1858.0,1628.0,32.0,0.0,0.0,0.0,5.0,450.0,0.9178082191780822,0.876210979547901,0.0,828532.0,548.3335539377896
88,85,0,mappo,303,303,217116,,20907.28414579106,46.46063143509125,,,0.061111111111111116,,,1.0,329.69666666666666,309.0,622.55,0,0,0,450,530.0,530.0,0.0,0.0,0.0,0.0,0.0,0.0,0.0,0.0,0.0,0.0,0.0,0.0,0.0,0.0,0.0,0.0,0.0,0.0,0.0,0.0,0.0,0.0,0.0,0.0,0.0,0.0,1286.0,303.0,162.0,0.0,0.0,0.0,0.0,0.0,0.0,0.0,151.0,151.0,9.0,137.0,0.0,4.0,141.0,141.0,227.0,137.0,4.0,0.0,0.0,0.0,8454601.0,103323984.0,0.0,0.0,0.0,0.0,0.0,0.0,0.0,0,6.709876543209877,-0.2700381153443121,22.7102,20.9425,24.96,0,0.1119928306159206,5.6436567306518555,0,11.0,0.0,0.0,0.059602649006622516,45,346.20000000000005,0.0,0.0,0.0,0.0,0.0,0.5331125827814569,0.0,0.46688741721854304,0.38294713097673405,2.1256472491909384,0.0,0.0,0.0,530.0,1286.0,234.0,234.0,0.0,0.0,1381.0,0.0,0.0,0.0,0.0,0.0,0.0,0.0,0.0,151.0,10.0,152.0,152.0,141.0,0.0,0.0,0.0,105.0,449.0,0.06622516556291391,1.0,0.0,4788.0,5.29060773480663
89,86,1,mappo,0,2218,219334,-0.006475321078323759,-27916.743964278307,-62.03720880950735,0.12630729787051678,0.7279909789562226,0.0601010101010101,0.0017421977444011193,0.11402552220970393,1.0,338.79,310.0,636.1,1,1,1,449,852.0,852.0,1366.0,4071.0,3848.0,94280.0,0.0,727.0,335.0,211.0,93.0,287.0,203.0,349.0,527.0,0.4677891654465593,2.8169838945827235,0.7814567997331675,0.10851525006192637,0.019427995748018866,0.7895529394543909,0.7072165871112666,1.6428690231183007,28.534901292222834,0.06706301267006341,0.018267450646111665,0.465592972181552,0.0029282576866764276,135695.0,1805.0,1732.0,4.0,2.0,19.0,19.0,14.0,25.0,67.0,49.0,49.0,38.0,7.0,0.0,4.0,79.0,12.0,0.0,7.0,4.0,0.0,1.0,0.0,8533549.0,104193145.0,0.021606648199445983,39.0,19.0,0.0,6.0,14.0,986.0,0,22.092956120092378,-0.9499992777231338,106.86611388888889,108.27812500000002,156.69075000000004,0,0.5525193378630048,7.369645118713379,2,1064.0,1.0,0.0,0.7755102040816326,45,426.98888888888894,0.0023094688221709007,1.8231274858751827,5.01846053399276,0.3286637931034483,2.947787317145068e-05,0.9563776918829376,0.03699613473219216,0.006626173384870237,0.35686851427319977,2.2649999999999997,0.013850415512465374,0.0022222222222222222,254.0,598.0,135695.0,35410.0,13.0,78.0,39.0,38733.0,0.0,0.0,63.0,31.0,4.0,9.0,9.0,2.0,49.0,43.0,1756.0,1689.0,12.0,0.0,0.0,0.0,3.0,450.0,0.8775510204081632,0.9618451025056948,0.0,332121.0,302.4781420765027
90,86,0,mappo,2024,2024,221358,,-22699.431629644194,-50.44318139920932,,,0.0590909090909091,,,1.0,312.4211111111111,290.25,601.1,0,0,0,450,851.0,851.0,1176.0,3636.0,3486.0,91220.0,0.0,597.0,318.0,183.0,78.0,80.0,278.0,422.0,396.0,0.4923469387755102,2.9642857142857144,1.0556752721519291,0.10957925982431185,0.01982028020738282,0.7869414072824312,0.7332313609844846,1.7369103370082832,30.72424700145125,0.06779904274725952,0.019362123500725876,0.4965986394557823,0.003401360544217687,124562.0,1725.0,1713.0,2.0,0.0,116.0,116.0,94.0,131.0,0.0,70.0,70.0,48.0,19.0,0.0,3.0,27.0,27.0,3.0,19.0,3.0,0.0,5.0,0.0,8596516.0,104942999.0,0.13043478260869565,225.0,116.0,0.0,15.0,94.0,1010.0,0,20.447168709865732,-0.9853469044878292,94.24221666666666,94.96,136.18462500000004,0,0.4797386414360453,8.385919570922852,4,1174.0,0.0,0.0,0.6857142857142857,45,393.5277777777778,0.0011675423234092236,1.9267227045007542,6.030177838326109,0.3711453744493392,1.6056261139031165e-05,0.9844827586206897,0.0,0.015517241379310345,0.3678808240381475,2.242118863049094,0.07594202898550724,0.0,261.0,590.0,124562.0,28874.0,9.0,123.0,56.0,32455.0,10.0,10.0,90.0,50.0,9.0,20.0,20.0,20.0,70.0,59.0,1655.0,1654.0,26.0,0.0,0.0,0.0,9.0,450.0,0.8428571428571429,0.9993957703927493,0.0,85029.0,72.67435897435898
91,87,1,mappo,0,2131,223489,-0.006640056764202503,-20185.778742189013,-44.857286093753366,0.05468756063944764,0.7443235814571381,0.05808080808080808,0.002168143585763548,0.23568408812085787,1.0,314.8522222222222,285.0,607.55,0,0,0,450,828.0,828.0,1307.0,3961.0,3794.0,90195.0,0.0,697.0,265.0,230.0,115.0,247.0,179.0,335.0,546.0,0.4667176740627391,2.90283091048202,0.8423969266222193,0.10634224685251017,0.01907259405019829,0.7926955905065294,0.7051213598876405,1.5953088963980153,27.32047322260176,0.05951267726012466,0.01766023661130105,0.4651874521805662,0.001530221882172915,125862.0,1751.0,1708.0,0.0,0.0,20.0,20.0,15.0,28.0,38.0,36.0,36.0,24.0,11.0,0.0,1.0,51.0,13.0,4.0,11.0,1.0,0.0,1.0,0.0,8664081.0,105725809.0,0.024557395773843516,43.0,20.0,0.0,8.0,15.0,964.0,0,20.078454332552692,-0.9330647501356117,108.94461944444444,108.765625,163.87875000000003,0,0.5313636548682055,6.644130229949951,0,1088.0,0.0,0.0,0.6666666666666666,45,427.65555555555557,0.0,1.6551340820356881,4.6267048119699,0.3391877058177827,0.0,0.9710062535531552,0.02160318362706083,0.007390562819783968,0.3831914482318377,2.4477192982456137,0.01599086236436322,0.0,193.0,635.0,125862.0,33390.0,4.0,62.0,31.0,34025.0,1.0,1.0,48.0,26.0,5.0,11.0,11.0,6.0,36.0,31.0,1715.0,1677.0,13.0,0.0,0.0,0.0,4.0,450.0,0.8611111111111112,0.9778425655976677,0.0,237720.0,224.47592067988668
92,88,1,mappo,0,2200,225689,0.013173655327409505,-33914.90602034826,-75.36645782299613,0.12035334259271621,0.7810381412506103,0.05707070707070708,0.0035851863127721374,0.15268169082701205,1.0,398.35,362.75,725.8000000000001,0,0,0,450,892.0,892.0,1308.0,4017.0,3869.0,125795.0,0.0,582.0,422.0,230.0,74.0,23.0,427.0,440.0,418.0,0.555045871559633,2.9579510703363914,1.1088068449943802,0.12633838799044445,0.022600784880003753,0.7396116663476834,0.6735205246662131,1.5302618961992327,26.105353378865935,0.07150917647507406,0.017052676689433065,0.5519877675840978,0.005351681957186544,160756.0,1767.0,1729.0,0.0,8.0,32.0,32.0,24.0,59.0,7.0,73.0,73.0,42.0,29.0,0.0,2.0,65.0,58.0,0.0,29.0,2.0,0.0,6.0,21.0,8730281.0,106493245.0,0.04697226938313526,83.0,32.0,0.0,27.0,24.0,908.0,0,20.48582995951417,-1.0165926318197311,127.02811944444446,129.78875,181.48000000000002,0,0.593778873807841,6.659308433532715,4,1276.0,0.0,0.0,0.5753424657534246,45,477.35,0.0,1.5401825157130562,4.76346457779721,0.38489208633093525,0.0,0.9637681159420289,0.0039018952062430325,0.032329988851727984,0.34931041781918326,2.259269469331495,0.03338992642897567,0.0,249.0,643.0,160756.0,49188.0,4.0,160.0,95.0,33727.0,64.0,64.0,139.0,68.0,15.0,19.0,19.0,6.0,73.0,63.0,1694.0,1666.0,37.0,0.0,21.0,21.0,28.0,450.0,0.863013698630137,0.9834710743801653,0.0,79497.0,68.00427715996578
93,89,1,mappo,0,2308,227997,-0.011188794684130698,-25545.79720536127,-56.768438234136156,0.06780501827597618,0.7062668204307556,0.05606060606060606,0.004182571069640417,0.23868235116824507,1.0,348.9122222222222,329.75,697.0000000000001,0,0,0,450,852.0,852.0,1457.0,4295.0,4052.0,110836.0,0.0,732.0,402.0,241.0,82.0,199.0,299.0,581.0,378.0,0.49759780370624573,2.7810569663692517,0.9464461973311562,0.10637147508704793,0.019028886326498563,0.7694620521318528,0.705913778795722,1.724108736025266,28.68961726031512,0.054741577617629204,0.018344808630157892,0.49759780370624573,0.004118050789293068,140810.0,1677.0,1657.0,0.0,0.0,48.0,48.0,30.0,65.0,9.0,66.0,66.0,42.0,16.0,0.0,8.0,37.0,28.0,1.0,16.0,8.0,0.0,3.0,1.0,8786235.0,107188795.0,0.056648777579010136,95.0,48.0,0.0,17.0,30.0,874.0,0,18.494870247435124,-0.9522593678070461,93.469175,100.91125000000001,133.47250000000003,0,0.5331744371850319,6.782596111297607,6,1171.0,0.0,0.0,0.6363636363636364,45,445.40555555555557,0.0,1.760795896504977,5.143600059134254,0.37593984962406013,0.0,0.9781582054309327,0.005312868949232586,0.01652892561983471,0.387953763884864,2.2780136467020458,0.03875968992248062,0.0,236.0,616.0,140810.0,33733.0,9.0,108.0,47.0,29098.0,5.0,5.0,61.0,33.0,7.0,8.0,8.0,8.0,66.0,55.0,1611.0,1602.0,28.0,0.0,1.0,1.0,4.0,450.0,0.8333333333333334,0.994413407821229,0.0,173982.0,152.08216783216784
94,90,1,mappo,0,2731,230728,-0.009142156476931026,-116224.4236743082,-258.27649705401825,0.6080766369899114,0.7080984016259512,0.05505050505050506,-0.00011546735807107152,0.15397750218592895,0.9977777777777778,648.4365256124721,635.5,1191.3999999999999,5,1,0,449,1050.0,1050.0,1700.0,4827.0,4648.0,206557.0,0.0,844.0,434.0,286.0,136.0,394.0,299.0,372.0,635.0,0.5035294117647059,2.7341176470588233,0.5946191570075119,0.1542769861243227,0.02759874541723334,0.8449250416194691,0.74585354224135,1.419744763009819,26.353141481418383,0.0509196583602957,0.017176570740709572,0.5205882352941177,0.00411764705882353,267151.0,1981.0,1734.0,9.0,0.0,115.0,115.0,104.0,136.0,224.0,85.0,85.0,48.0,36.0,0.0,0.0,268.0,44.0,18.0,36.0,0.0,0.0,2.0,6.0,8902701.0,108609392.0,0.12115093387178193,240.0,115.0,0.0,21.0,104.0,1076.0,0,24.442329873125722,-0.9639508949109842,152.67133055555556,149.79625000000001,225.10000000000002,1,0.6876472409106104,12.060064315795898,7,1299.0,1.0,1.0,0.5647058823529412,45,653.8777777777777,0.005190311418685121,1.8824656012705678,5.092733385481853,0.3783231083844581,3.3688812693944625e-05,0.8660669665167416,0.111944027986007,0.021989005497251374,0.3438242768516111,2.001416207710464,0.06865219586067643,0.0022222222222222222,291.0,759.0,267151.0,31028.0,93.0,270.0,193.0,48835.0,23.0,23.0,189.0,134.0,16.0,53.0,53.0,9.0,85.0,65.0,1896.0,1669.0,39.0,2.0,6.0,6.0,21.0,449.0,0.7647058823529411,0.8802742616033755,0.0022222222222222365,1139508.0,696.0952962736714
95,91,1,mappo,0,2741,233469,-0.0037833216095653674,-215647.8702193008,-479.21748937622397,1.1895467216769855,0.7730649063984553,0.05404040404040404,0.0026416950064897817,0.2021990109157438,0.9622222222222222,1011.9676674364896,1129.5,1621.5,58,38,21,412,1135.0,1135.0,1611.0,5148.0,4982.0,300189.0,0.0,579.0,599.0,320.0,113.0,52.0,395.0,516.0,648.0,0.6405959031657356,3.092489137181875,1.1408138965076722,0.14306119691596722,0.025592342867735082,0.724818589166963,0.6354243721657454,2.1965718280672126,36.68356207816808,0.11186502876588977,0.022341781039084,0.6480446927374302,0.006207324643078833,393579.0,2442.0,1718.0,1.0,0.0,122.0,122.0,95.0,146.0,717.0,74.0,74.0,43.0,28.0,0.0,3.0,748.0,31.0,1.0,28.0,3.0,0.0,0.0,0.0,9085058.0,110937797.0,0.09868959868959869,241.0,122.0,0.0,24.0,95.0,1421.0,0,22.18218859138533,-1.1854798147430967,114.03813611111111,114.565,157.37375,17,0.8284023490346297,13.324141502380371,701,1456.0,37.0,16.0,0.581081081081081,44,595.4772727272727,0.0005820721769499418,3.9348329259505244,12.444969918936147,0.25412293853073464,2.5407859667309484e-06,0.6960585127996749,0.2913449817147501,0.01259650548557497,0.2994115103109791,1.509783089862771,0.05978705978705979,0.08444444444444445,476.0,659.0,393579.0,81464.0,13.0,135.0,61.0,76212.0,7.0,7.0,159.0,49.0,11.0,13.0,13.0,13.0,74.0,66.0,2368.0,1652.0,31.0,1.0,0.0,0.0,2.0,445.0,0.8918918918918919,0.6976351351351351,0.0377777777777778,2804911.0,1350.4626865671642
96,92,1,mappo,0,2827,236296,-0.006022244711251308,-150025.87089968045,-333.3908242215121,0.36984319364031154,0.6788913061221441,0.053030303030303025,0.0018334432017847874,0.1615815848732988,0.9977777777777778,826.3084632516703,787.5,1482.9,30,27,26,423,1136.0,1136.0,1704.0,5023.0,4603.0,241506.0,0.0,749.0,530.0,309.0,116.0,312.0,480.0,317.0,595.0,0.5604460093896714,2.7012910798122065,0.7829507124640852,0.14519330620450874,0.025973757900824516,0.8171257846311014,0.7259528420670417,1.6051164443608792,27.397016706500565,0.09151746621745467,0.017698508353250614,0.5598591549295775,0.0011737089201877935,326380.0,2380.0,1733.0,248.0,0.0,57.0,68.0,23.0,78.0,607.0,77.0,77.0,42.0,30.0,5.0,0.0,668.0,61.0,3.0,30.0,0.0,5.0,5.0,21.0,9249834.0,113084121.0,0.04243697478991597,101.0,57.0,0.0,21.0,23.0,1303.0,0,24.272360069244087,-1.2135248118722932,137.41710833333335,133.94375,182.49874999999997,1,0.6686374489949832,10.083108901977539,436,1369.0,28.0,1.0,0.5454545454545454,45,854.5222222222221,0.14310444316214657,3.2737425642324895,7.002942526801297,0.22772277227722773,0.0007598504810343771,0.7216666666666667,0.2529166666666667,0.025416666666666667,0.34342546494202764,2.055492063492063,0.03277310924369748,0.06,395.0,741.0,326380.0,95144.0,2564.0,216.0,143.0,70402.0,10.0,10.0,150.0,126.0,12.0,16.0,16.0,16.0,77.0,46.0,2303.0,1687.0,42.0,10.0,21.0,21.0,32.0,449.0,0.5974025974025974,0.7325227963525835,0.0022222222222222365,1465663.0,714.2607212475633
97,93,1,mappo,0,2424,238720,-0.006280797487124801,-107816.8782668023,-239.59306281511624,0.5030544325709343,0.6727526396512985,0.05202020202020202,0.004297968307462252,0.23470591977238656,0.9955555555555555,677.2176339285714,663.5,1230.5,19,10,8,440,868.0,868.0,1558.0,4343.0,4201.0,227817.0,0.0,798.0,380.0,252.0,128.0,439.0,201.0,312.0,606.0,0.4878048780487805,2.696405648267009,0.6051528309980008,0.13859895998743554,0.024944615222463464,0.8474733228860984,0.7607905310190095,1.6243083618073724,29.72846165441983,0.06530304158391731,0.0188642308272103,0.4884467265725289,0.0012836970474967907,280892.0,1925.0,1732.0,2.0,1.0,56.0,56.0,28.0,70.0,186.0,51.0,51.0,33.0,18.0,0.0,0.0,207.0,21.0,0.0,18.0,0.0,0.0,3.0,0.0,9351706.0,114435382.0,0.05090909090909091,98.0,56.0,0.0,14.0,28.0,1132.0,0,22.268475750577366,-1.0322314198221694,134.763375,140.33625,182.61250000000004,2,0.6842927848541959,11.897021245956417,200,1219.0,10.0,2.0,0.6470588235294118,46,665.3804347826087,0.0011547344110854503,3.2845729203709326,9.518756353135313,0.2772946859903382,7.120174301866909e-06,0.8932439401753481,0.0959257349149046,0.010830324909747292,0.350913341943478,1.9747550866616428,0.03636363636363636,0.022222222222222223,281.0,587.0,280892.0,84259.0,2.0,145.0,92.0,44377.0,9.0,9.0,132.0,85.0,5.0,11.0,11.0,11.0,51.0,44.0,1874.0,1688.0,21.0,0.0,0.0,0.0,7.0,450.0,0.8627450980392157,0.9007470651013874,0.004444444444444473,1786818.0,1026.3170591614014
98,94,1,mappo,0,2916,241636,-0.005381430288252886,-99557.10708982183,-221.23801575515964,0.28755468502640724,0.7174382482965788,0.051010101010101006,0.0007185834360118696,0.2058823894088467,1.0,699.0966666666667,693.25,1265.15,12,11,11,439,1120.0,1120.0,1800.0,5337.0,4984.0,213538.0,0.0,741.0,614.0,290.0,155.0,205.0,563.0,475.0,557.0,0.5883333333333334,2.7688888888888887,0.8572077033027179,0.17589092276576493,0.03146528139736297,0.7928086194313235,0.6740978469131773,1.836182313739933,31.23912016892767,0.0903869610369625,0.019619560084463895,0.5827777777777777,0.005555555555555556,274913.0,2052.0,1687.0,0.0,0.0,52.0,52.0,32.0,73.0,355.0,63.0,63.0,38.0,24.0,0.0,1.0,386.0,31.0,4.0,24.0,1.0,0.0,3.0,3.0,9469823.0,115954188.0,0.05116959064327485,105.0,52.0,0.0,21.0,32.0,992.0,0,21.841138114997037,-1.0618223955214168,160.47368055555557,166.9975,203.51375000000002,0,0.6133060048140798,8.603569984436035,13,1501.0,11.0,0.0,0.6031746031746031,45,702.838888888889,0.0,2.135785020741858,5.5395386645333184,0.34210526315789475,0.0,0.8137964302942595,0.17124939700916547,0.014954172696575013,0.3471356069199001,1.972845293905517,0.03557504873294347,0.024444444444444446,398.0,722.0,274913.0,63149.0,10.0,149.0,88.0,54280.0,11.0,11.0,97.0,70.0,7.0,5.0,5.0,5.0,63.0,50.0,1989.0,1637.0,28.0,6.0,3.0,3.0,7.0,450.0,0.7936507936507936,0.8230266465560583,0.0,689475.0,364.0311510031679
99,95,1,mappo,0,2112,243748,0.02581316152853625,-109179.22363526328,-242.6204969672517,0.40031897383076803,0.7611369660922459,0.05,0.0062741640995773095,0.21814208584172384,0.9955555555555555,557.7176339285714,489.25,1081.05,16,12,10,438,975.0,975.0,1139.0,3582.0,3513.0,144919.0,0.0,473.0,354.0,210.0,102.0,78.0,228.0,353.0,480.0,0.5847234416154522,3.084284460052678,1.0787029865870776,0.13206861988429547,0.0236820255911519,0.7183386200500932,0.6009722121989581,2.0221559156516293,34.20788501439611,0.12269447653678525,0.021103942507198256,0.5996488147497805,0.0026338893766461808,223415.0,2185.0,1710.0,0.0,0.0,52.0,52.0,25.0,64.0,465.0,44.0,44.0,27.0,15.0,0.0,2.0,487.0,22.0,0.0,15.0,2.0,0.0,1.0,4.0,9623319.0,117746475.0,0.040732265446224256,89.0,52.0,0.0,12.0,25.0,1266.0,0,26.318713450292396,-1.0474459440286616,114.10767777777778,114.87437499999999,149.19000000000003,2,0.6503091254670126,9.779666900634766,133,1047.0,12.0,2.0,0.6136363636363636,45,681.2722222222221,0.0,2.9558861333488617,7.938225353538718,0.25439330543933053,0.0,0.778132118451025,0.21184510250569477,0.010022779043280182,0.3680454868203449,2.33382728666326,0.029290617848970253,0.02666666666666667,305.0,670.0,223415.0,61201.0,2.0,148.0,108.0,62548.0,2.0,2.0,136.0,95.0,5.0,8.0,8.0,8.0,44.0,38.0,2141.0,1672.0,18.0,0.0,4.0,4.0,8.0,448.0,0.8636363636363636,0.780943484353106,0.004444444444444473,1573946.0,1024.7044270833333
