episode,epsilon,replay,train_steps,mean_loss,episode_return,completion_rate,avg_travel_time,p50_travel_time,p90_travel_time,teleports,teleported_controlled,forced_actions,decisions_opened,decisions_finalized,decisions_skipped,decisions_superseded,route_mismatch,loop_events,uturn_events,short_cycle_events,aba_bounce_events,dead_end_reentry_events,long_horizon_loop_events,revisit_without_progress_events,safety_overrides,loop_avoidance_overrides,distance_worsening_overrides,fragment_build_failures,fallback_overrides,fallback_to_lane_feasible_now,pending_decision_timeouts,deferred_lane_change_actions,lane_change_observe_started,lane_change_observe_success,lane_change_observe_abort_no_progress,lane_change_observe_abort_commit_window,same_edge_pending_released_no_progress,cooldown_replans_blocked,loop_override_count,dead_end_reentry_override_count,batched_policy_calls,snapshot_cache_hits,shortest_path_cache_hits,exploration_actions,policy_actions,override_ratio,policy_masked_actions_removed,override_learning_transitions,loop_prefilter_overrides,cooldown_fallback_overrides,observe_abort_fallback_overrides,route_apply_fail_overrides,override_learning_negative,override_learning_imitation,timeout_unfinished_controlled,exited_without_destination,arrived_non_global_target,alive_at_step_cap,decision_pending_at_episode_end,mean_pending_age,mean_decision_latency_steps,mean_reward_per_finalized_decision,mean_route_difficulty_eta,p50_route_difficulty_eta,p90_route_difficulty_eta,fail_teleport,fail_timeout,fail_removed_non_destination,fail_unreachable_transition,fail_dead_end_no_outgoing,mean_network_density,p95_network_density,congestion_high_pressure_steps,emergency_brake_events,emergency_brake_due_to_leader,emergency_brake_due_to_congestion,emergency_brake_near_junction,emergency_brake_other_reason,teleport_inferred_jam,teleport_inferred_yield_or_deadlock,lane_change_success_rate,lane_change_failure_rate,tail_vehicles_over_p90_count,tail_completion_gap_steps,loop_reason_short_cycle,loop_reason_aba_bounce,loop_reason_dead_end_reentry,loop_reason_long_horizon,loop_reason_revisit_without_progress,dominant_loop_reason,skipped_to_finalized_ratio,skipped_minus_finalized,skipped_significantly_gt_finalized,social_regret_mean,social_regret_p90,social_best_action_chosen_rate,actionable_skip_ratio,pending_resolution_success_rate,delay_fairness_gini,loop_after_fallback_rate,p95_to_p50_travel_ratio,timeout_rate,fallback_rate_per_opened_decision,controlled_teleport_rate,skip_reason_forced_by_lane_commit,skip_reason_too_late_or_unreachable,skip_reason_forced_single_path,skip_reason_no_branch,reachable_lane_change_nonempty,reachable_lane_change_excluded_any,reachable_lane_change_excluded_all,policy_candidates_with_broader_available,policy_candidates_collapsed_to_lane_now_only,soft_commit_window_admissions,observe_abort_low_speed,pending_commit_window_grace_kept,proactive_shift2_candidates_kept
0,0.99,5000,229,0.06479132920503616,-502.1009656750607,0.94,385.25531914893617,296.5,803.1000000000001,19,9,457.0,2790.0,2028.0,26214.0,0.0,1.0,27.0,0.0,0.0,0.0,0.0,18.0,0.0,89.0,0.0,0.0,0.0,96.0,7.0,714.0,50.0,50.0,42.0,5.0,2.0,722.0,0.0,89.0,0.0,0.0,62.0,272700.0,2291.0,0.0,0.06630824372759857,2432.0,192.0,89.0,0.0,7.0,0.0,96.0,96.0,0,0,0,0,6,9.121690370975529,11.117908238776517,0.2883788628562776,125.4744875,118.86812499999999,196.39725,6,0.0,0.0,0.0,0.0,0.07306680700395467,20.0,514,658.0,89.0,442.0,63.0,64.0,7.0,8.0,1.0,0.0,10,683.8,0.0,0.0,0.0,18.0,0.0,long_horizon,12.92603550295858,24186.0,1,1.983557055887007,3.8504808724832222,0.6345381526104418,0.0,0.7275471698113207,0.4099413768508475,0.2597402597402597,3.1146711635750424,0.0,0.034408602150537634,0.09,1484.0,0.0,2773.0,0.0,28962.0,4278.0,0.0,1831.0,1736.0,0.0,0.0,1.0,0.0
1,0.9801,5000,390,0.06421774625778198,-5.156721249999383,0.99,295.73737373737373,255.0,522.0,5,3,628.0,2838.0,2153.0,21328.0,0.0,1.0,49.0,0.0,0.0,0.0,0.0,39.0,0.0,92.0,0.0,0.0,0.0,99.0,7.0,481.0,212.0,212.0,59.0,4.0,148.0,633.0,0.0,92.0,0.0,0.0,287.0,521495.0,2136.0,15.0,0.06730091613812544,2462.0,343.0,92.0,0.0,7.0,0.0,244.0,99.0,0,0,0,0,1,8.519922967582191,8.523698884758364,1.1909270204366005,133.52387499999998,138.755625,200.133375,1,0.0,0.0,0.0,0.0,0.0,0.0,0,644.0,88.0,0.0,405.0,151.0,0.0,4.0,1.0,0.0,11,361.27272727272725,0.0,0.0,0.0,39.0,0.0,long_horizon,9.906177426846261,19175.0,1,0.01709313878235859,0.06227500000000022,0.7828379674017258,0.0,0.7643335815338794,0.3250097808469281,0.4367816091954023,2.2584313725490186,0.0,0.03488372093023256,0.03,1263.0,0.0,2214.0,0.0,24107.0,4019.0,147.0,1749.0,1634.0,0.0,0.0,0.0,0.0
2,0.9702989999999999,5000,582,0.019155554473400116,-9.344639874999089,0.95,301.5684210526316,272.0,558.2,15,5,581.0,2814.0,2190.0,23052.0,0.0,1.0,53.0,0.0,0.0,0.0,0.0,43.0,0.0,117.0,0.0,0.0,0.0,120.0,3.0,564.0,60.0,60.0,56.0,3.0,0.0,568.0,0.0,117.0,0.0,0.0,354.0,772610.0,2131.0,46.0,0.08422174840085288,2358.0,240.0,117.0,0.0,3.0,0.0,120.0,120.0,0,0,0,0,5,8.75466824744887,8.767367458866545,1.0470812842465758,131.9006875,128.28062500000001,223.39525,5,0.0,0.0,0.0,0.0,0.0,0.0,0,637.0,82.0,0.0,410.0,145.0,0.0,10.0,1.0,0.0,10,408.29999999999995,0.0,0.0,0.0,43.0,0.0,long_horizon,10.526027397260274,20862.0,1,0.01723856872933397,0.06227499999999986,0.7732640529050543,0.0,0.7863054928517682,0.3717642390383793,0.375,2.427941176470588,0.0,0.042643923240938165,0.05,2501.0,0.0,2894.0,0.0,25810.0,3916.0,0.0,1679.0,1582.0,0.0,0.0,0.0,0.0
3,0.96059601,5000,797,0.11399580538272858,-0.09837900000008042,0.96,259.4270833333333,229.0,475.0,17,6,444.0,2471.0,2009.0,18433.0,0.0,2.0,45.0,0.0,2.0,0.0,0.0,33.0,0.0,82.0,0.0,0.0,0.0,86.0,4.0,411.0,51.0,51.0,45.0,4.0,0.0,417.0,0.0,82.0,0.0,0.0,409.0,988247.0,1912.0,70.0,0.0679886685552408,2174.0,172.0,82.0,0.0,4.0,0.0,86.0,86.0,0,0,0,0,4,8.425819802610633,9.218018914883027,1.2375839223494276,120.72808749999999,111.27625,211.73812500000008,4,0.0,0.0,0.0,0.0,0.0,0.0,0,571.0,74.0,0.0,383.0,114.0,0.0,10.0,1.0,0.0,10,413.20000000000005,2.0,0.0,0.0,33.0,0.0,long_horizon,9.175211548033849,16424.0,1,0.015894067028985513,0.06025,0.7867494824016563,0.0,0.8207222699914015,0.3829698688349059,0.4473684210526316,2.3941048034934496,0.0,0.03480372318899231,0.06,849.0,0.0,1915.0,0.0,20859.0,3006.0,1.0,1582.0,1498.0,0.0,0.0,2.0,1.0
4,0.9509900498999999,5000,1013,0.035835109651088715,-10.254615749999182,0.94,309.27659574468083,241.5,554.5,16,6,407.0,2699.0,2018.0,23779.0,0.0,1.0,33.0,0.0,0.0,0.0,0.0,29.0,0.0,90.0,0.0,0.0,0.0,99.0,9.0,642.0,43.0,43.0,33.0,7.0,2.0,652.0,0.0,90.0,0.0,0.0,465.0,1254623.0,2159.0,100.0,0.0700259355316784,2630.0,198.0,90.0,0.0,9.0,0.0,99.0,99.0,0,0,0,0,5,9.045655556465482,9.002973240832507,1.1676622522299307,123.8218,122.38499999999999,181.5805000000001,6,0.0,0.0,0.0,0.0,0.0,0.0,0,550.0,84.0,0.0,339.0,127.0,0.0,12.0,1.0,0.0,10,595.5,0.0,0.0,0.0,29.0,0.0,long_horizon,11.783448959365709,21761.0,1,0.01465121786197564,0.0597100000000001,0.7943166441136671,0.0,0.7463035019455253,0.37901131746273364,0.2948717948717949,3.5540372670807434,0.0,0.036680251945164874,0.06,1540.0,0.0,1934.0,0.0,26445.0,5387.0,1.0,1849.0,1758.0,0.0,0.0,0.0,0.0
5,0.9414801494009999,5000,1186,0.06277459859848022,-7.289101499999074,0.98,304.8469387755102,279.0,518.9,6,3,447.0,2832.0,2236.0,22858.0,0.0,0.0,53.0,0.0,0.0,0.0,0.0,42.0,0.0,108.0,0.0,0.0,0.0,113.0,5.0,539.0,59.0,59.0,54.0,2.0,3.0,545.0,0.0,108.0,0.0,0.0,532.0,1518718.0,2222.0,109.0,0.0780367231638418,2648.0,226.0,108.0,0.0,5.0,0.0,113.0,113.0,0,0,0,0,2,8.61355671424908,8.15742397137746,1.084843403398927,131.45490000000004,134.71375,201.70237500000005,2,0.0,0.0,0.0,0.0,0.0,0.0,0,678.0,101.0,0.0,428.0,149.0,0.0,5.0,1.0,0.0,10,369.5,0.0,0.0,0.0,42.0,0.0,long_horizon,10.222719141323793,20622.0,1,0.01719853653169014,0.0622750000000003,0.7742077464788732,0.0,0.7967176426706453,0.3306877294850996,0.33663366336633666,2.138709677419353,0.0,0.039901129943502825,0.03,916.0,0.0,1946.0,0.0,25636.0,4292.0,0.0,1874.0,1761.0,0.0,0.0,0.0,0.0
6,0.9320653479069899,5000,1328,0.029856517910957336,2.0760749999999315,1.0,243.92,201.5,436.10000000000025,1,1,481.0,2475.0,2050.0,17679.0,0.0,2.0,51.0,0.0,0.0,0.0,0.0,46.0,0.0,91.0,0.0,0.0,0.0,98.0,7.0,377.0,58.0,58.0,48.0,4.0,3.0,385.0,0.0,91.0,0.0,0.0,603.0,1728644.0,1833.0,113.0,0.07636363636363637,2205.0,196.0,91.0,0.0,7.0,0.0,98.0,98.0,0,0,0,0,0,8.280445256687157,7.5378233284529035,1.2646914634146342,127.7237125,122.46375,213.67887500000003,0,0.0,0.0,0.0,0.0,0.0,0.0,0,590.0,84.0,0.0,393.0,113.0,0.0,1.0,1.0,0.0,10,387.0,0.0,0.0,0.0,46.0,0.0,long_horizon,8.62390243902439,15629.0,1,0.017893350501848915,0.06227500000000008,0.7754886423666139,0.0,0.8351177730192719,0.34793620859298136,0.36904761904761907,2.715136476426799,0.0,0.039595959595959594,0.01,1058.0,0.0,2221.0,0.0,20106.0,2098.0,5.0,1584.0,1498.0,0.0,0.0,1.0,0.0
7,0.92274469442792,5000,1529,0.032881174236536026,-4.1112489999995745,0.94,295.7659574468085,223.5,609.5000000000001,16,6,577.0,2655.0,2067.0,22021.0,0.0,1.0,38.0,0.0,0.0,0.0,0.0,30.0,0.0,76.0,0.0,0.0,0.0,82.0,6.0,550.0,39.0,39.0,32.0,4.0,2.0,556.0,0.0,76.0,0.0,0.0,653.0,1974634.0,1905.0,141.0,0.05951035781544256,2397.0,164.0,76.0,0.0,6.0,0.0,82.0,82.0,0,0,0,0,6,8.750520579504673,9.105950653120464,1.2726362360909536,132.0222625,124.095,218.39675000000005,6,0.0,0.0,0.0,0.0,0.0,0.0,0,608.0,72.0,0.0,397.0,139.0,0.0,12.0,1.0,0.0,10,526.8,0.0,0.0,0.0,30.0,0.0,long_horizon,10.653604257377843,19954.0,1,0.016381287350597618,0.05934999999999999,0.8047808764940239,0.0,0.7796274276654777,0.3917757332627225,0.4084507042253521,3.1315436241610732,0.0,0.03088512241054614,0.06,1792.0,0.0,3654.0,0.0,24644.0,4720.0,1.0,1666.0,1573.0,0.0,0.0,0.0,0.0
8,0.9135172474836407,5000,1713,0.035158921033144,-9.606658124999093,0.96,295.2291666666667,270.0,582.0,11,5,568.0,2703.0,2028.0,22091.0,0.0,2.0,52.0,0.0,0.0,0.0,0.0,46.0,0.0,105.0,0.0,0.0,0.0,109.0,4.0,530.0,148.0,148.0,29.0,4.0,113.0,647.0,0.0,105.0,0.0,0.0,806.0,2214255.0,1948.0,158.0,0.07917129115797263,2263.0,331.0,105.0,0.0,4.0,0.0,222.0,109.0,0,0,0,0,3,8.753193934839308,8.905818540433925,1.1109626171104536,123.40884999999999,116.12374999999999,197.34587500000004,4,0.0,0.0,0.0,0.0,0.0,0.0,0,572.0,78.0,0.0,382.0,112.0,0.0,9.0,1.0,0.0,11,480.18181818181813,0.0,0.0,0.0,46.0,0.0,long_horizon,10.892998027613412,20063.0,1,0.016812759411196917,0.06227500000000008,0.7693050193050193,0.0,0.74873786407767,0.38867228847646595,0.4,2.486111111111111,0.0,0.040325564187939325,0.05,1170.0,0.0,2418.0,0.0,24765.0,2632.0,114.0,1674.0,1595.0,0.0,0.0,0.0,0.0
9,0.9043820750088043,5000,1882,0.049391891807317734,1.7790345000005638,1.0,275.96,254.5,458.20000000000005,3,3,449.0,2601.0,2137.0,20119.0,0.0,0.0,38.0,0.0,0.0,0.0,0.0,26.0,0.0,77.0,0.0,0.0,0.0,78.0,1.0,414.0,51.0,51.0,50.0,0.0,1.0,416.0,0.0,77.0,0.0,0.0,861.0,2449428.0,1933.0,169.0,0.059592464436755095,2430.0,156.0,77.0,0.0,1.0,0.0,78.0,78.0,0,0,0,0,0,8.3870166553034,8.215823970037453,1.3441766261113715,138.6113375,135.3125,216.56425000000002,0,0.0,0.0,0.0,0.0,0.0,0.0,0,628.0,76.0,0.0,418.0,134.0,0.0,3.0,1.0,0.0,10,342.0,0.0,0.0,0.0,26.0,0.0,long_horizon,9.414599906410857,17982.0,1,0.016189687651920272,0.06227499999999986,0.7783179387457463,0.0,0.8304117407256421,0.32338962168430196,0.36,2.016895874263261,0.0,0.029988465974625143,0.03,1156.0,0.0,1931.0,0.0,22670.0,3189.0,6.0,1670.0,1596.0,0.0,0.0,1.0,0.0
10,0.8953382542587163,5000,2030,0.054250068962574005,5.522244125000124,0.99,215.58585858585857,208.0,385.6,3,2,442.0,2276.0,1922.0,15706.0,0.0,3.0,42.0,0.0,0.0,0.0,0.0,36.0,0.0,89.0,0.0,0.0,0.0,91.0,2.0,324.0,33.0,33.0,28.0,1.0,1.0,328.0,0.0,89.0,0.0,0.0,897.0,2643309.0,1637.0,169.0,0.07908611599297012,2075.0,182.0,89.0,0.0,2.0,0.0,91.0,91.0,0,0,0,0,1,8.043038922155688,7.50546590317543,1.374501775494277,117.61836250000002,110.37312499999999,186.9461250000001,1,0.0,0.0,0.0,0.0,0.0,0.0,0,552.0,77.0,0.0,361.0,114.0,0.0,3.0,1.0,0.0,10,273.3,0.0,0.0,0.0,36.0,0.0,long_horizon,8.171696149843912,13784.0,1,0.015875944726452342,0.06025,0.7980823463056965,0.0,0.8474418604651163,0.3224533201574853,0.35802469135802467,2.1499999999999995,0.0,0.03998242530755712,0.02,778.0,0.0,1866.0,0.0,17954.0,2787.0,0.0,1441.0,1371.0,0.0,0.0,2.0,0.0
11,0.8863848717161291,5000,2328,0.010160484351217747,-18.85944203223884,0.92,311.42391304347825,251.5,567.5000000000001,20,8,438.0,2848.0,2053.0,26546.0,0.0,2.0,23.0,0.0,1.0,0.0,0.0,18.0,0.0,79.0,0.0,0.0,0.0,93.0,14.0,728.0,73.0,73.0,57.0,11.0,3.0,744.0,0.0,79.0,0.0,0.0,994.0,2927043.0,2100.0,253.0,0.060393258426966294,2615.0,186.0,79.0,0.0,14.0,0.0,93.0,93.0,0,0,0,0,8,9.18540108520311,9.585484656600098,1.1738220500756942,127.688825,126.8225,208.52337500000004,8,0.0,0.0,0.0,0.0,0.0004776133479712663,10.0,226,590.0,73.0,5.0,374.0,138.0,1.0,15.0,1.0,0.0,10,543.8,1.0,0.0,0.0,18.0,0.0,long_horizon,12.930345835362884,24493.0,1,0.02274457785087719,0.062275000000000025,0.775438596491228,0.0,0.7241379310344828,0.35605366228965374,0.22972972972972974,2.757256461232606,0.0,0.032654494382022475,0.08,1157.0,0.0,1717.0,0.0,29337.0,5348.0,0.0,1954.0,1837.0,0.0,0.0,0.0,0.0
12,0.8775210229989678,5000,2563,0.04070448875427246,-2.6927343708027927,0.96,276.15625,228.0,551.0,17,5,550.0,2533.0,1985.0,20569.0,0.0,1.0,35.0,0.0,0.0,0.0,0.0,30.0,0.0,79.0,0.0,0.0,0.0,81.0,2.0,515.0,34.0,34.0,31.0,2.0,0.0,517.0,0.0,79.0,0.0,0.0,1029.0,3162681.0,1707.0,245.0,0.06316620607974734,2140.0,162.0,79.0,0.0,2.0,0.0,81.0,81.0,0,0,0,0,3,8.781493075317776,8.482358870967742,1.3204677490803467,122.07631250000003,120.95937500000002,208.49262500000003,4,0.0,0.0,0.0,0.0,0.0020805303401870284,1.6829349994659424,0,618.0,83.0,1.0,400.0,134.0,0.0,9.0,1.0,0.0,10,582.8,0.0,0.0,0.0,30.0,0.0,long_horizon,10.36221662468514,18584.0,1,0.023557977261248732,0.06024999999999995,0.7758081334723671,0.0,0.7847626977518735,0.4268640847195504,0.33766233766233766,3.3092105263157894,0.0,0.03197789182787209,0.05,2703.0,0.0,2010.0,0.0,23071.0,5395.0,0.0,1511.0,1443.0,0.0,0.0,0.0,0.0
13,0.8687458127689781,5000,2690,0.04737047851085663,3.487602521083765,1.0,257.03,232.0,461.90000000000015,1,0,468.0,2440.0,1996.0,18836.0,0.0,1.0,31.0,0.0,2.0,0.0,0.0,28.0,0.0,74.0,0.0,0.0,0.0,78.0,4.0,398.0,51.0,51.0,46.0,3.0,1.0,403.0,0.0,74.0,0.0,0.0,1084.0,3380626.0,1690.0,236.0,0.06229508196721312,2320.0,156.0,74.0,0.0,4.0,0.0,78.0,78.0,0,0,0,0,0,8.284793345463997,8.15689223057644,1.4523267274407081,130.7464,127.69312500000001,209.7603750000001,0,0.0,0.0,0.0,0.0,0.002080530340187028,1.6829349994659424,0,572.0,87.0,2.0,343.0,140.0,0.0,0.0,1.0,0.0,10,302.0,2.0,0.0,0.0,28.0,0.0,long_horizon,9.43687374749499,16840.0,1,0.024539937657881632,0.059350000000000236,0.7996803409696324,0.0,0.8247063940843845,0.3201700190639225,0.40298507462686567,2.268103448275862,0.0,0.031967213114754096,0.0,1310.0,0.0,2019.0,0.0,21230.0,3058.0,1.0,1573.0,1480.0,0.0,0.0,1.0,0.0
14,0.8600583546412883,5000,2891,0.03277812898159027,-7.241054489906356,0.95,300.3578947368421,230.0,566.2,14,6,501.0,2682.0,2079.0,22692.0,0.0,3.0,32.0,0.0,0.0,0.0,0.0,25.0,0.0,97.0,0.0,0.0,0.0,99.0,2.0,552.0,51.0,51.0,46.0,1.0,1.0,554.0,0.0,97.0,0.0,0.0,1139.0,3634822.0,1840.0,295.0,0.07307979120059657,2375.0,198.0,97.0,0.0,2.0,0.0,99.0,99.0,0,0,0,0,5,8.808036482533128,9.224146224146224,1.2010228052719165,127.477675,118.03562500000001,202.42275000000004,5,0.0,0.0,0.0,0.0,0.0020805303401870284,1.6829349994659424,0,614.0,87.0,0.0,402.0,125.0,0.0,11.0,1.0,0.0,10,576.4,0.0,0.0,0.0,25.0,0.0,long_horizon,10.914862914862915,20613.0,1,0.026054150996824073,0.06026250000000026,0.7859884836852208,0.0,0.7812870114488748,0.38334987254355823,0.3375,3.232608695652174,0.0,0.03691275167785235,0.06,1535.0,0.0,2936.0,0.0,25328.0,5744.0,0.0,1709.0,1620.0,0.0,0.0,0.0,0.0
15,0.8514577710948754,5000,3178,0.13257552683353424,1.751576412970461,0.99,258.6161616161616,221.0,480.0,3,2,476.0,2363.0,1913.0,18423.0,0.0,1.0,29.0,0.0,0.0,0.0,0.0,24.0,0.0,82.0,0.0,0.0,0.0,88.0,6.0,410.0,49.0,49.0,42.0,6.0,0.0,416.0,0.0,82.0,0.0,0.0,1196.0,3843985.0,1574.0,271.0,0.07194244604316546,2131.0,176.0,82.0,0.0,6.0,0.0,88.0,88.0,0,0,0,0,0,8.49832740402485,8.218733647305076,1.4365653557708136,119.3046875,118.031875,193.10437499999998,1,0.0,0.0,0.0,0.0,0.0020805303401870284,1.6829349994659424,0,559.0,72.0,1.0,376.0,110.0,0.0,3.0,1.0,0.0,11,434.3636363636364,0.0,0.0,0.0,24.0,0.0,long_horizon,9.630423418714061,16510.0,1,0.028379768713966042,0.06227500000000008,0.805230940456316,0.0,0.813369223867205,0.38618974970183806,0.2878787878787879,2.370588235294117,0.0,0.03724079559881507,0.02,1284.0,0.0,2252.0,0.0,20744.0,2750.0,1.0,1495.0,1415.0,0.0,0.0,0.0,0.0
16,0.8429431933839266,5000,3511,0.03156570717692375,-20.748233575738794,0.9,350.3777777777778,280.0,707.5,34,12,426.0,2758.0,1948.0,26318.0,0.0,0.0,23.0,0.0,0.0,0.0,0.0,18.0,0.0,55.0,0.0,0.0,0.0,58.0,3.0,770.0,36.0,36.0,33.0,2.0,1.0,773.0,0.0,55.0,0.0,0.0,1241.0,4129734.0,1966.0,333.0,0.04097171863669326,2676.0,116.0,55.0,0.0,3.0,0.0,58.0,58.0,0,0,0,0,8,9.331622858830478,10.581920903954803,1.2002942203983984,122.2843375,119.0975,197.892125,10,0.0,0.0,0.0,0.0,0.0022433000157483004,19.5,159,594.0,75.0,2.0,388.0,129.0,0.0,25.0,1.0,0.0,9,696.7777777777778,0.0,0.0,0.0,18.0,0.0,long_horizon,13.510266940451745,24370.0,1,0.0369344716638598,0.062275000000000025,0.7700794351279788,0.0,0.705074399084319,0.4007512173808869,0.2708333333333333,2.712678571428571,0.0,0.02102973168963017,0.12,846.0,0.0,1937.0,0.0,29043.0,4984.0,2.0,1929.0,1860.0,0.0,0.0,0.0,0.0
17,0.8345137614500874,5000,3710,0.03226732835173607,-6.144634247282024,0.98,292.55102040816325,273.5,498.0,4,2,466.0,2674.0,2086.0,21939.0,0.0,1.0,46.0,0.0,1.0,0.0,0.0,28.0,0.0,102.0,0.0,0.0,0.0,107.0,5.0,521.0,69.0,69.0,59.0,4.0,5.0,532.0,0.0,102.0,0.0,0.0,1323.0,4379864.0,1860.0,289.0,0.0781600598354525,2470.0,218.0,102.0,0.0,5.0,0.0,111.0,107.0,0,0,0,0,2,8.654082450360608,8.467401725790987,1.1836348504621228,127.76416249999998,128.905625,208.37350000000006,2,0.0,0.0,0.0,0.0,0.0020805303401870284,1.4558160305023193,0,655.0,92.0,2.0,432.0,129.0,0.0,4.0,1.0,0.0,11,366.31818181818187,1.0,0.0,0.0,28.0,0.0,long_horizon,10.51725790987536,19853.0,1,0.020735872446930766,0.06251250000000019,0.7809204218600192,0.0,0.7887212073073868,0.33091833175544383,0.358695652173913,1.9934186471663617,0.0,0.0400149588631264,0.02,1327.0,0.0,2738.0,0.0,24554.0,4596.0,5.0,1744.0,1634.0,0.0,0.0,0.0,1.0
18,0.8261686238355865,5000,3936,0.020004795864224434,-1.5622966781388348,0.96,280.7395833333333,250.5,471.5,9,4,537.0,2667.0,2140.0,20985.0,0.0,0.0,41.0,0.0,0.0,0.0,0.0,34.0,0.0,82.0,0.0,0.0,0.0,86.0,4.0,489.0,38.0,38.0,33.0,3.0,1.0,495.0,0.0,82.0,0.0,0.0,1366.0,4624119.0,1766.0,331.0,0.06299212598425197,2426.0,172.0,82.0,0.0,4.0,0.0,86.0,86.0,0,0,0,0,3,8.59363941143602,8.697196261682244,1.2847008852139683,136.801575,146.948125,210.71887500000005,4,0.0,0.0,0.0,0.0,0.0020805303401870284,1.4558160305023193,0,620.0,74.0,0.0,406.0,140.0,0.0,8.0,1.0,0.0,10,463.6,0.0,0.0,0.0,34.0,0.0,long_horizon,9.80607476635514,18845.0,1,0.021734243849354146,0.059350000000000014,0.7975728155339806,0.0,0.8047337278106509,0.3558978176443668,0.4027777777777778,2.312375249500998,0.0,0.03224596925384327,0.04,1498.0,0.0,2236.0,0.0,23619.0,4719.0,1.0,1659.0,1578.0,0.0,0.0,0.0,0.0
19,0.8179069375972307,5000,4181,0.09104715287685394,-12.127004928667825,0.92,321.2391304347826,264.5,668.4000000000001,27,10,524.0,2713.0,1975.0,24543.0,0.0,1.0,40.0,0.0,0.0,0.0,0.0,32.0,0.0,83.0,0.0,0.0,0.0,88.0,5.0,702.0,36.0,36.0,30.0,5.0,0.0,707.0,0.0,83.0,0.0,0.0,1415.0,4897201.0,1790.0,369.0,0.06302985624769628,2435.0,176.0,83.0,0.0,5.0,0.0,88.0,88.0,0,0,0,0,8,9.182848088730442,9.298023314749113,1.1742287196424832,122.97795000000002,119.863125,193.22637500000008,8,0.0,0.0,0.0,0.0,0.0020805303401870284,1.4558160305023193,0,595.0,80.0,0.0,391.0,124.0,0.0,18.0,1.0,0.0,10,563.2,0.0,0.0,0.0,32.0,0.0,long_horizon,12.426835443037975,22568.0,1,0.017237512890965975,0.052100000000000035,0.7743758831841734,0.0,0.7261812548412083,0.37709601584130437,0.3424657534246575,3.012665406427222,0.0,0.03243641725027645,0.1,1057.0,0.0,3184.0,0.0,27226.0,6704.0,0.0,1735.0,1661.0,0.0,0.0,0.0,0.0
20,0.8097278682212583,5000,4343,0.03554829955101013,-7.443817802573175,0.98,320.7040816326531,321.5,568.9999999999999,8,3,581.0,2793.0,2142.0,23714.0,0.0,0.0,44.0,0.0,0.0,0.0,0.0,38.0,0.0,90.0,0.0,0.0,0.0,99.0,9.0,605.0,51.0,51.0,42.0,8.0,1.0,616.0,0.0,90.0,0.0,0.0,1481.0,5153148.0,1793.0,377.0,0.06766917293233082,2476.0,198.0,90.0,0.0,9.0,0.0,99.0,99.0,0,0,0,0,2,8.906294971423872,8.390756302521009,1.2223611427421737,132.7661875,131.80062500000003,219.40625,2,0.0,0.0,0.0,0.0,0.0020805303401870284,1.4558160305023193,0,621.0,81.0,0.0,405.0,135.0,0.0,5.0,1.0,0.0,10,405.5,0.0,0.0,0.0,38.0,0.0,long_horizon,11.070961718020541,21572.0,1,0.022983890923794596,0.06518750000000005,0.7758376592732421,0.0,0.7682468021068473,0.3478144129203433,0.38636363636363635,2.1107309486780714,0.0,0.03544575725026853,0.03,1598.0,0.0,4463.0,0.0,26465.0,3779.0,0.0,1729.0,1641.0,0.0,0.0,0.0,0.0
21,0.8016305895390458,5000,4500,0.01156365592032671,0.7305137328402515,0.97,261.21649484536084,207.0,533.2000000000002,5,3,467.0,2481.0,1974.0,19685.0,0.0,0.0,27.0,0.0,0.0,0.0,0.0,20.0,0.0,69.0,0.0,0.0,0.0,70.0,1.0,468.0,37.0,37.0,36.0,0.0,1.0,471.0,0.0,69.0,0.0,0.0,1522.0,5378960.0,1594.0,384.0,0.05602579604997985,2201.0,140.0,69.0,0.0,1.0,0.0,70.0,70.0,0,0,0,0,2,8.572562639543538,8.170805879371516,1.3982282475555254,126.59438750000002,117.955,194.99625000000006,3,0.0,0.0,0.0,0.0,0.0020805303401870284,1.4558160305023193,0,542.0,63.0,2.0,355.0,122.0,0.0,5.0,1.0,0.0,10,429.4,0.0,0.0,0.0,20.0,0.0,long_horizon,9.972137791286727,17711.0,1,0.01828661944497878,0.06251249999999997,0.7785787847579815,0.0,0.7991471215351812,0.37411882075982206,0.32786885245901637,2.878260869565213,0.0,0.028214429665457477,0.03,981.0,0.0,1962.0,0.0,22130.0,3038.0,0.0,1553.0,1481.0,0.0,0.0,0.0,0.0
22,0.7936142836436553,5000,4774,0.056729309260845184,-12.108132373376593,0.91,301.05494505494505,251.0,593.0,20,11,595.0,2850.0,2084.0,25305.0,0.0,1.0,39.0,0.0,0.0,0.0,0.0,26.0,0.0,77.0,0.0,0.0,0.0,78.0,1.0,725.0,37.0,37.0,35.0,1.0,0.0,726.0,0.0,77.0,0.0,0.0,1561.0,5652420.0,1799.0,421.0,0.054385964912280704,2527.0,156.0,77.0,0.0,1.0,0.0,78.0,78.0,0,0,0,0,7,9.152055320783711,8.838694191070571,1.1620821453856292,130.1057375,132.650625,210.65562500000004,9,0.0,0.0,0.0,0.0,0.0020805303401870284,1.4558160305023193,0,603.0,82.0,0.0,388.0,133.0,0.0,20.0,1.0,0.0,10,532.4,0.0,0.0,0.0,26.0,0.0,long_horizon,12.142514395393475,23221.0,1,0.021497616742370655,0.07449999999999957,0.7737059092991296,0.0,0.7321033210332103,0.39799665949468843,0.3235294117647059,2.846613545816733,0.0,0.02736842105263158,0.11,3266.0,0.0,2072.0,0.0,28120.0,4871.0,0.0,1795.0,1725.0,0.0,0.0,0.0,0.0
23,0.7856781408072188,5000,4973,0.024456635117530823,-6.000036141605944,0.95,272.9684210526316,217.0,521.4000000000003,23,8,408.0,2372.0,1773.0,21244.0,0.0,0.0,40.0,0.0,0.0,0.0,0.0,32.0,0.0,66.0,0.0,0.0,0.0,71.0,5.0,548.0,52.0,52.0,47.0,3.0,2.0,553.0,0.0,66.0,0.0,0.0,1625.0,5886724.0,1521.0,396.0,0.05775716694772344,2101.0,142.0,66.0,0.0,5.0,0.0,71.0,71.0,0,0,0,0,5,8.975679148311308,9.174943566591422,1.3430730662492,115.4689125,110.54062499999999,188.701375,5,0.0,0.0,0.0,0.0,0.002080530340187028,1.4558160305023193,0,515.0,55.0,1.0,334.0,125.0,0.0,13.0,1.0,0.0,10,527.4,0.0,0.0,0.0,32.0,0.0,long_horizon,11.98195149464185,19471.0,1,0.015992950381849218,0.05831000000000044,0.7908847184986595,0.0,0.7515723270440252,0.39270155954439545,0.4716981132075472,3.355299539170507,0.0,0.02993254637436762,0.08,1496.0,0.0,1969.0,0.0,23569.0,5249.0,0.0,1554.0,1469.0,0.0,0.0,0.0,0.0
24,0.7778213593991465,5000,5145,0.03924695774912834,3.1243444468853476,1.0,277.76,237.5,514.8000000000006,3,2,445.0,2382.0,1916.0,18892.0,0.0,1.0,21.0,0.0,0.0,0.0,0.0,18.0,0.0,64.0,0.0,0.0,0.0,65.0,1.0,429.0,40.0,40.0,38.0,1.0,0.0,431.0,0.0,64.0,0.0,0.0,1670.0,6102904.0,1473.0,426.0,0.05415617128463476,2189.0,130.0,64.0,0.0,1.0,0.0,65.0,65.0,0,0,0,0,0,8.547303591760688,9.082027168234065,1.5093944079432664,127.3814375,118.733125,216.09250000000006,0,0.0,0.0,0.0,0.0,0.0020805303401870284,1.4558160305023193,0,577.0,73.0,0.0,375.0,129.0,0.0,2.0,1.0,0.0,10,471.4,0.0,0.0,0.0,18.0,0.0,long_horizon,9.860125260960334,16976.0,1,0.015704349081884443,0.050400000000000056,0.8154922001075847,0.0,0.8081886960391633,0.35660282258064524,0.2641509433962264,2.7981052631578947,0.0,0.0272879932829555,0.02,1297.0,0.0,2133.0,0.0,21236.0,4247.0,0.0,1584.0,1500.0,0.0,0.0,0.0,0.0
25,0.7700431458051551,5000,5314,0.04585059732198715,3.3806136421359785,0.98,229.8469387755102,207.0,452.5,4,2,503.0,2455.0,2049.0,17304.0,0.0,2.0,45.0,0.0,0.0,0.0,0.0,41.0,0.0,70.0,0.0,0.0,0.0,74.0,4.0,370.0,41.0,41.0,34.0,3.0,1.0,375.0,0.0,70.0,0.0,0.0,1715.0,6312964.0,1484.0,434.0,0.05865580448065173,2155.0,148.0,70.0,0.0,4.0,0.0,74.0,74.0,0,0,0,0,2,8.27015558698727,7.4541015625,1.2939968398409336,126.69652500000002,121.67500000000001,206.04637500000004,2,0.0,0.0,0.0,0.0,0.0020805303401870284,1.4558160305023193,0,609.0,68.0,0.0,397.0,144.0,0.0,4.0,1.0,0.0,10,368.70000000000005,0.0,0.0,0.0,41.0,0.0,long_horizon,8.445095168374817,15255.0,1,0.017808274317840964,0.059350000000000125,0.7998935604044705,0.0,0.8386402753872634,0.35654578812657145,0.46774193548387094,2.7637681159420286,0.0,0.03014256619144603,0.02,1087.0,0.0,1950.0,0.0,19725.0,2642.0,2.0,1527.0,1448.0,0.0,0.0,0.0,0.0
26,0.7623427143471035,5000,5488,0.047079991549253464,-1.8653104469090882,0.98,285.3265306122449,231.5,507.2,5,2,410.0,2410.0,1881.0,19884.0,0.0,1.0,39.0,0.0,0.0,0.0,0.0,31.0,0.0,83.0,0.0,0.0,0.0,87.0,4.0,488.0,44.0,44.0,39.0,3.0,1.0,492.0,0.0,83.0,0.0,0.0,1766.0,6538895.0,1506.0,455.0,0.07053941908713693,2181.0,174.0,83.0,0.0,4.0,0.0,87.0,87.0,0,0,0,0,2,8.804486550166896,8.880914407230197,1.376438629659427,117.85556250000002,112.666875,181.92200000000003,2,0.0,0.0,0.0,0.0,0.0020805303401870284,1.4558160305023193,0,545.0,69.0,0.0,358.0,118.0,0.0,4.0,1.0,0.0,10,431.4,0.0,0.0,0.0,31.0,0.0,long_horizon,10.57097288676236,18003.0,1,0.018941541127825732,0.060249999999999915,0.7816571130797291,0.0,0.7835459744830621,0.3569071144658422,0.359375,2.4315334773218127,0.0,0.03609958506224066,0.02,836.0,0.0,1831.0,0.0,22255.0,2440.0,2.0,1527.0,1435.0,0.0,0.0,0.0,0.0
27,0.7547192872036325,5000,5718,0.002481497125700116,-13.753417213528458,0.98,357.6326530612245,233.5,873.5999999999999,7,3,471.0,2883.0,2033.0,27327.0,0.0,1.0,34.0,0.0,0.0,0.0,0.0,25.0,0.0,84.0,0.0,0.0,0.0,92.0,8.0,820.0,36.0,36.0,27.0,5.0,3.0,829.0,0.0,84.0,0.0,0.0,1821.0,6832672.0,1817.0,568.0,0.061047519944502256,2563.0,184.0,84.0,0.0,8.0,0.0,92.0,92.0,0,0,0,0,2,9.38215859030837,8.750614854894245,1.2913126940327158,125.93566249999999,124.22437499999998,195.13225000000006,2,0.0,0.0,0.0,0.0,0.0020805303401870284,1.4558160305023193,0,574.0,86.0,1.0,359.0,128.0,0.0,5.0,1.0,0.0,10,854.5999999999999,0.0,0.0,0.0,25.0,0.0,long_horizon,13.441711756025578,25294.0,1,0.022023745154329824,0.06507500000000005,0.7364836100468284,0.0,0.6998551774076756,0.4373314265217616,0.35526315789473684,4.5967880085653094,0.0,0.03191120360735345,0.03,1225.0,0.0,1845.0,0.0,30183.0,2752.0,0.0,1913.0,1838.0,0.0,0.0,1.0,0.0
28,0.7471720943315961,5000,5925,0.06334131211042404,0.8537799817344406,1.0,265.61,239.5,462.9000000000001,0,0,487.0,2485.0,2031.0,19745.0,0.0,1.0,34.0,0.0,0.0,0.0,0.0,31.0,0.0,84.0,0.0,0.0,0.0,87.0,3.0,426.0,34.0,34.0,30.0,2.0,1.0,429.0,0.0,84.0,0.0,0.0,1862.0,7060912.0,1457.0,511.0,0.06881287726358148,2220.0,174.0,84.0,0.0,3.0,0.0,87.0,87.0,0,0,0,0,0,8.518367953993357,8.11828486939379,1.364392508894135,127.74696250000001,121.43187499999999,204.3425000000001,0,0.0,0.0,0.0,0.0,0.002080530340187028,1.4558160305023193,0,575.0,95.0,0.0,345.0,135.0,0.0,0.0,1.0,0.0,10,372.5,0.0,0.0,0.0,31.0,0.0,long_horizon,9.721811915312653,17714.0,1,0.02164872413445123,0.0622750000000003,0.7784090909090909,0.0,0.8182203389830508,0.3418730469485336,0.36764705882352944,2.2104384133611688,0.0,0.03501006036217304,0.0,1028.0,0.0,2251.0,0.0,22200.0,2774.0,2.0,1555.0,1478.0,0.0,0.0,0.0,0.0
29,0.7397003733882802,5000,6038,0.032037608325481415,6.316639946897484,1.0,235.62,223.0,430.80000000000007,0,0,502.0,2276.0,1898.0,17403.0,0.0,0.0,32.0,0.0,0.0,0.0,0.0,25.0,0.0,64.0,0.0,0.0,0.0,67.0,3.0,349.0,34.0,34.0,31.0,3.0,0.0,352.0,0.0,64.0,0.0,0.0,1905.0,7262228.0,1303.0,440.0,0.05755711775043937,2027.0,134.0,64.0,0.0,3.0,0.0,67.0,67.0,0,0,0,0,0,8.25061964849031,8.06223628691983,1.541849340479408,124.01719999999999,112.08874999999999,208.74212500000004,0,0.0,0.0,0.0,0.0,0.0020805303401870284,1.4558160305023193,0,579.0,78.0,0.0,382.0,119.0,0.0,0.0,1.0,0.0,10,271.0,0.0,0.0,0.0,25.0,0.0,long_horizon,9.169125395152792,15505.0,1,0.01601534063220725,0.05675000000000001,0.8152046783625732,0.0,0.8362790697674418,0.31817927170868354,0.42857142857142855,2.0899103139013455,0.0,0.029437609841827767,0.0,1451.0,0.0,2200.0,0.0,19648.0,3502.0,1.0,1435.0,1363.0,0.0,0.0,0.0,0.0
30,0.7323033696543974,5000,6205,0.03011556714773178,4.73213273393458,1.0,244.06,200.0,435.70000000000056,3,2,454.0,2305.0,1892.0,17690.0,0.0,0.0,29.0,0.0,0.0,0.0,0.0,26.0,0.0,66.0,0.0,0.0,0.0,68.0,2.0,377.0,37.0,37.0,35.0,2.0,0.0,380.0,0.0,66.0,0.0,0.0,1948.0,7469459.0,1334.0,482.0,0.05813449023861171,2120.0,136.0,66.0,0.0,2.0,0.0,68.0,68.0,0,0,0,0,0,8.309054682311269,8.210887949260043,1.5023856208427264,117.98985,108.49499999999999,194.93750000000003,0,0.0,0.0,0.0,0.0,0.0020805303401870284,1.4558160305023193,0,538.0,69.0,0.0,355.0,114.0,0.0,2.0,1.0,0.0,10,453.5,0.0,0.0,0.0,26.0,0.0,long_horizon,9.349894291754756,15798.0,1,0.020208195572960972,0.060249999999999734,0.8004496908375491,0.0,0.8250460405156538,0.36546914693108246,0.375,2.9015,0.0,0.02950108459869848,0.02,1346.0,0.0,2038.0,0.0,19960.0,3184.0,0.0,1473.0,1404.0,0.0,0.0,0.0,0.0
31,0.7249803359578534,5000,6442,0.01218655239790678,-4.473365231216419,0.99,307.1818181818182,255.0,526.0,15,5,530.0,2517.0,1912.0,21966.0,0.0,2.0,32.0,0.0,0.0,0.0,0.0,24.0,0.0,82.0,0.0,0.0,0.0,84.0,2.0,573.0,35.0,35.0,31.0,2.0,0.0,575.0,0.0,82.0,0.0,0.0,1986.0,7707347.0,1429.0,527.0,0.06595152959872864,2234.0,168.0,82.0,0.0,2.0,0.0,84.0,84.0,0,0,0,0,1,8.93171835485159,9.262029288702928,1.3872069793823898,123.607825,121.88125000000001,215.113875,1,0.0,0.0,0.0,0.0,0.0020805303401870284,1.4558160305023193,0,547.0,93.0,0.0,344.0,110.0,0.0,6.0,1.0,0.0,10,607.0,0.0,0.0,0.0,24.0,0.0,long_horizon,11.488493723849372,20054.0,1,0.01991745179873606,0.06227500000000008,0.7902134305049453,0.0,0.7591118558860495,0.38961513460872244,0.3561643835616438,3.4462745098039216,0.0,0.033373063170441,0.05,1219.0,0.0,3725.0,0.0,24452.0,4391.0,0.0,1560.0,1493.0,0.0,0.0,0.0,0.0
32,0.7177305325982748,5000,6602,0.04106851667165756,2.8091330724384376,0.98,273.5612244897959,249.5,550.5,6,4,410.0,2443.0,1974.0,19283.0,0.0,2.0,20.0,0.0,0.0,0.0,0.0,17.0,0.0,50.0,0.0,0.0,0.0,51.0,1.0,430.0,41.0,41.0,38.0,1.0,0.0,431.0,0.0,50.0,0.0,0.0,2030.0,7928209.0,1414.0,581.0,0.04134261154318461,2223.0,102.0,50.0,0.0,1.0,0.0,51.0,51.0,0,0,0,0,2,8.48181403134987,9.062341611758743,1.4497905512536002,128.26716250000004,135.161875,193.32362500000002,2,0.0,0.0,0.0,0.0,0.0020805303401870284,1.4558160305023193,0,578.0,95.0,0.0,361.0,122.0,0.0,6.0,1.0,0.0,10,398.4,0.0,0.0,0.0,17.0,0.0,long_horizon,9.768490374873354,17309.0,1,0.01629996289623979,0.05934999999999996,0.8081841432225064,0.0,0.8130151843817788,0.3642581953516981,0.29545454545454547,2.457715430861723,0.0,0.020875972165370446,0.04,954.0,0.0,1717.0,0.0,21688.0,2743.0,1.0,1630.0,1547.0,0.0,0.0,0.0,0.0
33,0.7105532272722921,5000,6725,0.06843669712543488,5.351429037565866,1.0,239.85,232.0,397.0000000000001,0,0,459.0,2385.0,1999.0,17403.0,0.0,2.0,34.0,0.0,0.0,0.0,0.0,23.0,0.0,83.0,0.0,0.0,0.0,87.0,4.0,352.0,39.0,39.0,33.0,3.0,1.0,357.0,0.0,83.0,0.0,0.0,2078.0,8138915.0,1354.0,539.0,0.07127882599580712,2214.0,174.0,83.0,0.0,4.0,0.0,87.0,87.0,0,0,0,0,0,8.203198918675378,7.850425212606303,1.4448942202294122,127.36841249999999,128.46312500000002,194.432625,0,0.0,0.0,0.0,0.0,0.0020805303401870284,1.4558160305023193,0,579.0,88.0,2.0,359.0,130.0,0.0,0.0,1.0,0.0,10,271.7,0.0,0.0,0.0,23.0,0.0,long_horizon,8.705852926463232,15404.0,1,0.023834293327761342,0.060678750000000066,0.8004314994606256,0.0,0.8417553191489362,0.3052036689597666,0.3466666666666667,2.075646551724138,0.0,0.03647798742138365,0.0,1011.0,0.0,1929.0,0.0,19755.0,2347.0,0.0,1543.0,1468.0,0.0,0.0,0.0,0.0
34,0.7034476949995692,5000,6864,0.01017707772552967,5.203082821332503,0.98,253.21428571428572,232.0,449.0,7,4,491.0,2418.0,1981.0,18334.0,0.0,1.0,31.0,0.0,1.0,0.0,0.0,27.0,0.0,54.0,0.0,0.0,0.0,58.0,4.0,400.0,38.0,38.0,33.0,3.0,1.0,406.0,0.0,54.0,0.0,0.0,2124.0,8355517.0,1356.0,538.0,0.04631927212572374,2221.0,116.0,54.0,0.0,4.0,0.0,58.0,58.0,0,0,0,0,2,8.27513877028181,8.251388187783947,1.4892662777859182,127.94731250000001,129.63875000000002,197.52725000000004,2,0.0,0.0,0.0,0.0,0.0020805303401870284,1.4558160305023193,0,558.0,70.0,0.0,362.0,126.0,0.0,6.0,1.0,0.0,11,324.18181818181813,1.0,0.0,0.0,27.0,0.0,long_horizon,9.25492175668854,16353.0,1,0.01854132538004955,0.05935,0.7974137931034483,0.0,0.8224748578924355,0.33468524222100693,0.4074074074074074,2.274137931034482,0.0,0.023986765922249794,0.04,774.0,0.0,2326.0,0.0,20719.0,2941.0,0.0,1553.0,1471.0,0.0,0.0,1.0,0.0
35,0.6964132180495735,5000,7034,0.02330414578318596,1.8590995541845725,0.98,249.01020408163265,213.0,446.6,4,2,441.0,2366.0,1920.0,18654.0,0.0,0.0,33.0,0.0,0.0,0.0,0.0,27.0,0.0,70.0,0.0,0.0,0.0,74.0,4.0,406.0,44.0,44.0,38.0,3.0,1.0,411.0,0.0,70.0,0.0,0.0,2173.0,8574504.0,1315.0,572.0,0.060862214708368556,2122.0,148.0,70.0,0.0,4.0,0.0,74.0,74.0,0,0,0,0,1,8.441424899008446,8.407291666666667,1.4101214564318818,130.39258750000002,125.706875,203.81887500000005,2,0.0,0.0,0.0,0.0,0.0020805303401870284,1.4558160305023193,0,589.0,84.0,0.0,390.0,115.0,0.0,4.0,1.0,0.0,10,413.5,0.0,0.0,0.0,27.0,0.0,long_horizon,9.715625,16734.0,1,0.01892094879496349,0.062117499999999916,0.7904710341093666,0.0,0.8157776781712237,0.3496889392154028,0.36507936507936506,2.6551643192488235,0.0,0.03127641589180051,0.02,1287.0,0.0,1851.0,0.0,20982.0,3918.0,4.0,1539.0,1442.0,0.0,0.0,0.0,0.0
36,0.6894490858690777,5000,7306,0.03453828766942024,-7.802939481757602,0.96,303.0833333333333,239.0,581.0,19,8,532.0,2575.0,1956.0,22435.0,0.0,2.0,44.0,0.0,0.0,0.0,0.0,36.0,0.0,104.0,0.0,0.0,0.0,108.0,4.0,578.0,46.0,46.0,37.0,4.0,0.0,583.0,0.0,104.0,0.0,0.0,2223.0,8820563.0,1395.0,611.0,0.08233009708737864,2253.0,216.0,104.0,0.0,4.0,0.0,108.0,108.0,0,0,0,0,4,8.970539671504302,8.971867007672634,1.2336289429676337,122.8741,108.484375,198.96500000000017,4,0.0,0.0,0.0,0.0,0.0020805303401870284,1.4558160305023193,0,574.0,66.0,0.0,381.0,127.0,0.0,12.0,1.0,0.0,10,679.6,0.0,0.0,0.0,36.0,0.0,long_horizon,11.469836400817996,20479.0,1,0.017156505339314513,0.06078749999999977,0.7743250127356087,0.0,0.7609676096760968,0.4327692523600035,0.37362637362637363,2.897489539748954,0.0,0.04194174757281553,0.08,1080.0,0.0,3595.0,0.0,24973.0,4944.0,3.0,1622.0,1544.0,0.0,0.0,1.0,0.0
37,0.682554595010387,5000,7475,0.09316428750753403,-4.096909839068491,0.98,297.07142857142856,283.5,502.19999999999993,3,2,515.0,2788.0,2223.0,22471.0,0.0,2.0,37.0,0.0,0.0,0.0,0.0,34.0,0.0,95.0,0.0,0.0,0.0,102.0,7.0,529.0,44.0,44.0,35.0,5.0,2.0,537.0,0.0,95.0,0.0,0.0,2283.0,9078914.0,1574.0,664.0,0.07065997130559541,2470.0,204.0,95.0,0.0,7.0,0.0,102.0,102.0,0,0,0,0,1,8.655884526759706,8.012151215121513,1.2146280958271793,138.6673125,136.87687499999998,219.16450000000003,2,0.0,0.0,0.0,0.0,0.002080530340187029,1.4558160305023193,0,666.0,98.0,0.0,426.0,142.0,0.0,3.0,1.0,0.0,10,375.0,0.0,0.0,0.0,34.0,0.0,long_horizon,10.108412055780477,20248.0,1,0.021303395895467384,0.06024999999999999,0.7709471766848816,0.0,0.7981203007518797,0.321640097663082,0.2857142857142857,2.1982363315696647,0.0,0.036585365853658534,0.02,1351.0,0.0,2239.0,0.0,25224.0,3134.0,1.0,1759.0,1672.0,0.0,0.0,0.0,0.0
38,0.6757290490602831,5000,7662,0.0030770660378038883,-4.930849535966011,0.94,264.0,231.0,450.0,18,7,503.0,2468.0,1928.0,20323.0,0.0,1.0,53.0,0.0,0.0,0.0,0.0,46.0,0.0,79.0,0.0,0.0,0.0,82.0,3.0,506.0,34.0,34.0,30.0,3.0,0.0,509.0,0.0,79.0,0.0,0.0,2322.0,9307381.0,1331.0,604.0,0.06523500810372772,2055.0,164.0,79.0,0.0,3.0,0.0,82.0,82.0,0,0,0,0,6,8.75102021220414,8.575285565939772,1.2129524311898718,122.58187500000003,117.59374999999997,205.69562500000006,6,0.0,0.0,0.0,0.0,0.0020805303401870284,1.4558160305023193,0,518.0,81.0,0.0,327.0,110.0,0.0,13.0,1.0,0.0,10,372.6,0.0,0.0,0.0,46.0,0.0,long_horizon,10.54097510373444,18395.0,1,0.01758809577072083,0.06024999999999969,0.7784776902887139,0.0,0.7821994009413779,0.3332553122899433,0.4864864864864865,2.168398268398268,0.0,0.03322528363047002,0.07,2037.0,0.0,1978.0,0.0,22761.0,4732.0,4.0,1496.0,1441.0,0.0,0.0,0.0,0.0
39,0.6689717585696803,5000,7802,0.07450399547815323,6.77366237551698,1.0,262.53,241.5,472.5000000000001,1,0,491.0,2519.0,2082.0,19129.0,0.0,1.0,21.0,0.0,0.0,0.0,0.0,14.0,0.0,52.0,0.0,0.0,0.0,53.0,1.0,402.0,37.0,37.0,35.0,0.0,1.0,404.0,0.0,52.0,0.0,0.0,2366.0,9533566.0,1350.0,643.0,0.04168320762207225,2369.0,106.0,52.0,0.0,1.0,0.0,53.0,53.0,0,0,0,0,0,8.332633626868729,8.059586737145603,1.5475397436038838,138.97962500000003,153.56687500000004,201.18775000000005,0,0.0,0.0,0.0,0.0,0.0020805303401870284,1.4558160305023193,0,605.0,86.0,0.0,384.0,135.0,0.0,0.0,1.0,0.0,10,340.70000000000005,0.0,0.0,0.0,14.0,0.0,long_horizon,9.187800192122959,17047.0,1,0.017233072529407336,0.04666249999999994,0.8343558282208589,0.0,0.8306789606035205,0.30577191178151075,0.40816326530612246,2.3018633540372666,0.0,0.021040095275903135,0.0,1003.0,0.0,2033.0,0.0,21613.0,2607.0,0.0,1647.0,1560.0,0.0,0.0,0.0,0.0
40,0.6622820409839835,5000,7933,0.05844080448150635,1.56747412554092,0.97,256.50515463917526,224.0,493.20000000000016,8,4,408.0,2348.0,1859.0,19125.0,0.0,1.0,25.0,0.0,0.0,0.0,0.0,21.0,0.0,58.0,0.0,0.0,0.0,64.0,6.0,470.0,23.0,23.0,16.0,6.0,0.0,476.0,0.0,58.0,0.0,0.0,2402.0,9751225.0,1247.0,677.0,0.051959114139693355,2256.0,128.0,58.0,0.0,6.0,0.0,64.0,64.0,0,0,0,0,3,8.69364633835162,8.302850995158687,1.496841606457516,123.9962375,118.57500000000002,198.6955,3,0.0,0.0,0.0,0.0,0.0020805303401870284,1.4558160305023193,0,535.0,54.0,0.0,347.0,134.0,0.0,7.0,1.0,0.0,10,359.5,0.0,0.0,0.0,21.0,0.0,long_horizon,10.28778913394298,17266.0,1,0.016536236161611356,0.059350000000000125,0.8095739084692267,0.0,0.7870246085011185,0.3441934121884087,0.36538461538461536,2.5223214285714275,0.0,0.027257240204429302,0.04,1074.0,0.0,1716.0,0.0,21457.0,3461.0,0.0,1642.0,1576.0,0.0,0.0,0.0,0.0
41,0.6556592205741436,5000,8144,0.001889663515612483,0.4481032140451241,0.99,276.1515151515151,229.0,514.0,7,1,446.0,2513.0,1999.0,20647.0,0.0,2.0,28.0,0.0,0.0,0.0,0.0,23.0,0.0,69.0,0.0,0.0,0.0,72.0,3.0,482.0,38.0,38.0,32.0,3.0,0.0,486.0,0.0,69.0,0.0,0.0,2445.0,9986657.0,1347.0,688.0,0.05610823716673299,2290.0,144.0,69.0,0.0,3.0,0.0,72.0,72.0,0,0,0,0,1,8.724893516327496,8.319979969954932,1.4444284016731825,126.9843875,124.51125000000002,205.6066250000001,1,0.0,0.0,0.0,0.0,0.0020805303401870284,1.4558160305023193,0,572.0,89.0,0.0,380.0,103.0,0.0,3.0,1.0,0.0,10,472.6,0.0,0.0,0.0,23.0,0.0,long_horizon,10.328664332166083,18648.0,1,0.0159210912405372,0.06227499999999998,0.797,0.0,0.7962264150943397,0.3620993578197571,0.38596491228070173,2.799126637554584,0.0,0.02865101472343812,0.01,730.0,0.0,2025.0,0.0,23128.0,2725.0,3.0,1658.0,1584.0,0.0,0.0,1.0,0.0
42,0.6491026283684022,5000,8314,0.03515736758708954,-4.0527957682531195,0.94,283.0744680851064,261.0,507.90000000000015,20,6,429.0,2536.0,1979.0,21744.0,0.0,0.0,43.0,0.0,1.0,0.0,0.0,36.0,0.0,64.0,0.0,0.0,0.0,65.0,1.0,524.0,28.0,28.0,27.0,0.0,1.0,525.0,0.0,64.0,0.0,0.0,2476.0,10236592.0,1365.0,715.0,0.050867507886435334,2366.0,130.0,64.0,0.0,1.0,0.0,65.0,65.0,0,0,0,0,6,8.750359259924556,8.648812531581607,1.29824024757185,134.52660000000003,130.45125000000002,200.93650000000005,6,0.0,0.0,0.0,0.0,0.002080530340187029,1.4558160305023193,0,597.0,85.0,0.0,400.0,112.0,0.0,12.0,1.0,0.0,10,364.0,1.0,0.0,0.0,36.0,0.0,long_horizon,10.987367357251136,19765.0,1,0.014328299211049899,0.059350000000000215,0.7894736842105263,0.0,0.7816139767054908,0.3058367709533567,0.5423728813559322,2.177969348659003,0.0,0.025630914826498423,0.06,1223.0,0.0,1829.0,0.0,24253.0,4655.0,0.0,1663.0,1590.0,0.0,0.0,0.0,0.0
43,0.6426116020847181,5000,8490,0.04706614091992378,-4.2971186598603195,0.99,297.92929292929296,230.0,591.4,2,1,415.0,2614.0,2042.0,22452.0,0.0,2.0,42.0,0.0,0.0,0.0,0.0,32.0,0.0,97.0,0.0,0.0,0.0,98.0,1.0,544.0,32.0,32.0,29.0,1.0,0.0,545.0,0.0,97.0,0.0,0.0,2514.0,10483151.0,1367.0,803.0,0.07459831675592961,2380.0,196.0,97.0,0.0,1.0,0.0,98.0,98.0,0,0,0,0,1,8.781266307183857,8.470588235294118,1.3229291485820385,129.66513750000001,130.15687499999999,196.16537500000007,1,0.0,0.0,0.0,0.0,0.0020805303401870284,1.4558160305023193,0,586.0,85.0,0.0,360.0,141.0,0.0,2.0,1.0,0.0,10,453.29999999999995,0.0,0.0,0.0,32.0,0.0,long_horizon,10.995102840352596,20410.0,1,0.018499028270918233,0.06200374999999954,0.7895229186155285,0.0,0.7808604744672296,0.3561219929417929,0.4024390243902439,2.791304347826087,0.0,0.03749043611323642,0.01,1223.0,0.0,1954.0,0.0,25037.0,2570.0,0.0,1757.0,1678.0,0.0,0.0,0.0,0.0
44,0.6361854860638709,5000,8630,0.08680900931358337,6.374432642676823,1.0,240.84,196.0,454.40000000000003,0,0,444.0,2271.0,1865.0,17655.0,0.0,0.0,19.0,0.0,0.0,0.0,0.0,15.0,0.0,59.0,0.0,0.0,0.0,59.0,0.0,378.0,29.0,29.0,29.0,0.0,0.0,378.0,0.0,59.0,0.0,0.0,2546.0,10686391.0,1151.0,647.0,0.05195948921180097,2089.0,118.0,59.0,0.0,0.0,0.0,59.0,59.0,0,0,0,0,0,8.386236344479565,8.163090128755364,1.6089429269375843,121.74396250000001,117.2825,208.39575,0,0.0,0.0,0.0,0.0,0.0020805303401870284,1.4558160305023193,0,566.0,75.0,0.0,367.0,124.0,0.0,0.0,1.0,0.0,10,356.4,0.0,0.0,0.0,15.0,0.0,long_horizon,9.466487935656836,15790.0,1,0.02195694626352902,0.059440000000000305,0.8101694915254237,0.0,0.8236117592160522,0.3443622321873443,0.2830188679245283,2.614795918367346,0.0,0.025979744605900485,0.0,911.0,0.0,1823.0,0.0,19897.0,2430.0,1.0,1472.0,1413.0,0.0,0.0,0.0,0.0
45,0.6298236312032323,5000,8769,0.04657040536403656,3.5981647494349343,1.0,243.38,207.5,426.50000000000006,0,0,410.0,2355.0,1953.0,17690.0,0.0,0.0,38.0,0.0,0.0,0.0,0.0,30.0,0.0,73.0,0.0,0.0,0.0,77.0,4.0,369.0,37.0,37.0,32.0,4.0,0.0,374.0,0.0,73.0,0.0,0.0,2589.0,10900670.0,1229.0,684.0,0.06369426751592357,2226.0,154.0,73.0,0.0,4.0,0.0,77.0,77.0,0,0,0,0,0,8.29186046511628,7.990271377368152,1.3966250328234295,123.11918750000002,121.69875,203.20662500000006,0,0.0,0.0,0.0,0.0,0.0020805303401870284,1.4558160305023193,0,541.0,79.0,0.0,336.0,126.0,0.0,0.0,1.0,0.0,10,317.1,0.0,0.0,0.0,30.0,0.0,long_horizon,9.057859703020993,15737.0,1,0.018817969644570935,0.06251249999999989,0.7844598190526876,0.0,0.8320610687022901,0.32212425014380797,0.46875,2.2751807228915655,0.0,0.0326963906581741,0.0,831.0,0.0,1556.0,0.0,20013.0,2465.0,2.0,1548.0,1483.0,0.0,0.0,0.0,0.0
46,0.6235253948912,5000,8967,0.05819860100746155,5.664276516583136,0.99,253.46464646464648,202.0,492.40000000000003,3,2,435.0,2286.0,1854.0,18296.0,0.0,1.0,19.0,0.0,0.0,0.0,0.0,15.0,0.0,65.0,0.0,0.0,0.0,66.0,1.0,396.0,36.0,36.0,34.0,1.0,0.0,398.0,0.0,65.0,0.0,0.0,2627.0,11115571.0,1161.0,656.0,0.05730533683289589,2153.0,132.0,65.0,0.0,1.0,0.0,66.0,66.0,0,0,0,0,1,8.502487562189055,8.832793959007551,1.6366962454416656,125.11256249999998,125.28000000000002,205.57562500000006,1,0.0,0.0,0.0,0.0,0.002080530340187028,1.4558160305023193,0,575.0,84.0,0.0,355.0,136.0,0.0,3.0,1.0,0.0,10,426.9,0.0,0.0,0.0,15.0,0.0,long_horizon,9.86839266450917,16442.0,1,0.018039295307817622,0.06227500000000008,0.793935991016283,0.0,0.8150557620817844,0.365597552860933,0.3333333333333333,2.7826732673267327,0.0,0.028871391076115485,0.02,1237.0,0.0,1553.0,0.0,20548.0,3358.0,0.0,1513.0,1417.0,0.0,0.0,0.0,0.0
47,0.617290140942288,5000,9138,0.09233629703521729,-1.4131346947091412,0.98,289.42857142857144,228.5,583.8,9,3,462.0,2450.0,1910.0,20613.0,0.0,0.0,27.0,0.0,1.0,0.0,0.0,25.0,0.0,74.0,0.0,0.0,0.0,79.0,5.0,522.0,21.0,21.0,16.0,3.0,2.0,527.0,0.0,74.0,0.0,0.0,2656.0,11347151.0,1189.0,783.0,0.062448979591836734,2269.0,158.0,74.0,0.0,5.0,0.0,79.0,79.0,0,0,0,0,2,8.82555003548616,9.103664921465969,1.433766882036517,124.19702500000002,126.179375,211.32900000000006,2,0.0,0.0,0.0,0.0,0.0020805303401870284,1.4558160305023193,0,516.0,71.0,1.0,324.0,120.0,0.0,5.0,1.0,0.0,10,459.6,1.0,0.0,0.0,25.0,0.0,long_horizon,10.792146596858638,18703.0,1,0.018348926152894705,0.059350000000000014,0.8113787801127627,0.0,0.7744972186563971,0.36047634397151906,0.35384615384615387,2.84507658643326,0.0,0.03224489795918367,0.03,1357.0,0.0,2045.0,0.0,23047.0,4098.0,0.0,1620.0,1560.0,0.0,0.0,1.0,0.0
48,0.6111172395328651,5000,9297,0.06680959463119507,1.5682600198529257,0.98,252.70408163265307,229.0,467.19999999999993,5,2,475.0,2363.0,1917.0,18625.0,0.0,0.0,39.0,0.0,0.0,0.0,0.0,32.0,0.0,71.0,0.0,0.0,0.0,72.0,1.0,420.0,26.0,26.0,25.0,1.0,0.0,422.0,0.0,71.0,0.0,0.0,2685.0,11558760.0,1131.0,732.0,0.060516292848074485,2166.0,144.0,71.0,0.0,1.0,0.0,72.0,72.0,0,0,0,0,1,8.493016906437047,8.240605427974948,1.4208538646989968,122.87075,123.598125,199.92000000000002,2,0.0,0.0,0.0,0.0,0.0020805303401870284,1.4558160305023193,0,554.0,67.0,2.0,349.0,136.0,0.0,4.0,1.0,0.0,10,366.9,0.0,0.0,0.0,32.0,0.0,long_horizon,9.715701617110067,16708.0,1,0.020715642269240688,0.05934999999999988,0.8045726728361459,0.0,0.8115230013398839,0.34664993798852084,0.3582089552238806,2.423144104803491,0.0,0.03046974185357596,0.02,1338.0,0.0,1929.0,0.0,20963.0,3076.0,0.0,1560.0,1475.0,0.0,0.0,0.0,0.0
49,0.6050060671375365,5000,9591,0.021193070337176323,-10.41111778269645,0.92,326.4782608695652,226.5,565.5,22,10,598.0,2921.0,2225.0,24833.0,0.0,1.0,33.0,0.0,0.0,0.0,0.0,23.0,0.0,86.0,0.0,0.0,0.0,89.0,3.0,655.0,38.0,38.0,34.0,3.0,0.0,658.0,0.0,86.0,0.0,0.0,2729.0,11836821.0,1395.0,894.0,0.05991098938719617,2506.0,178.0,86.0,0.0,3.0,0.0,89.0,89.0,0,0,0,0,8,9.022363465160076,9.483812949640289,1.1297605087250346,137.4966375,134.62,230.80650000000003,8,0.0,0.0,0.0,0.0,0.0020805303401870284,1.4558160305023193,0,689.0,107.0,2.0,423.0,157.0,0.0,18.0,1.0,0.0,10,804.5,0.0,0.0,0.0,23.0,0.0,long_horizon,11.160898876404495,22608.0,1,0.021789369382147043,0.060826249999999873,0.7815275310834814,0.0,0.7635644987423643,0.4454089874758984,0.36764705882352944,4.562913907284768,0.0,0.03046901745977405,0.1,1609.0,0.0,3370.0,0.0,27720.0,5408.0,1.0,1798.0,1706.0,0.0,0.0,0.0,0.0
50,0.5989560064661611,5000,9773,0.0562576986849308,3.9449210890091884,0.99,265.19191919191917,244.0,444.20000000000005,4,3,470.0,2461.0,1954.0,19723.0,0.0,0.0,22.0,0.0,0.0,0.0,0.0,16.0,0.0,49.0,0.0,0.0,0.0,53.0,4.0,480.0,31.0,31.0,27.0,2.0,2.0,485.0,0.0,49.0,0.0,0.0,2767.0,12063319.0,1181.0,783.0,0.04144656643640796,2319.0,106.0,49.0,0.0,4.0,0.0,53.0,53.0,0,0,0,0,1,8.651306671946148,7.967725409836065,1.587617027161038,133.8555125,139.09625000000003,207.773625,1,0.0,0.0,0.0,0.0,0.0020805303401870284,1.4558160305023193,0,532.0,75.0,1.0,344.0,112.0,0.0,4.0,1.0,0.0,10,396.4,0.0,0.0,0.0,16.0,0.0,long_horizon,10.09365404298874,17769.0,1,0.020682911189689363,0.0565874999999999,0.8199689601655458,0.0,0.7926464300983326,0.3473879497342589,0.2978723404255319,2.0655737704917985,0.0,0.021535960991466884,0.03,823.0,0.0,3065.0,0.0,22157.0,3565.0,0.0,1621.0,1539.0,0.0,0.0,1.0,0.0
51,0.5929664464014994,5000,10029,0.0055318111553788185,-9.502729659860467,0.91,279.1868131868132,221.0,524.0,27,10,568.0,2666.0,1986.0,23477.0,0.0,0.0,42.0,0.0,0.0,0.0,0.0,33.0,0.0,79.0,0.0,0.0,0.0,80.0,1.0,651.0,21.0,21.0,20.0,0.0,1.0,652.0,0.0,79.0,0.0,0.0,2792.0,12317104.0,1259.0,819.0,0.059639909977494375,2341.0,160.0,79.0,0.0,1.0,0.0,80.0,80.0,0,0,0,0,9,9.126574933687003,9.109264853977844,1.209560030918692,123.87732499999998,123.87187500000002,201.70062500000003,9,0.0,0.0,0.0,0.0,0.0020805303401870284,1.4558160305023193,0,553.0,72.0,0.0,357.0,124.0,0.0,19.0,1.0,0.0,10,538.6,0.0,0.0,0.0,33.0,0.0,long_horizon,11.821248741188318,21491.0,1,0.014517572894128918,0.045812500000000034,0.8050559066601848,0.0,0.7431048069345941,0.3962999135792964,0.4583333333333333,3.180995475113122,0.0,0.030007501875468866,0.1,1979.0,0.0,3765.0,0.0,26123.0,5628.0,0.0,1694.0,1621.0,0.0,0.0,0.0,0.0
52,0.5870367819374844,5000,10187,0.0242005605250597,7.49605982077955,0.99,234.010101010101,229.0,404.8,4,3,397.0,2188.0,1805.0,16478.0,0.0,1.0,24.0,0.0,0.0,0.0,0.0,18.0,0.0,50.0,0.0,0.0,0.0,53.0,3.0,357.0,30.0,30.0,25.0,3.0,0.0,362.0,0.0,50.0,0.0,0.0,2824.0,12511787.0,1035.0,731.0,0.047074954296160876,1987.0,106.0,50.0,0.0,3.0,0.0,53.0,53.0,0,0,0,0,0,8.351962938765814,8.431263858093127,1.6327087108081328,124.6817375,115.49874999999999,200.45000000000007,1,0.0,0.0,0.0,0.0,0.0020805303401870284,1.4558160305023193,0,514.0,69.0,1.0,323.0,121.0,0.0,4.0,1.0,0.0,10,302.9,0.0,0.0,0.0,18.0,0.0,long_horizon,9.129085872576177,14673.0,1,0.018401273693363248,0.04581249999999981,0.8146229130685089,0.0,0.8248669569424286,0.3449350848668844,0.425531914893617,2.031441048034934,0.0,0.024223034734917732,0.03,665.0,0.0,1849.0,0.0,18641.0,2542.0,1.0,1412.0,1345.0,0.0,0.0,1.0,1.0
53,0.5811664141181095,5000,10373,0.022592535242438316,-5.102715321367663,0.97,286.02061855670104,250.0,565.4000000000002,12,6,386.0,2406.0,1849.0,21275.0,0.0,0.0,40.0,0.0,0.0,0.0,0.0,33.0,0.0,66.0,0.0,0.0,0.0,67.0,1.0,525.0,28.0,28.0,27.0,0.0,1.0,528.0,0.0,66.0,0.0,0.0,2853.0,12743516.0,1176.0,817.0,0.055278470490440566,2211.0,134.0,66.0,0.0,1.0,0.0,67.0,67.0,0,0,0,0,3,8.849967892853867,9.368848025959979,1.3223946794667785,124.00031250000002,122.98999999999998,202.68025000000003,3,0.0,0.0,0.0,0.0,0.0020805303401870284,1.4558160305023193,0,544.0,74.0,2.0,341.0,127.0,0.0,9.0,1.0,0.0,10,446.4,0.0,0.0,0.0,33.0,0.0,long_horizon,11.506219578150352,19426.0,1,0.016658090301894753,0.059350000000000236,0.7908396946564885,0.0,0.7681159420289855,0.35068119121511554,0.3333333333333333,2.5408,0.0,0.027847049044056525,0.06,1011.0,0.0,1947.0,0.0,23654.0,3578.0,0.0,1610.0,1538.0,0.0,0.0,1.0,0.0
54,0.5753547499769285,5000,10570,0.03517809510231018,-1.3270243379993718,0.98,306.90816326530614,246.0,651.6999999999999,12,5,443.0,2570.0,1983.0,21854.0,0.0,1.0,23.0,0.0,0.0,0.0,0.0,17.0,0.0,59.0,0.0,0.0,0.0,67.0,8.0,558.0,40.0,40.0,31.0,7.0,1.0,566.0,0.0,59.0,0.0,0.0,2903.0,12988911.0,1242.0,854.0,0.0490272373540856,2416.0,134.0,59.0,0.0,8.0,0.0,67.0,67.0,0,0,0,0,2,8.840576476887382,9.234967155128853,1.4804429497239453,136.0607,135.986875,218.7095,2,0.0,0.0,0.0,0.0,0.0020805303401870284,1.4558160305023193,0,588.0,70.0,1.0,379.0,138.0,0.0,8.0,1.0,0.0,10,541.2,0.0,0.0,0.0,17.0,0.0,long_horizon,11.02067574382249,19871.0,1,0.021329941627364707,0.059349999999999986,0.8067022826614861,0.0,0.7688852592895059,0.3784934993380935,0.3728813559322034,2.8603658536585357,0.0,0.026070038910505838,0.05,1782.0,0.0,1681.0,0.0,24393.0,3632.0,1.0,1764.0,1674.0,0.0,0.0,0.0,0.0
55,0.5696012024771592,5000,10690,0.0628918930888176,9.505497482275532,1.0,201.41,189.5,369.6000000000003,0,0,390.0,1952.0,1626.0,14783.0,0.0,0.0,15.0,0.0,0.0,0.0,0.0,14.0,0.0,37.0,0.0,0.0,0.0,38.0,1.0,312.0,17.0,17.0,16.0,1.0,0.0,314.0,0.0,37.0,0.0,0.0,2922.0,13164368.0,899.0,647.0,0.038422131147540985,1835.0,76.0,37.0,0.0,1.0,0.0,38.0,38.0,0,0,0,0,0,8.284379968203497,7.854590264941466,1.7874293499438372,106.15418749999999,87.0925,185.79187500000006,0,0.0,0.0,0.0,0.0,0.0020805303401870284,1.4558160305023193,0,484.0,56.0,1.0,315.0,112.0,0.0,0.0,1.0,0.0,10,267.6,0.0,0.0,0.0,14.0,0.0,long_horizon,9.091635916359163,13157.0,1,0.0206250784084018,0.06251249999999997,0.8136036625245259,0.0,0.8293478260869566,0.33527977756814464,0.36666666666666664,2.281530343007915,0.0,0.0194672131147541,0.0,784.0,0.0,1453.0,0.0,16719.0,2009.0,0.0,1311.0,1252.0,0.0,0.0,1.0,0.0
56,0.5639051904523876,5000,10874,0.03940785676240921,-0.6355647837666971,0.95,269.30526315789473,224.0,474.4000000000001,12,5,399.0,2481.0,1970.0,20239.0,0.0,1.0,32.0,0.0,0.0,0.0,0.0,27.0,0.0,79.0,0.0,0.0,0.0,80.0,1.0,479.0,29.0,29.0,27.0,0.0,1.0,480.0,0.0,79.0,0.0,0.0,2953.0,13397632.0,1151.0,904.0,0.06408706166868199,2343.0,160.0,79.0,0.0,1.0,0.0,80.0,80.0,0,0,0,0,5,8.679891881455738,8.725888324873097,1.386922241672218,129.54883750000002,123.198125,207.17875,5,0.0,0.0,0.0,0.0,0.0020805303401870284,1.4558160305023193,0,576.0,71.0,1.0,394.0,110.0,0.0,12.0,1.0,0.0,10,417.70000000000005,0.0,0.0,0.0,27.0,0.0,long_horizon,10.273604060913705,18269.0,1,0.02153184477164846,0.06507499999999988,0.7950738916256158,0.0,0.7957446808510639,0.36846466541588496,0.3225806451612903,2.5870535714285707,0.0,0.032245062474808545,0.05,840.0,0.0,1711.0,0.0,22693.0,2739.0,3.0,1643.0,1572.0,0.0,0.0,0.0,0.0
57,0.5582661385478638,5000,11004,0.06821694225072861,-2.1176532494589226,0.97,273.5360824742268,230.0,596.2,8,3,448.0,2450.0,1927.0,20381.0,0.0,0.0,36.0,0.0,0.0,0.0,0.0,27.0,0.0,78.0,0.0,0.0,0.0,82.0,4.0,496.0,29.0,29.0,25.0,3.0,1.0,500.0,0.0,78.0,0.0,0.0,2988.0,13630771.0,1121.0,856.0,0.0653061224489796,2209.0,164.0,78.0,0.0,4.0,0.0,82.0,82.0,0,0,0,0,2,8.807970493844902,8.632589517384536,1.3613242391824198,126.84832500000002,119.2475,194.71337499999998,3,0.0,0.0,0.0,0.0,0.0020805303401870284,1.4558160305023193,0,554.0,81.0,0.0,353.0,120.0,0.0,6.0,1.0,0.0,10,409.0,0.0,0.0,0.0,27.0,0.0,long_horizon,10.576543850544889,18454.0,1,0.018111953256274727,0.06227499999999989,0.7736139630390144,0.0,0.7851310700472711,0.36900945370110994,0.4142857142857143,2.6999999999999993,0.0,0.03346938775510204,0.03,927.0,0.0,1898.0,0.0,22806.0,2788.0,0.0,1571.0,1496.0,0.0,0.0,0.0,0.0
58,0.5526834771623851,5000,11189,0.03620864823460579,4.628322340668568,0.98,239.03061224489795,196.5,453.2999999999999,11,4,429.0,2256.0,1827.0,18088.0,0.0,0.0,16.0,0.0,0.0,0.0,0.0,10.0,0.0,52.0,0.0,0.0,0.0,54.0,2.0,408.0,21.0,21.0,19.0,1.0,1.0,411.0,0.0,52.0,0.0,0.0,3013.0,13839808.0,1017.0,791.0,0.04698581560283688,2098.0,108.0,52.0,0.0,2.0,0.0,54.0,54.0,0,0,0,0,2,8.528410012434449,8.368017524644031,1.5969604356476967,126.0415875,118.331875,206.70362500000007,2,0.0,0.0,0.0,0.0,0.002080530340187028,1.4558160305023193,0,550.0,69.0,5.0,360.0,116.0,0.0,6.0,1.0,0.0,10,388.4,0.0,0.0,0.0,10.0,0.0,long_horizon,9.900383141762452,16261.0,1,0.026293972991069666,0.059350000000000125,0.8074986010072748,0.0,0.8077642656688494,0.3750541241042842,0.325,2.7402035623409664,0.0,0.023936170212765957,0.04,955.0,0.0,1987.0,0.0,20325.0,3019.0,0.0,1447.0,1392.0,0.0,0.0,1.0,0.0
59,0.5471566423907612,5000,11344,0.04175932705402374,7.0222689109428265,0.99,229.5050505050505,199.0,439.80000000000007,3,2,435.0,2223.0,1852.0,16669.0,0.0,1.0,22.0,0.0,0.0,0.0,0.0,19.0,0.0,63.0,0.0,0.0,0.0,67.0,4.0,351.0,22.0,22.0,17.0,4.0,0.0,358.0,0.0,63.0,0.0,0.0,3041.0,14036212.0,949.0,822.0,0.05847953216374269,1982.0,134.0,63.0,0.0,4.0,0.0,67.0,67.0,0,0,0,0,1,8.241849262762145,8.233387358184766,1.5739346642411483,119.78567500000001,112.674375,200.15612500000003,1,0.0,0.0,0.0,0.0,0.0020805303401870284,1.4558160305023193,0,530.0,71.0,0.0,341.0,118.0,0.0,3.0,1.0,0.0,10,346.20000000000005,0.0,0.0,0.0,19.0,0.0,long_horizon,9.000539956803456,14817.0,1,0.016629932797111942,0.054749999999999854,0.8096054888507719,0.0,0.8303317535545024,0.3269622415786757,0.3103448275862069,2.5994974874371857,0.0,0.03013945119208277,0.02,948.0,0.0,1884.0,0.0,18875.0,2182.0,0.0,1446.0,1368.0,0.0,0.0,1.0,0.0
60,0.5416850759668536,5000,11603,0.020180003717541695,-0.45909407138072084,0.96,283.6875,239.5,475.0,18,7,504.0,2420.0,1906.0,19887.0,0.0,1.0,31.0,0.0,0.0,0.0,0.0,26.0,0.0,63.0,0.0,0.0,0.0,66.0,3.0,491.0,26.0,26.0,22.0,2.0,1.0,494.0,0.0,63.0,0.0,0.0,3072.0,14264047.0,1049.0,845.0,0.05330578512396694,2213.0,132.0,63.0,0.0,3.0,0.0,66.0,66.0,0,0,0,0,4,8.731524192756895,9.747766684182869,1.4253405709672737,127.91060000000002,128.006875,205.24575,4,0.0,0.0,0.0,0.0,0.0020805303401870284,1.4558160305023193,0,545.0,85.0,2.0,336.0,122.0,0.0,11.0,1.0,0.0,10,576.4,0.0,0.0,0.0,26.0,0.0,long_horizon,10.43389296956978,17981.0,1,0.013957613727635536,0.03973749999999976,0.8115631691648822,0.0,0.7852173913043479,0.4009089434775157,0.3620689655172414,3.2630480167014615,0.0,0.02727272727272727,0.07,1460.0,0.0,2377.0,0.0,22285.0,5109.0,0.0,1573.0,1493.0,0.0,0.0,0.0,0.0
61,0.536268225207185,5000,11762,0.06208309903740883,4.988329660389853,0.97,252.4536082474227,221.0,493.40000000000003,9,4,409.0,2130.0,1683.0,17633.0,0.0,1.0,12.0,0.0,0.0,0.0,0.0,9.0,0.0,44.0,0.0,0.0,0.0,46.0,2.0,423.0,24.0,24.0,21.0,2.0,0.0,425.0,0.0,44.0,0.0,0.0,3101.0,14465779.0,970.0,730.0,0.04225352112676056,1986.0,92.0,44.0,0.0,2.0,0.0,46.0,46.0,0,0,0,0,3,8.669195835179442,9.315508021390375,1.719265046416695,121.68985000000002,115.6525,195.23800000000006,3,0.0,0.0,0.0,0.0,0.0020805303401870284,1.4558160305023193,0,514.0,63.0,0.0,314.0,137.0,0.0,7.0,1.0,0.0,10,366.70000000000005,0.0,0.0,0.0,9.0,0.0,long_horizon,10.477124183006536,15950.0,1,0.017776623400848644,0.059350000000000014,0.815742397137746,0.0,0.7883466135458167,0.3655162890639472,0.24324324324324326,2.531221719457011,0.0,0.0215962441314554,0.04,1064.0,0.0,1957.0,0.0,19742.0,4325.0,1.0,1394.0,1319.0,0.0,0.0,0.0,0.0
62,0.5309055429551132,5000,11934,0.05130232870578766,-1.3325081587667011,0.98,297.9387755102041,266.5,519.8,4,2,521.0,2759.0,2205.0,22325.0,0.0,0.0,39.0,0.0,0.0,0.0,0.0,27.0,0.0,92.0,0.0,0.0,0.0,101.0,9.0,520.0,40.0,40.0,31.0,9.0,0.0,531.0,0.0,92.0,0.0,0.0,3154.0,14717281.0,1169.0,1038.0,0.06995288147879666,2452.0,202.0,92.0,0.0,9.0,0.0,101.0,101.0,0,0,0,0,2,8.624370814548955,8.486842105263158,1.3374741399520496,142.2293375,148.111875,217.73775000000006,2,0.0,0.0,0.0,0.0,0.0020805303401870284,1.4558160305023193,0,654.0,89.0,0.0,431.0,134.0,0.0,4.0,1.0,0.0,10,404.0,0.0,0.0,0.0,27.0,0.0,long_horizon,10.124716553287982,20120.0,1,0.01807731651428074,0.05675000000000001,0.8052607291185971,0.0,0.7985584218512898,0.3252878656771292,0.3218390804597701,2.3435272045028137,0.0,0.03660746647335991,0.02,1570.0,0.0,2318.0,0.0,25053.0,3908.0,0.0,1814.0,1704.0,0.0,0.0,20.0,0.0
63,0.525596487525562,5000,12147,0.03453924506902695,-9.30847225056438,0.95,329.82105263157894,267.0,732.8000000000004,13,6,523.0,2762.0,2007.0,25961.0,0.0,0.0,21.0,0.0,0.0,0.0,0.0,18.0,0.0,66.0,0.0,0.0,0.0,66.0,0.0,724.0,29.0,29.0,29.0,0.0,0.0,726.0,0.0,66.0,0.0,0.0,3185.0,14995146.0,1125.0,1085.0,0.04779145546705286,2530.0,132.0,66.0,0.0,0.0,0.0,66.0,66.0,0,0,0,0,4,9.202533068535242,8.911133300049926,1.377351736703532,134.372025,134.58249999999998,212.53812500000006,5,0.0,0.0,0.0,0.0,0.0020805303401870284,1.4558160305023193,0,626.0,85.0,0.0,415.0,126.0,0.0,10.0,1.0,0.0,10,587.1,0.0,0.0,0.0,18.0,0.0,long_horizon,12.935226706527155,23954.0,1,0.017859844144957646,0.060249999999999915,0.7901008249312558,0.0,0.7242688947968097,0.3910691099177426,0.2857142857142857,2.9782771535580523,0.0,0.02389572773352643,0.06,2048.0,0.0,2767.0,0.0,28694.0,5152.0,1.0,1778.0,1690.0,0.0,0.0,0.0,0.0
64,0.5203405226503064,5000,12286,0.010584445670247078,8.424905964562466,0.98,202.89795918367346,158.5,368.0,6,3,404.0,2065.0,1712.0,15318.0,0.0,0.0,13.0,0.0,0.0,0.0,0.0,11.0,0.0,45.0,0.0,0.0,0.0,48.0,3.0,328.0,26.0,26.0,22.0,3.0,1.0,332.0,0.0,45.0,0.0,0.0,3217.0,15179661.0,892.0,747.0,0.045036319612590796,1988.0,97.0,45.0,0.0,3.0,0.0,49.0,48.0,0,0,0,0,2,8.236673910264605,7.643691588785047,1.6899306302209287,115.85802500000004,112.99812499999999,191.30862500000003,2,0.0,0.0,0.0,0.0,0.0020805303401870284,1.4558160305023193,0,500.0,58.0,1.0,318.0,123.0,0.0,5.0,1.0,0.0,10,304.6,0.0,0.0,0.0,11.0,0.0,long_horizon,8.947429906542055,13606.0,1,0.017484729043573972,0.0504,0.8291021671826625,0.0,0.8292181069958847,0.34027563952557505,0.2619047619047619,2.703154574132492,0.0,0.02324455205811138,0.03,802.0,0.0,1761.0,0.0,17361.0,2453.0,2.0,1363.0,1301.0,0.0,0.0,0.0,0.0
65,0.5151371174238033,5000,12424,0.06795735657215118,5.884099858381549,0.98,245.25510204081633,201.5,483.4,5,3,451.0,2306.0,1889.0,17759.0,0.0,0.0,17.0,0.0,0.0,0.0,0.0,12.0,0.0,60.0,0.0,0.0,0.0,62.0,2.0,403.0,16.0,16.0,14.0,2.0,0.0,405.0,0.0,60.0,0.0,0.0,3236.0,15390287.0,969.0,872.0,0.05290546400693842,2172.0,124.0,60.0,0.0,2.0,0.0,62.0,62.0,0,0,0,0,2,8.46090738905407,8.392686804451511,1.583694695769743,127.14746250000002,127.3325,201.01900000000006,2,0.0,0.0,0.0,0.0,0.0020805303401870284,1.4558160305023193,0,515.0,59.0,1.0,326.0,129.0,0.0,5.0,1.0,0.0,10,407.4,0.0,0.0,0.0,12.0,0.0,long_horizon,9.401270513499206,15870.0,1,0.01788935336243636,0.04672750000000035,0.816986301369863,0.0,0.8154056517775752,0.3602624573857003,0.2549019607843137,2.9836228287841187,0.0,0.026886383347788378,0.03,1429.0,0.0,1605.0,0.0,20051.0,3882.0,0.0,1536.0,1477.0,0.0,0.0,0.0,0.0
66,0.5099857462495653,5000,12547,0.049498435109853745,7.359884339586346,1.0,242.12,221.5,444.80000000000007,0,0,471.0,2331.0,1920.0,18073.0,0.0,0.0,18.0,0.0,0.0,0.0,0.0,15.0,0.0,43.0,0.0,0.0,0.0,45.0,2.0,388.0,26.0,26.0,24.0,0.0,2.0,390.0,0.0,43.0,0.0,0.0,3264.0,15600819.0,970.0,866.0,0.037752037752037754,2157.0,90.0,43.0,0.0,2.0,0.0,45.0,45.0,0,0,0,0,0,8.46833865987758,7.870244919228765,1.6359347125621342,129.4220125,123.90875,213.01512500000004,0,0.0,0.0,0.0,0.0,0.0020805303401870284,1.4558160305023193,0,525.0,75.0,0.0,319.0,131.0,0.0,0.0,1.0,0.0,10,287.4,0.0,0.0,0.0,15.0,0.0,long_horizon,9.413020833333333,16153.0,1,0.017103458532167503,0.05302500000000036,0.8082872928176795,0.0,0.8235294117647058,0.3208409053361969,0.40540540540540543,2.140632054176072,0.0,0.019305019305019305,0.0,1011.0,0.0,2260.0,0.0,20380.0,2925.0,0.0,1522.0,1439.0,0.0,0.0,0.0,0.0
67,0.5048858887870696,5000,12676,0.04154755920171738,6.686856929172519,1.0,238.99,227.0,389.6,0,0,507.0,2411.0,2041.0,17296.0,0.0,2.0,31.0,0.0,0.0,0.0,0.0,25.0,0.0,55.0,0.0,0.0,0.0,57.0,2.0,349.0,26.0,26.0,22.0,2.0,0.0,351.0,0.0,55.0,0.0,0.0,3298.0,15809683.0,984.0,898.0,0.046453753629199505,2109.0,114.0,55.0,0.0,2.0,0.0,57.0,57.0,0,0,0,0,0,8.21626523094361,7.671078431372549,1.4472509037082364,132.3460375,124.27687499999999,218.86100000000002,0,0.0,0.0,0.0,0.0,0.0020805303401870284,1.4558160305023193,0,585.0,71.0,1.0,370.0,143.0,0.0,0.0,1.0,0.0,10,272.1,0.0,0.0,0.0,25.0,0.0,long_horizon,8.474277315041647,15255.0,1,0.020718286566552127,0.06227499999999986,0.7974137931034483,0.0,0.8468586387434555,0.3136202351562827,0.39622641509433965,2.0603524229074885,0.0,0.02364164247200332,0.0,1159.0,0.0,2192.0,0.0,19685.0,2967.0,0.0,1518.0,1441.0,0.0,0.0,0.0,0.0
68,0.4998370298991989,5000,12829,0.04489254206418991,2.6583295723900564,0.99,262.010101010101,243.0,500.6,2,1,458.0,2366.0,1874.0,19706.0,0.0,0.0,21.0,0.0,0.0,0.0,0.0,18.0,0.0,63.0,0.0,0.0,0.0,66.0,3.0,463.0,31.0,31.0,28.0,1.0,2.0,466.0,0.0,63.0,0.0,0.0,3336.0,16024791.0,927.0,953.0,0.05452240067624683,2127.0,132.0,63.0,0.0,3.0,0.0,66.0,66.0,0,0,0,0,1,8.623927810005453,8.395944503735326,1.5996552120714411,128.431275,114.86,210.11875,1,0.0,0.0,0.0,0.0,0.002080530340187028,1.4558160305023193,0,519.0,84.0,4.0,306.0,125.0,0.0,2.0,1.0,0.0,10,329.6,0.0,0.0,0.0,18.0,0.0,long_horizon,10.515474919957311,17832.0,1,0.026415709710095787,0.060437500000000144,0.8134126554894537,0.0,0.7919642857142857,0.357102775314734,0.30357142857142855,2.272427983539095,0.0,0.027895181741335588,0.01,760.0,0.0,2151.0,0.0,22044.0,2117.0,0.0,1554.0,1479.0,0.0,0.0,0.0,0.0
69,0.49483865960020695,5000,13034,0.004007044248282909,-2.550913587975263,0.95,281.2736842105263,212.0,634.2000000000003,22,5,685.0,2509.0,1848.0,22078.0,0.0,1.0,19.0,0.0,0.0,0.0,0.0,14.0,0.0,54.0,0.0,0.0,0.0,56.0,2.0,624.0,36.0,36.0,33.0,2.0,0.0,627.0,0.0,54.0,0.0,0.0,3378.0,16259760.0,927.0,864.0,0.0438421681944998,2107.0,112.0,54.0,0.0,2.0,0.0,56.0,56.0,0,0,0,0,4,9.127868563625952,8.206821873308067,1.5649859538710693,120.31916249999999,133.44937500000003,193.50237500000003,5,0.0,0.0,0.0,0.0,0.0020805303401870284,1.4558160305023193,0,547.0,76.0,0.0,336.0,135.0,0.0,10.0,1.0,0.0,10,621.5,0.0,0.0,0.0,14.0,0.0,long_horizon,11.946969696969697,20230.0,1,0.018780542659555984,0.029275000000000162,0.8108262108262109,0.0,0.736,0.4287051973708831,0.32608695652173914,3.895754716981132,0.0,0.022319649262654444,0.05,2335.0,0.0,5327.0,0.0,24554.0,5982.0,0.0,1475.0,1394.0,0.0,0.0,0.0,0.0
70,0.4898902730042049,5000,13252,0.009331905283033848,-1.8526174646222764,0.94,300.4574468085106,249.0,491.20000000000005,17,9,491.0,2572.0,1974.0,21865.0,0.0,1.0,20.0,0.0,0.0,0.0,0.0,16.0,0.0,72.0,0.0,0.0,0.0,74.0,2.0,569.0,27.0,27.0,24.0,2.0,0.0,571.0,0.0,72.0,0.0,0.0,3407.0,16509738.0,1009.0,1048.0,0.056765163297045104,2402.0,148.0,72.0,0.0,2.0,0.0,74.0,74.0,0,0,0,0,5,8.820986003387715,9.69098277608916,1.4521101795686477,134.692025,141.49375000000003,200.21712500000004,6,0.0,0.0,0.0,0.0,0.0020805303401870284,1.4558160305023193,0,615.0,93.0,0.0,362.0,160.0,0.0,14.0,1.0,0.0,10,628.3,0.0,0.0,0.0,16.0,0.0,long_horizon,11.076494427558258,19891.0,1,0.01846304892541642,0.04599999999999993,0.809945839487937,0.0,0.7664621676891615,0.37299884512901316,0.21875,3.283734939759035,0.0,0.028771384136858476,0.09,2353.0,0.0,1986.0,0.0,24413.0,6213.0,0.0,1691.0,1614.0,0.0,0.0,0.0,0.0
71,0.48499137027416284,5000,13455,0.005873054265975952,3.08480623115721,0.97,251.7422680412371,173.0,539.0,9,5,355.0,2198.0,1739.0,18189.0,0.0,0.0,20.0,0.0,0.0,0.0,0.0,17.0,0.0,48.0,0.0,0.0,0.0,52.0,4.0,432.0,30.0,30.0,26.0,4.0,0.0,437.0,0.0,48.0,0.0,0.0,3446.0,16717827.0,900.0,917.0,0.04549590536851683,2152.0,104.0,48.0,0.0,4.0,0.0,52.0,52.0,0,0,0,0,2,8.709537106648051,9.243523316062177,1.6209443581527383,118.39057499999998,121.89187499999998,199.59762500000005,3,0.0,0.0,0.0,0.0,0.0020805303401870284,1.4558160305023193,0,509.0,69.0,1.0,292.0,147.0,0.0,7.0,1.0,0.0,11,530.0,0.0,0.0,0.0,17.0,0.0,long_horizon,10.45945945945946,16450.0,1,0.020097319445212723,0.05674999999999991,0.8242865137101287,0.0,0.7894990366088632,0.41085127644816044,0.425,3.7202312138728297,0.0,0.023657870791628753,0.05,912.0,0.0,1272.0,0.0,20361.0,2042.0,0.0,1502.0,1433.0,0.0,0.0,0.0,0.0
72,0.4801414565714212,5000,13622,0.04147544875741005,0.540800270417864,0.98,287.8061224489796,266.5,545.0,6,3,471.0,2551.0,2049.0,20786.0,0.0,0.0,24.0,0.0,0.0,0.0,0.0,21.0,0.0,57.0,0.0,0.0,0.0,58.0,1.0,467.0,36.0,36.0,34.0,1.0,0.0,468.0,0.0,57.0,0.0,0.0,3483.0,16955224.0,991.0,1055.0,0.04508036064288514,2388.0,116.0,57.0,0.0,1.0,0.0,58.0,58.0,0,0,0,0,1,8.487648802521997,8.866764275256223,1.3986533020906058,135.53017499999999,129.97875,208.63625000000005,2,0.0,0.0,0.0,0.0,0.0020805303401870284,1.4558160305023193,0,596.0,85.0,0.0,383.0,128.0,0.0,4.0,1.0,0.0,10,347.9,0.0,0.0,0.0,21.0,0.0,long_horizon,10.144460712542704,18737.0,1,0.02363450265966939,0.06507500000000001,0.7901541521631029,0.0,0.806371534960695,0.3278760821825628,0.3404255319148936,2.1679174484052535,0.0,0.022736181889455115,0.03,1058.0,0.0,2246.0,0.0,23303.0,3390.0,1.0,1657.0,1586.0,0.0,0.0,0.0,0.0
73,0.475340042005707,5000,13863,0.029579171910881996,-2.5947724994829984,0.97,291.82474226804123,236.0,597.4000000000001,14,4,522.0,2575.0,1989.0,21552.0,0.0,1.0,22.0,0.0,0.0,0.0,0.0,20.0,0.0,61.0,0.0,0.0,0.0,63.0,2.0,549.0,37.0,37.0,34.0,1.0,1.0,551.0,0.0,61.0,0.0,0.0,3525.0,17203702.0,980.0,1039.0,0.048155339805825245,2359.0,126.0,61.0,0.0,2.0,0.0,63.0,63.0,0,0,0,0,3,8.901633410252929,8.731020613373554,1.3943892703284495,122.14982500000002,121.43875000000001,203.46375000000003,3,0.0,0.0,0.0,0.0,0.0020805303401870284,1.4558160305023193,0,575.0,100.0,1.0,354.0,120.0,0.0,7.0,1.0,0.0,10,633.6,0.0,0.0,0.0,20.0,0.0,long_horizon,10.835595776772248,19563.0,1,0.02053969594728595,0.059350000000000014,0.8042381432896064,0.0,0.7741803278688525,0.4027206850951952,0.25,3.8737288135593193,0.0,0.02446601941747573,0.04,2197.0,0.0,2088.0,0.0,24093.0,5586.0,0.0,1643.0,1552.0,0.0,0.0,0.0,0.0
74,0.47058664158564995,5000,13977,0.06438112258911133,10.517085357804229,1.0,220.47,212.5,397.50000000000006,0,0,477.0,2226.0,1879.0,15999.0,0.0,0.0,12.0,0.0,0.0,0.0,0.0,10.0,0.0,46.0,0.0,0.0,0.0,51.0,5.0,324.0,27.0,27.0,22.0,4.0,1.0,331.0,0.0,46.0,0.0,0.0,3566.0,17395727.0,816.0,911.0,0.043575920934411504,1998.0,102.0,46.0,0.0,5.0,0.0,51.0,51.0,0,0,0,0,0,8.170781010719756,7.624600638977636,1.6896690819757851,126.11282500000002,124.31250000000003,199.472,0,0.0,0.0,0.0,0.0,0.0020805303401870284,1.4558160305023193,0,543.0,63.0,1.0,354.0,125.0,0.0,0.0,1.0,0.0,10,284.3,0.0,0.0,0.0,10.0,0.0,long_horizon,8.514635444385311,14120.0,1,0.02439896017165784,0.050400000000000056,0.8294117647058824,0.0,0.843127962085308,0.335760420918946,0.23255813953488372,2.391058823529412,0.0,0.022911051212938006,0.0,1106.0,0.0,2251.0,0.0,18203.0,2922.0,0.0,1436.0,1359.0,0.0,0.0,0.0,0.0
75,0.4658807751697934,5000,14147,0.06243886053562164,5.928332393206224,0.98,222.20408163265307,170.5,389.99999999999994,6,4,453.0,2249.0,1892.0,16026.0,0.0,0.0,41.0,0.0,0.0,0.0,0.0,37.0,0.0,60.0,0.0,0.0,0.0,60.0,0.0,336.0,19.0,19.0,19.0,0.0,0.0,337.0,0.0,60.0,0.0,0.0,3587.0,17592900.0,832.0,945.0,0.053357047576700754,1994.0,120.0,60.0,0.0,0.0,0.0,60.0,60.0,0,0,0,0,2,8.181384831632341,7.913802221047065,1.4504920518566786,121.723975,109.569375,214.93700000000004,2,0.0,0.0,0.0,0.0,0.002080530340187029,1.4558160305023193,0,516.0,72.0,1.0,311.0,132.0,0.0,6.0,1.0,0.0,10,458.6,0.0,0.0,0.0,37.0,0.0,long_horizon,8.470401691331924,14134.0,1,0.02016650447526777,0.05426250000000005,0.8043230944254836,0.0,0.841709722874589,0.40183351077389085,0.4807692307692308,2.8812316715542434,0.0,0.026678523788350377,0.04,596.0,0.0,2052.0,0.0,18256.0,2889.0,0.0,1434.0,1377.0,0.0,0.0,0.0,1.0
76,0.4612219674180955,5000,14254,0.03016240894794464,7.558361734463428,1.0,230.8,220.5,396.20000000000005,1,0,478.0,2318.0,1962.0,16884.0,0.0,0.0,27.0,0.0,1.0,0.0,0.0,15.0,0.0,72.0,0.0,0.0,0.0,75.0,3.0,328.0,30.0,30.0,27.0,3.0,0.0,332.0,0.0,72.0,0.0,0.0,3626.0,17796564.0,883.0,930.0,0.06341673856773081,2088.0,150.0,72.0,0.0,3.0,0.0,75.0,75.0,0,0,0,0,0,8.101725440074363,7.770642201834862,1.537215584377598,130.1900625,130.49812500000002,204.5767500000001,0,0.0,0.0,0.0,0.0,0.0020805303401870284,1.4558160305023193,0,563.0,64.0,3.0,358.0,138.0,0.0,0.0,1.0,0.0,10,235.8,1.0,0.0,0.0,15.0,0.0,long_horizon,8.605504587155963,14922.0,1,0.01852478135830896,0.059350000000000014,0.8066143497757847,0.0,0.8486782133090246,0.29377469670710576,0.36923076923076925,2.073922902494331,0.0,0.032355478861087146,0.0,1073.0,0.0,1889.0,0.0,19175.0,3052.0,1.0,1487.0,1410.0,0.0,0.0,0.0,0.0
77,0.45660974774391455,5000,14445,0.017828093841671944,-0.4077870697212241,0.97,270.4845360824742,243.0,447.8000000000001,11,3,434.0,2442.0,1905.0,20660.0,0.0,0.0,31.0,0.0,0.0,0.0,0.0,24.0,0.0,62.0,0.0,0.0,0.0,66.0,4.0,514.0,24.0,24.0,20.0,4.0,0.0,518.0,0.0,62.0,0.0,0.0,3657.0,18029606.0,934.0,1054.0,0.05241605241605242,2248.0,132.0,62.0,0.0,4.0,0.0,66.0,66.0,0,0,0,0,3,8.80102956456031,8.801049868766404,1.4853494459732963,131.0093875,128.6375,202.53025000000002,3,0.0,0.0,0.0,0.0,0.0020805303401870284,1.4558160305023193,0,594.0,80.0,3.0,369.0,142.0,0.0,7.0,1.0,0.0,10,431.29999999999995,0.0,0.0,0.0,24.0,0.0,long_horizon,10.84514435695538,18755.0,1,0.016988982140138408,0.04600000000000006,0.8091603053435115,0.0,0.7770124838570813,0.32974130732981566,0.4230769230769231,2.4460905349794237,0.0,0.02702702702702703,0.03,1298.0,0.0,2317.0,0.0,23082.0,4479.0,0.0,1635.0,1555.0,0.0,0.0,0.0,0.0
78,0.4520436502664754,5000,14572,0.04006882384419441,8.624278857287555,0.99,221.85858585858585,188.0,426.6000000000001,3,2,477.0,2181.0,1818.0,15780.0,0.0,2.0,27.0,0.0,0.0,0.0,0.0,23.0,0.0,50.0,0.0,0.0,0.0,50.0,0.0,331.0,34.0,34.0,32.0,0.0,0.0,331.0,0.0,50.0,0.0,0.0,3693.0,18220476.0,774.0,898.0,0.04585052728106373,1980.0,100.0,50.0,0.0,0.0,0.0,50.0,50.0,0,0,0,0,1,8.282291602011048,7.905338470005503,1.6222371139270066,121.4237875,114.041875,196.661,1,0.0,0.0,0.0,0.0,0.0020805303401870284,1.4558160305023193,0,514.0,66.0,0.0,327.0,121.0,0.0,3.0,1.0,0.0,10,347.29999999999995,0.0,0.0,0.0,23.0,0.0,long_horizon,8.67986798679868,13962.0,1,0.016453872753644405,0.05210000000000002,0.8340451494813911,0.0,0.838457784285017,0.36411188924392346,0.4634146341463415,2.6808510638297864,0.0,0.022925263640531865,0.02,881.0,0.0,2038.0,0.0,17929.0,3168.0,1.0,1387.0,1299.0,0.0,0.0,0.0,0.0
79,0.44752321376381066,5000,14699,0.08766143023967743,8.240737982287111,1.0,241.14,238.0,403.3,1,1,434.0,2343.0,1943.0,17355.0,0.0,1.0,25.0,0.0,0.0,0.0,0.0,19.0,0.0,46.0,0.0,0.0,0.0,48.0,2.0,374.0,29.0,29.0,26.0,2.0,0.0,376.0,0.0,46.0,0.0,0.0,3728.0,18429775.0,843.0,1040.0,0.040119504908237305,2241.0,96.0,46.0,0.0,2.0,0.0,48.0,48.0,0,0,0,0,0,8.22257318517683,7.890890375707668,1.5984467382343703,128.21575,126.52375,192.75875,0,0.0,0.0,0.0,0.0,0.0020805303401870284,1.4558160305023193,0,572.0,95.0,1.0,330.0,146.0,0.0,1.0,1.0,0.0,10,227.5,0.0,0.0,0.0,19.0,0.0,long_horizon,8.93206381883685,15412.0,1,0.01493142662467572,0.05029124999999996,0.8247033441208198,0.0,0.8305543037404236,0.2724268060048105,0.32558139534883723,1.8728991596638653,0.0,0.020486555697823303,0.01,936.0,0.0,1914.0,0.0,19672.0,2679.0,0.0,1572.0,1491.0,0.0,0.0,0.0,0.0
80,0.44304798162617254,5000,14829,0.03506997600197792,4.091805554184545,1.0,246.87,231.5,433.90000000000026,0,0,345.0,2212.0,1767.0,18421.0,0.0,0.0,19.0,0.0,1.0,0.0,0.0,16.0,0.0,54.0,0.0,0.0,0.0,55.0,1.0,419.0,28.0,28.0,27.0,1.0,0.0,420.0,0.0,54.0,0.0,0.0,3759.0,18646703.0,817.0,1023.0,0.049276672694394216,2198.0,110.0,54.0,0.0,1.0,0.0,55.0,55.0,0,0,0,0,0,8.581528662420382,8.412797281993205,1.642203038811052,119.82691249999999,113.89125000000001,209.39825000000002,0,0.0,0.0,0.0,0.0,0.0020805303401870284,1.4558160305023193,0,511.0,79.0,0.0,315.0,117.0,0.0,0.0,1.0,0.0,10,278.0,1.0,0.0,0.0,16.0,0.0,long_horizon,10.425014148273911,16654.0,1,0.021689295490023092,0.06251249999999997,0.7958172812328013,0.0,0.798754192620987,0.31903633491311223,0.28846153846153844,2.06133909287257,0.0,0.024864376130198915,0.0,755.0,0.0,1640.0,0.0,20606.0,3756.0,5.0,1533.0,1468.0,0.0,0.0,0.0,0.0
81,0.4386175018099108,5000,14990,0.04210101068019867,6.7572101421238315,0.98,241.46938775510205,206.5,477.2999999999999,5,3,454.0,2266.0,1874.0,17240.0,0.0,2.0,18.0,0.0,0.0,0.0,0.0,12.0,0.0,48.0,0.0,0.0,0.0,51.0,3.0,364.0,30.0,30.0,25.0,3.0,0.0,368.0,0.0,48.0,0.0,0.0,3798.0,18854737.0,798.0,989.0,0.043689320388349516,2134.0,102.0,48.0,0.0,3.0,0.0,51.0,51.0,0,0,0,0,2,8.304515762567453,8.736392742796157,1.5826704459784542,125.03125000000001,116.76749999999998,203.08000000000004,2,0.0,0.0,0.0,0.0,0.0020805303401870284,1.4558160305023193,0,553.0,84.0,2.0,350.0,117.0,0.0,5.0,1.0,0.0,10,362.9,0.0,0.0,0.0,12.0,0.0,long_horizon,9.19957310565635,15366.0,1,0.017410983177702434,0.060249999999999915,0.8116107000569152,0.0,0.8281979458450047,0.35111544617847157,0.38461538461538464,2.662227602905568,0.0,0.022506619593998235,0.03,1086.0,0.0,1769.0,0.0,19481.0,3554.0,0.0,1495.0,1411.0,0.0,0.0,0.0,0.0
82,0.4342313267918117,5000,15174,0.048843495547771454,-3.7234737854134807,0.98,299.3673469387755,215.0,609.8,5,2,371.0,2566.0,1913.0,22870.0,0.0,1.0,29.0,0.0,0.0,0.0,0.0,22.0,0.0,70.0,0.0,0.0,0.0,73.0,3.0,615.0,40.0,40.0,36.0,2.0,1.0,619.0,0.0,70.0,0.0,0.0,3849.0,19108625.0,963.0,1196.0,0.05572876071706937,2434.0,146.0,70.0,0.0,3.0,0.0,73.0,73.0,0,0,0,0,2,9.039810951204974,8.621338912133892,1.495456788091635,125.1572375,123.10750000000002,199.7436250000001,2,0.0,0.0,0.0,0.0,0.0020805303401870284,1.4558160305023193,0,546.0,83.0,0.0,339.0,124.0,0.0,5.0,1.0,0.0,10,511.20000000000005,0.0,0.0,0.0,22.0,0.0,long_horizon,11.95504443282802,20957.0,1,0.01624431483170905,0.06227499999999997,0.7834905660377358,0.0,0.7454769736842105,0.3907149743802356,0.3230769230769231,3.2546511627906978,0.0,0.028448947778643804,0.02,895.0,0.0,1437.0,0.0,25400.0,4680.0,0.0,1753.0,1662.0,0.0,0.0,1.0,0.0
83,0.4298890135238936,5000,15322,0.055303171277046204,10.485219607816223,1.0,211.07,192.0,384.1,1,1,426.0,2258.0,1937.0,15300.0,0.0,0.0,22.0,0.0,0.0,0.0,0.0,13.0,0.0,57.0,0.0,0.0,0.0,60.0,3.0,290.0,36.0,36.0,31.0,2.0,1.0,294.0,0.0,57.0,0.0,0.0,3889.0,19304829.0,771.0,1030.0,0.05181576616474756,2226.0,120.0,57.0,0.0,3.0,0.0,60.0,60.0,0,0,0,0,0,7.825989352831762,7.359504132231405,1.566458166966031,127.1356625,134.78250000000003,197.28550000000004,0,0.0,0.0,0.0,0.0,0.0020805303401870284,1.4558160305023193,0,542.0,66.0,1.0,308.0,167.0,0.0,1.0,1.0,0.0,10,276.7,0.0,0.0,0.0,13.0,0.0,long_horizon,7.898812596799174,13363.0,1,0.024340476711146093,0.059350000000000014,0.8172043010752689,0.0,0.8620366025340216,0.3355308665371677,0.21428571428571427,2.143489583333333,0.0,0.026572187776793623,0.01,716.0,0.0,1658.0,0.0,17527.0,2770.0,2.0,1520.0,1436.0,0.0,0.0,0.0,0.0
84,0.42559012338865465,5000,15506,0.05058963596820831,5.536287820767302,0.97,259.5154639175258,214.0,506.4000000000002,10,5,425.0,2345.0,1931.0,18050.0,0.0,0.0,23.0,0.0,0.0,0.0,0.0,20.0,0.0,44.0,0.0,0.0,0.0,47.0,3.0,390.0,23.0,23.0,20.0,2.0,1.0,394.0,0.0,44.0,0.0,0.0,3917.0,19520915.0,824.0,1076.0,0.03880597014925373,2302.0,94.0,44.0,0.0,3.0,0.0,47.0,47.0,0,0,0,0,3,8.341358928474595,9.130502330398757,1.5293532938363859,131.374775,134.206875,202.90337500000007,3,0.0,0.0,0.0,0.0,0.0020805303401870284,1.4558160305023193,0,520.0,69.0,1.0,334.0,116.0,0.0,8.0,1.0,0.0,10,468.9,0.0,0.0,0.0,20.0,0.0,long_horizon,9.347488348006214,16119.0,1,0.02002000658898282,0.052099999999999945,0.825253063399041,0.0,0.8229213483146067,0.3763048365107273,0.4146341463414634,3.118691588785046,0.0,0.020042643923240937,0.05,1108.0,0.0,1700.0,0.0,20375.0,2934.0,0.0,1590.0,1520.0,0.0,0.0,0.0,0.0
85,0.4213342221547681,5000,15685,0.04514898359775543,6.692110001082151,1.0,244.32,219.0,434.70000000000033,0,0,463.0,2396.0,1990.0,17514.0,0.0,0.0,31.0,0.0,0.0,0.0,0.0,28.0,0.0,60.0,0.0,0.0,0.0,60.0,0.0,375.0,31.0,31.0,31.0,0.0,0.0,375.0,0.0,60.0,0.0,0.0,3952.0,19734639.0,804.0,1098.0,0.05008347245409015,2195.0,120.0,60.0,0.0,0.0,0.0,60.0,60.0,0,0,0,0,0,8.287886410643413,7.821105527638191,1.5099780643815566,129.873275,130.705625,202.94250000000002,0,0.0,0.0,0.0,0.0,0.0020805303401870284,1.4558160305023193,0,567.0,78.0,0.0,351.0,138.0,0.0,0.0,1.0,0.0,10,352.70000000000005,0.0,0.0,0.0,28.0,0.0,long_horizon,8.801005025125628,15524.0,1,0.0168198598201939,0.06227499999999986,0.8088627869727709,0.0,0.8344370860927153,0.3239906679764244,0.3269230769230769,2.3100456621004564,0.0,0.025041736227045076,0.0,1093.0,0.0,1828.0,0.0,19879.0,2906.0,0.0,1567.0,1471.0,0.0,0.0,0.0,0.0
86,0.41712087993322045,5000,15846,0.03902705758810043,2.506465267688822,0.97,269.49484536082474,214.0,605.8,9,6,468.0,2439.0,1918.0,20371.0,0.0,0.0,15.0,0.0,0.0,0.0,0.0,13.0,0.0,63.0,0.0,0.0,0.0,64.0,1.0,495.0,27.0,27.0,23.0,1.0,0.0,497.0,0.0,63.0,0.0,0.0,3978.0,19963497.0,862.0,1086.0,0.052070520705207055,2235.0,128.0,63.0,0.0,1.0,0.0,64.0,64.0,0,0,0,0,3,8.744333157617291,8.599374021909233,1.5900707302498946,134.23918749999999,134.45437499999997,205.13687500000003,3,0.0,0.0,0.0,0.0,0.0020805303401870284,1.4558160305023193,0,546.0,67.0,0.0,341.0,138.0,0.0,9.0,1.0,0.0,10,484.1,0.0,0.0,0.0,13.0,0.0,long_horizon,10.620959332638165,18453.0,1,0.01873486880167438,0.060249999999999984,0.811948051948052,0.0,0.7853131749460043,0.3958784971429721,0.28,3.2186915887850467,0.0,0.026240262402624025,0.06,1070.0,0.0,2169.0,0.0,22787.0,2761.0,4.0,1584.0,1506.0,0.0,0.0,0.0,0.0
87,0.41294967113388825,5000,16079,0.004064400680363178,-1.7253184823112822,0.96,288.46875,268.5,482.0,18,7,460.0,2452.0,1868.0,22097.0,0.0,0.0,26.0,0.0,3.0,0.0,0.0,23.0,0.0,46.0,0.0,0.0,0.0,46.0,0.0,554.0,30.0,30.0,27.0,0.0,0.0,555.0,0.0,46.0,0.0,0.0,4009.0,20207252.0,807.0,1158.0,0.037520391517128875,2310.0,92.0,46.0,0.0,0.0,0.0,46.0,46.0,0,0,0,0,3,8.891576902701749,9.622924477771827,1.5382383755991957,140.76925,138.49875,221.98562500000003,4,0.0,0.0,0.0,0.0,0.0020805303401870284,1.4558160305023193,0,561.0,93.0,0.0,356.0,112.0,0.0,11.0,1.0,0.0,10,475.9,3.0,0.0,0.0,23.0,0.0,long_horizon,11.829229122055674,20229.0,1,0.014660841043974807,0.045999999999999965,0.8178534571723426,0.0,0.7610848041325872,0.36732770916838176,0.5609756097560976,2.2476722532588456,0.0,0.018760195758564437,0.07,1830.0,0.0,2107.0,0.0,24522.0,5648.0,3.0,1620.0,1549.0,0.0,0.0,0.0,0.0
88,0.40882017442254937,5000,16382,0.0029886839911341667,0.43844789378319027,0.93,258.64516129032256,216.0,446.79999999999995,22,7,506.0,2401.0,1847.0,20487.0,0.0,0.0,10.0,0.0,0.0,0.0,0.0,9.0,0.0,32.0,0.0,0.0,0.0,34.0,2.0,523.0,27.0,27.0,25.0,2.0,0.0,525.0,0.0,32.0,0.0,0.0,4041.0,20435993.0,738.0,1132.0,0.027488546438983758,2188.0,68.0,32.0,0.0,2.0,0.0,34.0,34.0,0,0,0,0,7,8.888243693479296,10.364030335861322,1.5492209296584347,132.87475000000003,134.65249999999997,215.484,7,0.0,0.0,0.0,0.0,0.0020805303401870284,1.4558160305023193,0,535.0,67.0,0.0,327.0,141.0,0.0,14.0,1.0,0.0,10,430.79999999999995,0.0,0.0,0.0,9.0,0.0,long_horizon,11.092041147807254,18640.0,1,0.01620691729288453,0.05658750000000001,0.8146341463414634,0.0,0.7689260563380281,0.36221548111730684,0.36,2.231481481481481,0.0,0.014160766347355268,0.07,1774.0,0.0,2139.0,0.0,22863.0,4686.0,1.0,1510.0,1432.0,0.0,0.0,0.0,1.0
89,0.4047319726783239,5000,16482,0.010529309511184692,8.795359679725607,0.99,228.11111111111111,213.0,378.20000000000005,2,1,385.0,2211.0,1835.0,16730.0,0.0,1.0,14.0,0.0,0.0,0.0,0.0,9.0,0.0,47.0,0.0,0.0,0.0,47.0,0.0,352.0,26.0,26.0,23.0,0.0,0.0,352.0,0.0,47.0,0.0,0.0,4067.0,20637360.0,735.0,1068.0,0.04251469923111714,2181.0,94.0,47.0,0.0,0.0,0.0,47.0,47.0,0,0,0,0,1,8.275319049291651,7.92425068119891,1.6851266027158862,128.194975,131.81062500000002,209.1146250000001,1,0.0,0.0,0.0,0.0,0.0020805303401870284,1.4558160305023193,0,532.0,80.0,0.0,331.0,121.0,0.0,2.0,1.0,0.0,10,223.0,0.0,0.0,0.0,9.0,0.0,long_horizon,9.11716621253406,14895.0,1,0.020591225350137642,0.04600000000000004,0.8208871420550252,0.0,0.8313368471490177,0.30191388266046193,0.23255813953488372,2.016431924882629,0.0,0.02125734961555857,0.01,824.0,0.0,1582.0,0.0,18918.0,2540.0,4.0,1507.0,1449.0,0.0,0.0,0.0,0.0
90,0.40068465295154065,5000,16609,0.07682453840970993,10.532508697967534,0.99,209.65656565656565,184.0,393.0,5,4,414.0,2037.0,1683.0,14972.0,0.0,2.0,13.0,0.0,0.0,0.0,0.0,10.0,0.0,48.0,0.0,0.0,0.0,49.0,1.0,332.0,25.0,25.0,22.0,1.0,0.0,333.0,0.0,48.0,0.0,0.0,4095.0,20820421.0,647.0,954.0,0.047619047619047616,1974.0,98.0,48.0,0.0,1.0,0.0,49.0,49.0,0,0,0,0,1,8.31606116048092,7.8799048751486325,1.8351809023996406,117.53486249999997,117.6,188.05075,1,0.0,0.0,0.0,0.0,0.0020805303401870284,1.4558160305023193,0,472.0,62.0,2.0,300.0,108.0,0.0,5.0,1.0,0.0,11,286.45454545454544,0.0,0.0,0.0,10.0,0.0,long_horizon,8.896019013666072,13289.0,1,0.019613669870923497,0.04556499999999989,0.8230818008877616,0.0,0.8262004175365344,0.33516802248735167,0.2682926829268293,2.2864130434782592,0.0,0.024054982817869417,0.04,797.0,0.0,1879.0,0.0,16987.0,2309.0,0.0,1349.0,1281.0,0.0,0.0,0.0,0.0
91,0.39667780642202527,5000,16792,0.014909164980053902,-8.96422296460991,0.9,306.1,228.0,603.2,31,13,484.0,2583.0,1855.0,23493.0,0.0,0.0,20.0,0.0,0.0,0.0,0.0,13.0,0.0,59.0,0.0,0.0,0.0,61.0,2.0,683.0,40.0,40.0,38.0,2.0,0.0,685.0,0.0,59.0,0.0,0.0,4142.0,21079191.0,844.0,1217.0,0.04645760743321719,2352.0,122.0,59.0,0.0,2.0,0.0,61.0,61.0,0,0,0,0,8,9.264808074123097,10.068500539374325,1.330758927557573,120.2838375,115.916875,201.25475,10,0.0,0.0,0.0,0.0,0.0020805303401870284,1.4558160305023193,0,550.0,65.0,0.0,347.0,138.0,0.0,22.0,1.0,0.0,9,545.8888888888889,0.0,0.0,0.0,13.0,0.0,long_horizon,12.664690026954178,21638.0,1,0.015726198635934278,0.04183749999999975,0.805541810984661,0.0,0.7192622950819673,0.3889316409952368,0.3148148148148148,3.1910087719298246,0.0,0.023615950445218737,0.13,1989.0,0.0,1957.0,0.0,26038.0,5464.0,0.0,1681.0,1588.0,0.0,0.0,0.0,0.0
92,0.392711028357805,5000,16967,0.01068541407585144,6.144312767689076,0.98,244.0612244897959,205.0,431.2,6,2,457.0,2354.0,1903.0,18535.0,0.0,0.0,24.0,0.0,0.0,0.0,0.0,17.0,0.0,42.0,0.0,0.0,0.0,42.0,0.0,425.0,25.0,25.0,19.0,0.0,6.0,431.0,0.0,42.0,0.0,0.0,4171.0,21297852.0,733.0,1145.0,0.0356839422259983,2283.0,90.0,42.0,0.0,0.0,0.0,48.0,42.0,0,0,0,0,2,8.474208860759493,8.056782334384858,1.6258210390905843,132.354375,135.05125,195.29887500000004,2,0.0,0.0,0.0,0.0,0.002080530340187028,1.4558160305023193,0,532.0,57.0,0.0,346.0,129.0,0.0,4.0,1.0,0.0,10,387.9,0.0,0.0,0.0,17.0,0.0,long_horizon,9.739884393063583,16632.0,1,0.015382572599326946,0.052887499999999976,0.8181818181818182,0.0,0.8070725156669651,0.3476264993830964,0.4,2.402926829268291,0.0,0.01784197111299915,0.02,928.0,0.0,2101.0,0.0,20870.0,3472.0,6.0,1544.0,1473.0,0.0,0.0,0.0,0.0
93,0.38878391807422696,5000,17074,0.08268403261899948,6.24865949997588,1.0,224.7,222.0,402.5000000000003,0,0,383.0,2222.0,1874.0,16373.0,0.0,0.0,24.0,0.0,2.0,0.0,0.0,23.0,0.0,73.0,0.0,0.0,0.0,73.0,0.0,318.0,30.0,30.0,30.0,0.0,0.0,318.0,0.0,73.0,0.0,0.0,4205.0,21492566.0,736.0,1073.0,0.06570657065706571,1968.0,146.0,73.0,0.0,0.0,0.0,73.0,73.0,0,0,0,0,0,8.109939488347013,7.991462113127001,1.4912712512159894,118.25461250000002,115.203125,188.64550000000003,0,0.0,0.0,0.0,0.0,0.0020805303401870284,1.4558160305023193,0,532.0,80.0,0.0,326.0,126.0,0.0,0.0,1.0,0.0,10,243.2,2.0,0.0,0.0,23.0,0.0,long_horizon,8.73692636072572,14499.0,1,0.020655553639290367,0.05661500000000002,0.7987633501967397,0.0,0.8479923518164436,0.32457498887405434,0.3230769230769231,2.0324324324324325,0.0,0.03285328532853286,0.0,832.0,0.0,1570.0,0.0,18565.0,2024.0,0.0,1460.0,1395.0,0.0,0.0,0.0,0.0
94,0.3848960788934847,5000,17264,0.03786700963973999,0.0270602693364258,0.98,292.8469387755102,232.0,646.9,10,5,407.0,2416.0,1842.0,21110.0,0.0,1.0,11.0,0.0,0.0,0.0,0.0,8.0,0.0,55.0,0.0,0.0,0.0,57.0,2.0,547.0,31.0,31.0,28.0,2.0,0.0,549.0,0.0,55.0,0.0,0.0,4243.0,21735204.0,788.0,1193.0,0.046357615894039736,2439.0,114.0,55.0,0.0,2.0,0.0,57.0,57.0,0,0,0,0,2,8.968416678210279,9.289831430125068,1.6108823386885744,125.62926250000001,129.54250000000002,205.39774999999997,2,0.0,0.0,0.0,0.0,0.0020805303401870284,1.4558160305023193,0,473.0,88.0,0.0,281.0,104.0,0.0,7.0,1.0,0.0,10,612.3,0.0,0.0,0.0,8.0,0.0,long_horizon,11.460369163952226,19268.0,1,0.017195640977113825,0.05674999999999997,0.7902564102564102,0.0,0.7603666521169795,0.41116308539513935,0.15625,3.781681034482758,0.0,0.02359271523178808,0.05,917.0,0.0,1648.0,0.0,23498.0,3332.0,0.0,1652.0,1580.0,0.0,0.0,0.0,0.0
95,0.38104711810454983,5000,17375,0.046194836497306824,9.136101894840811,1.0,240.96,230.0,409.2000000000001,0,0,448.0,2351.0,1992.0,17634.0,0.0,0.0,24.0,0.0,0.0,0.0,0.0,20.0,0.0,57.0,0.0,0.0,0.0,60.0,3.0,341.0,22.0,22.0,19.0,1.0,2.0,344.0,0.0,57.0,0.0,0.0,4268.0,21945610.0,749.0,1135.0,0.049766056997022544,2222.0,120.0,57.0,0.0,3.0,0.0,60.0,60.0,0,0,0,0,0,8.107037552155772,8.070316423907585,1.638702955350164,140.0987875,141.47125,211.03825000000006,0,0.0,0.0,0.0,0.0,0.0020805303401870284,1.4558160305023193,0,562.0,59.0,1.0,368.0,134.0,0.0,0.0,1.0,0.0,10,222.3,0.0,0.0,0.0,20.0,0.0,long_horizon,8.852409638554217,15642.0,1,0.019647479822398256,0.0456187500000001,0.8392282958199357,0.0,0.8461538461538461,0.2895202523240372,0.28846153846153844,1.9528260869565217,0.0,0.02552105487026797,0.0,1144.0,0.0,1915.0,0.0,19966.0,3072.0,4.0,1541.0,1466.0,0.0,0.0,0.0,0.0
96,0.37723664692350434,5000,17599,0.0040934341959655285,-2.081427409884359,0.96,281.4166666666667,189.0,535.0,19,8,366.0,2305.0,1726.0,21047.0,0.0,1.0,23.0,0.0,0.0,0.0,0.0,17.0,0.0,32.0,0.0,0.0,0.0,32.0,0.0,562.0,18.0,18.0,16.0,0.0,0.0,562.0,0.0,32.0,0.0,0.0,4286.0,22178703.0,734.0,1189.0,0.02776572668112798,2424.0,64.0,32.0,0.0,0.0,0.0,32.0,32.0,0,0,0,0,4,9.051969086954509,9.772489843296576,1.5861394945788632,124.12536250000001,110.745,201.87462500000012,4,0.0,0.0,0.0,0.0,0.0020805303401870284,1.4558160305023193,0,504.0,61.0,0.0,320.0,123.0,0.0,13.0,1.0,0.0,10,758.0,0.0,0.0,0.0,17.0,0.0,long_horizon,12.194090382387023,19321.0,1,0.019136197444737425,0.045968749999999906,0.8189926547743966,0.0,0.7431444241316271,0.45476831630638626,0.43333333333333335,5.354497354497354,0.0,0.01388286334056399,0.08,783.0,0.0,2921.0,0.0,23336.0,3426.0,1.0,1621.0,1570.0,0.0,0.0,0.0,0.0
97,0.37346428045426927,5000,17773,0.057521700859069824,2.5480846061807894,0.99,269.07070707070704,249.0,509.00000000000017,4,3,414.0,2327.0,1834.0,19821.0,0.0,0.0,22.0,0.0,0.0,0.0,0.0,17.0,0.0,56.0,0.0,0.0,0.0,57.0,1.0,469.0,25.0,25.0,24.0,1.0,0.0,470.0,0.0,56.0,0.0,0.0,4314.0,22402684.0,690.0,1199.0,0.048560378169316715,2268.0,114.0,56.0,0.0,1.0,0.0,57.0,57.0,0,0,0,0,1,8.732134056185313,8.866884888161485,1.6184927489361223,127.58072499999999,131.760625,202.115125,1,0.0,0.0,0.0,0.0,0.002080530340187028,1.4558160305023193,0,502.0,78.0,1.0,321.0,102.0,0.0,4.0,1.0,0.0,10,422.4,0.0,0.0,0.0,17.0,0.0,long_horizon,10.80752453653217,17987.0,1,0.015809793756413056,0.05658750000000001,0.824317086234601,0.0,0.7867513611615246,0.36271036819126,0.46153846153846156,2.4963855421686745,0.0,0.024495058014611087,0.03,842.0,0.0,1948.0,0.0,22124.0,2576.0,3.0,1547.0,1484.0,0.0,0.0,0.0,0.0
98,0.36972963764972655,5000,17920,0.02775789052248001,6.31408142809067,1.0,228.01,195.0,436.0000000000002,0,0,387.0,2227.0,1867.0,16575.0,0.0,1.0,28.0,0.0,3.0,0.0,0.0,23.0,0.0,67.0,0.0,0.0,0.0,67.0,0.0,332.0,30.0,30.0,29.0,0.0,0.0,332.0,0.0,67.0,0.0,0.0,4346.0,22606267.0,679.0,1132.0,0.060170633138751685,2116.0,134.0,67.0,0.0,0.0,0.0,67.0,67.0,0,0,0,0,0,8.115455136925533,8.021436227224008,1.5038640867109707,119.95,109.59187499999999,206.84012500000009,0,0.0,0.0,0.0,0.0,0.0020805303401870284,1.4558160305023193,0,540.0,79.0,0.0,350.0,111.0,0.0,0.0,1.0,0.0,10,383.70000000000005,3.0,0.0,0.0,23.0,0.0,long_horizon,8.877878950187467,14708.0,1,0.019335881011306837,0.0622750000000003,0.7878787878787878,0.0,0.8418294425917103,0.3809232051225824,0.38333333333333336,2.7058974358974353,0.0,0.030085316569375842,0.0,860.0,0.0,1544.0,0.0,18773.0,2729.0,1.0,1470.0,1388.0,0.0,0.0,0.0,0.0
99,0.36603234127322926,5000,18081,0.031558696180582047,4.492673037037118,0.97,250.94845360824743,205.0,457.80000000000007,10,4,511.0,2290.0,1849.0,17879.0,0.0,0.0,27.0,0.0,0.0,0.0,0.0,21.0,0.0,39.0,0.0,0.0,0.0,43.0,4.0,417.0,28.0,28.0,24.0,3.0,1.0,421.0,0.0,39.0,0.0,0.0,4385.0,22807392.0,619.0,1136.0,0.03580786026200873,1964.0,86.0,39.0,0.0,4.0,0.0,43.0,43.0,0,0,0,0,3,8.613467424573678,8.517876489707476,1.5581847330473353,123.92506250000001,113.66625000000002,214.084375,3,0.0,0.0,0.0,0.0,0.0020805303401870284,1.4558160305023193,0,515.0,65.0,1.0,324.0,125.0,0.0,7.0,1.0,0.0,10,408.5,0.0,0.0,0.0,21.0,0.0,long_horizon,9.66955110870741,16030.0,1,0.01660459198103193,0.05934999999999997,0.8200231481481481,0.0,0.8059907834101383,0.3741435404591107,0.3684210526315789,2.809756097560971,0.0,0.018777292576419215,0.04,2142.0,0.0,2668.0,0.0,20145.0,3862.0,1.0,1406.0,1323.0,0.0,0.0,0.0,0.0
100,0.36237201786049694,5000,18286,0.03858523070812225,5.144882714586856,0.97,247.31958762886597,208.0,500.8000000000003,6,3,461.0,2290.0,1862.0,17615.0,0.0,1.0,14.0,0.0,0.0,0.0,0.0,11.0,0.0,52.0,0.0,0.0,0.0,52.0,0.0,396.0,30.0,30.0,29.0,0.0,0.0,396.0,0.0,52.0,0.0,0.0,4416.0,23010096.0,689.0,1111.0,0.045414847161572056,1907.0,104.0,52.0,0.0,0.0,0.0,52.0,52.0,0,0,0,0,3,8.457276109044473,9.149301825993556,1.5447591078674614,123.01125000000003,122.41375000000002,203.76624999999999,3,0.0,0.0,0.0,0.0,0.0020805303401870284,1.4558160305023193,0,507.0,65.0,0.0,311.0,131.0,0.0,6.0,1.0,0.0,10,478.20000000000005,0.0,0.0,0.0,11.0,0.0,long_horizon,9.460257787325457,15753.0,1,0.023190307650251346,0.060250000000000026,0.7814793901750423,0.0,0.8164967562557924,0.41875351843336794,0.2826086956521739,2.953846153846151,0.0,0.022707423580786028,0.03,1181.0,0.0,2141.0,0.0,19876.0,2669.0,0.0,1385.0,1305.0,0.0,0.0,0.0,0.0
101,0.358748297681892,5000,18461,0.028277568519115448,4.47864949888229,0.97,240.61855670103094,198.0,506.40000000000015,11,5,424.0,2277.0,1846.0,17498.0,0.0,0.0,20.0,0.0,0.0,0.0,0.0,17.0,0.0,44.0,0.0,0.0,0.0,46.0,2.0,414.0,19.0,19.0,17.0,2.0,0.0,416.0,0.0,44.0,0.0,0.0,4438.0,23221438.0,653.0,1183.0,0.039525691699604744,2224.0,92.0,44.0,0.0,2.0,0.0,46.0,46.0,0,0,0,0,2,8.584580169718624,8.285249457700651,1.5253440758661148,115.59798749999999,106.68187499999999,194.810375,3,0.0,0.0,0.0,0.0,0.0020805303401870284,1.4558160305023193,0,489.0,69.0,0.0,312.0,108.0,0.0,8.0,1.0,0.0,10,441.1,0.0,0.0,0.0,17.0,0.0,long_horizon,9.47887323943662,15652.0,1,0.017018803599132663,0.06227500000000008,0.7937293729372937,0.0,0.8075855689176689,0.38130725536444676,0.3157894736842105,2.8262626262626256,0.0,0.020202020202020204,0.05,945.0,0.0,1369.0,0.0,19758.0,3104.0,0.0,1537.0,1472.0,0.0,0.0,0.0,0.0
102,0.35516081470507305,5000,18622,0.072569340467453,3.911237482840411,1.0,233.3,188.0,440.90000000000026,4,1,330.0,2187.0,1801.0,16590.0,0.0,2.0,36.0,0.0,0.0,0.0,0.0,30.0,0.0,79.0,0.0,0.0,0.0,80.0,1.0,366.0,23.0,23.0,20.0,1.0,0.0,367.0,0.0,79.0,0.0,0.0,4463.0,23419064.0,655.0,1182.0,0.07270233196159122,2145.0,160.0,79.0,0.0,1.0,0.0,80.0,80.0,0,0,0,0,0,8.242274121255013,8.191004997223764,1.4574735751829664,111.63501249999999,108.34624999999998,172.36337500000005,0,0.0,0.0,0.0,0.0,0.0020805303401870284,1.4558160305023193,0,493.0,78.0,0.0,290.0,125.0,0.0,1.0,1.0,0.0,10,450.6,0.0,0.0,0.0,30.0,0.0,long_horizon,9.211549139367019,14789.0,1,0.018635996385459305,0.059350000000000014,0.8054024255788313,0.0,0.8225338491295938,0.3630561508786969,0.34285714285714286,2.9835106382978718,0.0,0.03657978966620942,0.01,493.0,0.0,1249.0,0.0,18757.0,1719.0,0.0,1532.0,1466.0,0.0,0.0,0.0,0.0
103,0.3516092065580223,5000,18769,0.0587000846862793,5.676821537577871,1.0,231.01,193.5,467.1,1,1,393.0,2185.0,1808.0,16712.0,0.0,0.0,24.0,0.0,0.0,0.0,0.0,19.0,0.0,64.0,0.0,0.0,0.0,66.0,2.0,354.0,24.0,24.0,22.0,1.0,1.0,357.0,0.0,64.0,0.0,0.0,4495.0,23615745.0,614.0,1156.0,0.059496567505720827,1978.0,132.0,64.0,0.0,2.0,0.0,66.0,66.0,0,0,0,0,0,8.404347571336498,8.160951327433628,1.5662569887274875,116.75723750000002,111.43125,201.6988750000001,0,0.0,0.0,0.0,0.0,0.0020805303401870284,1.4558160305023193,0,518.0,64.0,1.0,312.0,141.0,0.0,1.0,1.0,0.0,10,338.29999999999995,0.0,0.0,0.0,19.0,0.0,long_horizon,9.243362831858407,14904.0,1,0.016928893151903317,0.051987499999999964,0.8081328751431844,0.0,0.8271186440677966,0.3511436734340505,0.3620689655172414,2.6222222222222222,0.0,0.030205949656750573,0.01,962.0,0.0,1570.0,0.0,18875.0,2688.0,0.0,1431.0,1364.0,0.0,0.0,0.0,0.0
104,0.34809311449244207,5000,18939,0.015532787889242172,5.119808572979818,1.0,246.73,203.5,469.70000000000033,4,2,391.0,2216.0,1806.0,17326.0,0.0,0.0,34.0,0.0,0.0,0.0,0.0,30.0,0.0,47.0,0.0,0.0,0.0,49.0,2.0,386.0,27.0,27.0,25.0,2.0,0.0,388.0,0.0,47.0,0.0,0.0,4528.0,23820660.0,628.0,1172.0,0.04332129963898917,2157.0,98.0,47.0,0.0,2.0,0.0,49.0,49.0,0,0,0,0,0,8.473690153568203,8.611080332409973,1.5761557506197663,119.4686375,114.81812500000001,200.008125,0,0.0,0.0,0.0,0.0,0.0020805303401870284,1.4558160305023193,0,488.0,70.0,1.0,303.0,114.0,0.0,2.0,1.0,0.0,10,450.5,0.0,0.0,0.0,30.0,0.0,long_horizon,9.593576965669989,15520.0,1,0.01596226603338398,0.059350000000000014,0.8156708004509583,0.0,0.8147086914995224,0.3803554492765371,0.45652173913043476,2.9909090909090907,0.0,0.02211191335740072,0.02,1070.0,0.0,1450.0,0.0,19517.0,2609.0,1.0,1493.0,1425.0,0.0,0.0,0.0,0.0
105,0.34461218334751764,5000,19086,0.05289619043469429,5.837728306901754,1.0,233.4,204.0,419.60000000000025,2,1,453.0,2224.0,1872.0,16530.0,0.0,0.0,31.0,0.0,0.0,0.0,0.0,28.0,0.0,72.0,0.0,0.0,0.0,73.0,1.0,333.0,21.0,21.0,20.0,0.0,1.0,334.0,0.0,72.0,0.0,0.0,4552.0,24014090.0,585.0,1166.0,0.0651978417266187,1989.0,146.0,72.0,0.0,1.0,0.0,73.0,73.0,0,0,0,0,0,8.22463381367491,8.28915018706574,1.509224740439609,120.45600000000002,113.47749999999999,197.69637500000005,0,0.0,0.0,0.0,0.0,0.0020805303401870284,1.4558160305023193,0,544.0,66.0,1.0,359.0,118.0,0.0,1.0,1.0,0.0,10,347.20000000000005,0.0,0.0,0.0,28.0,0.0,long_horizon,8.830128205128204,14658.0,1,0.02473711404151348,0.051740000000000085,0.8190751445086705,0.0,0.8414055080721747,0.3427823479005998,0.2835820895522388,2.712254901960784,0.0,0.03282374100719424,0.01,1111.0,0.0,2173.0,0.0,18734.0,2986.0,0.0,1417.0,1367.0,0.0,0.0,0.0,0.0
106,0.34116606151404244,5000,19218,0.018232442438602448,8.366155377717615,1.0,237.13,204.5,421.3,0,0,421.0,2237.0,1812.0,17693.0,0.0,0.0,15.0,0.0,0.0,0.0,0.0,11.0,0.0,39.0,0.0,0.0,0.0,41.0,2.0,406.0,21.0,21.0,19.0,2.0,0.0,409.0,0.0,39.0,0.0,0.0,4577.0,24216326.0,597.0,1200.0,0.035762181493071074,2080.0,82.0,39.0,0.0,2.0,0.0,41.0,41.0,0,0,0,0,0,8.514198895027624,7.828271673108779,1.7849046396378696,129.12848749999998,122.01875000000001,204.20175,0,0.0,0.0,0.0,0.0,0.002080530340187028,1.4558160305023193,0,488.0,66.0,4.0,314.0,104.0,0.0,0.0,1.0,0.0,10,329.4,0.0,0.0,0.0,11.0,0.0,long_horizon,9.764348785871965,15881.0,1,0.019298865981201542,0.05209999999999998,0.8435565559932471,0.0,0.8071664309288071,0.3300455446379622,0.41379310344827586,2.2931540342298278,0.0,0.018328118015198926,0.0,1028.0,0.0,1717.0,0.0,19911.0,2705.0,0.0,1491.0,1435.0,0.0,0.0,0.0,0.0
107,0.337754400898902,5000,19363,0.03655296564102173,5.12126723502845,0.99,250.03030303030303,222.0,440.20000000000005,4,2,487.0,2293.0,1877.0,17509.0,0.0,0.0,25.0,0.0,0.0,0.0,0.0,20.0,0.0,72.0,0.0,0.0,0.0,74.0,2.0,386.0,33.0,33.0,31.0,2.0,0.0,389.0,0.0,72.0,0.0,0.0,4618.0,24417245.0,602.0,1173.0,0.06367204535542957,1882.0,148.0,72.0,0.0,2.0,0.0,74.0,74.0,0,0,0,0,0,8.378017434063478,8.6592,1.5437795874664928,123.30382500000003,115.3125,204.35950000000005,1,0.0,0.0,0.0,0.0,0.0020805303401870284,1.4558160305023193,0,587.0,76.0,1.0,381.0,129.0,0.0,3.0,1.0,0.0,10,350.5,0.0,0.0,0.0,20.0,0.0,long_horizon,9.32818327117741,15632.0,1,0.01696917477735292,0.05280875000000004,0.8076923076923077,0.0,0.8204062788550324,0.3353300303972948,0.36065573770491804,2.442792792792792,0.0,0.032272132577409504,0.02,1415.0,0.0,2148.0,0.0,19771.0,3119.0,0.0,1384.0,1303.0,0.0,0.0,0.0,0.0
108,0.334376856889913,5000,19512,0.035701293498277664,6.3278475536195185,0.99,237.92929292929293,202.0,421.2,2,1,457.0,2336.0,1981.0,16923.0,0.0,0.0,27.0,0.0,1.0,0.0,0.0,22.0,0.0,62.0,0.0,0.0,0.0,63.0,1.0,334.0,22.0,22.0,21.0,1.0,0.0,335.0,0.0,62.0,0.0,0.0,4642.0,24624620.0,655.0,1203.0,0.05351027397260274,2234.0,126.0,62.0,0.0,1.0,0.0,63.0,63.0,0,0,0,0,0,8.061598192038014,8.231701161029783,1.4408541932928831,125.70089999999999,119.39937499999999,189.50037500000002,1,0.0,0.0,0.0,0.0,0.0020805303401870284,1.4558160305023193,0,549.0,61.0,0.0,365.0,123.0,0.0,2.0,1.0,0.0,10,366.70000000000005,1.0,0.0,0.0,22.0,0.0,long_horizon,8.542655224634023,14942.0,1,0.024897223631324947,0.05675000000000001,0.8160043549265106,0.0,0.848826714801444,0.3075964484582612,0.3,2.794059405940594,0.0,0.02696917808219178,0.01,1005.0,0.0,2048.0,0.0,19238.0,2871.0,1.0,1558.0,1493.0,0.0,0.0,0.0,0.0
109,0.33103308832101386,5000,19702,0.03434672951698303,4.231419304737778,0.98,265.3265306122449,226.5,435.69999999999993,4,2,422.0,2345.0,1880.0,19449.0,0.0,0.0,18.0,0.0,0.0,0.0,0.0,16.0,0.0,47.0,0.0,0.0,0.0,48.0,1.0,438.0,25.0,25.0,24.0,1.0,0.0,440.0,0.0,47.0,0.0,0.0,4669.0,24848910.0,578.0,1321.0,0.04051172707889126,2245.0,96.0,47.0,0.0,1.0,0.0,48.0,48.0,0,0,0,0,2,8.531576830249398,8.981382978723405,1.6117468854438501,134.420275,129.490625,209.81400000000005,2,0.0,0.0,0.0,0.0,0.0020805303401870284,1.4558160305023193,0,507.0,76.0,0.0,313.0,118.0,0.0,4.0,1.0,0.0,10,463.4,0.0,0.0,0.0,16.0,0.0,long_horizon,10.345212765957447,17569.0,1,0.015599448999091553,0.040971249999999904,0.8175026680896478,0.0,0.8018018018018018,0.343719242946775,0.25,3.0869757174392927,0.0,0.02046908315565032,0.02,1137.0,0.0,1622.0,0.0,21770.0,3113.0,0.0,1545.0,1473.0,0.0,0.0,0.0,0.0
110,0.3277227574378037,5000,19872,0.0710916817188263,3.9914477499637315,0.98,252.59183673469389,237.5,465.4,5,3,494.0,2424.0,1992.0,18733.0,0.0,0.0,25.0,0.0,0.0,0.0,0.0,19.0,0.0,78.0,0.0,0.0,0.0,81.0,3.0,407.0,26.0,26.0,23.0,3.0,0.0,410.0,0.0,78.0,0.0,0.0,4700.0,25068148.0,645.0,1262.0,0.0655940594059406,2177.0,162.0,78.0,0.0,3.0,0.0,81.0,81.0,0,0,0,0,2,8.326698014629049,8.29718875502008,1.4751954369468179,131.6831,133.07000000000002,214.98625000000007,2,0.0,0.0,0.0,0.0,0.0020805303401870284,1.4558160305023193,0,593.0,76.0,1.0,373.0,143.0,0.0,5.0,1.0,0.0,10,280.5,0.0,0.0,0.0,19.0,0.0,long_horizon,9.404116465863455,16741.0,1,0.023199808542009967,0.06251249999999997,0.78575225943647,0.0,0.8218940052128584,0.31947918538830256,0.2898550724637681,2.084631578947368,0.0,0.03341584158415842,0.03,1546.0,0.0,2185.0,0.0,21134.0,3100.0,0.0,1514.0,1446.0,0.0,0.0,0.0,0.0
111,0.3244455298634257,5000,20109,0.010985855013132095,-11.507698606216675,0.93,331.0537634408602,270.0,575.8,22,10,633.0,2735.0,2019.0,24555.0,0.0,0.0,46.0,0.0,0.0,0.0,0.0,44.0,0.0,90.0,0.0,0.0,0.0,92.0,2.0,681.0,31.0,31.0,29.0,1.0,1.0,683.0,0.0,90.0,0.0,0.0,4733.0,25337690.0,664.0,1409.0,0.06654478976234003,2215.0,184.0,90.0,0.0,2.0,0.0,92.0,92.0,0,0,0,0,7,9.161554921540656,9.877601585728444,1.1776960906781222,128.42018749999997,127.954375,203.81400000000005,7,0.0,0.0,0.0,0.0,0.0020805303401870284,1.4558160305023193,0,634.0,72.0,0.0,402.0,160.0,0.0,17.0,1.0,0.0,10,671.0,0.0,0.0,0.0,44.0,0.0,long_horizon,12.161961367013372,22536.0,1,0.0208383324707992,0.059350000000000014,0.7840352595494613,0.0,0.7375096079938509,0.4110357198238108,0.3950617283950617,3.591111111111109,0.0,0.03363802559414991,0.1,3637.0,0.0,2404.0,0.0,27261.0,7973.0,0.0,1613.0,1538.0,0.0,0.0,0.0,1.0
112,0.3212010745647914,5000,20292,0.00538440328091383,2.0102235901394376,0.97,279.7938144329897,214.0,559.8000000000001,11,4,421.0,2349.0,1788.0,19896.0,0.0,0.0,13.0,0.0,0.0,0.0,0.0,11.0,0.0,41.0,0.0,0.0,0.0,44.0,3.0,530.0,32.0,32.0,29.0,2.0,1.0,533.0,0.0,41.0,0.0,0.0,4769.0,25562288.0,626.0,1273.0,0.036185610898254575,2239.0,88.0,41.0,0.0,3.0,0.0,44.0,44.0,0,0,0,0,3,9.013414275922843,9.17347509792949,1.668203325729599,128.46945000000002,128.39000000000001,204.65887500000005,3,0.0,0.0,0.0,0.0,0.0020805303401870284,1.4558160305023193,0,478.0,70.0,0.0,280.0,128.0,0.0,7.0,1.0,0.0,10,502.5,0.0,0.0,0.0,11.0,0.0,long_horizon,11.12751677852349,18108.0,1,0.013013964886568388,0.023975000000000045,0.8312801285484734,0.0,0.760018009905448,0.39044283554535864,0.2777777777777778,3.090654205607476,0.0,0.018731375053214133,0.04,1322.0,0.0,1763.0,0.0,22216.0,3412.0,0.0,1511.0,1419.0,0.0,0.0,0.0,0.0
113,0.3179890638191435,5000,20478,0.010642129927873611,-3.4444110890814836,0.95,302.85263157894735,256.0,811.6000000000005,13,6,549.0,2531.0,1852.0,22233.0,0.0,0.0,26.0,0.0,0.0,0.0,0.0,21.0,0.0,52.0,0.0,0.0,0.0,55.0,3.0,650.0,28.0,28.0,25.0,3.0,0.0,653.0,0.0,52.0,0.0,0.0,4804.0,25805810.0,625.0,1332.0,0.04227578032398262,2313.0,110.0,52.0,0.0,3.0,0.0,55.0,55.0,0,0,0,0,4,9.22221736660403,8.712742980561556,1.5401762128419472,121.96133749999998,119.10875,198.16925000000006,5,0.0,0.0,0.0,0.0,0.002080530340187028,1.4558160305023193,0,512.0,69.0,0.0,302.0,141.0,0.0,11.0,1.0,0.0,10,625.7,0.0,0.0,0.0,21.0,0.0,long_horizon,12.004859611231101,20381.0,1,0.01668500122669469,0.0269,0.8310880829015544,0.0,0.7284823284823285,0.39241487682223863,0.4,3.419140625,0.0,0.021730541288028447,0.06,614.0,0.0,4157.0,0.0,24739.0,3794.0,1.0,1639.0,1571.0,0.0,0.0,0.0,0.0
114,0.31480917318095203,5000,20663,0.0022756382822990417,-6.175772250564831,0.97,305.91752577319585,240.0,692.6000000000001,8,4,416.0,2650.0,1940.0,24689.0,0.0,0.0,18.0,0.0,0.0,0.0,0.0,15.0,0.0,73.0,0.0,0.0,0.0,75.0,2.0,685.0,26.0,26.0,24.0,1.0,1.0,687.0,0.0,73.0,0.0,0.0,4833.0,26064127.0,692.0,1518.0,0.05584905660377359,2477.0,150.0,73.0,0.0,2.0,0.0,75.0,75.0,0,0,0,0,3,9.15902104516434,8.147058823529411,1.4940819255484479,127.03921250000002,130.070625,200.87587500000006,3,0.0,0.0,0.0,0.0,0.0020805303401870284,1.4558160305023193,0,548.0,66.0,0.0,367.0,115.0,0.0,7.0,1.0,0.0,10,573.6,0.0,0.0,0.0,15.0,0.0,long_horizon,12.726288659793815,22749.0,1,0.01784315129317655,0.06227499999999986,0.8214285714285714,0.0,0.7281361297981797,0.3927892722915476,0.3050847457627119,3.3424999999999994,0.0,0.02830188679245283,0.04,1012.0,0.0,1947.0,0.0,27315.0,2550.0,0.0,1807.0,1741.0,0.0,0.0,0.0,0.0
115,0.3116610814491425,5000,20861,0.005187311675399542,-2.440854070262384,0.92,299.5,232.0,623.6000000000001,27,13,574.0,2548.0,1922.0,22383.0,0.0,2.0,13.0,0.0,0.0,0.0,0.0,8.0,0.0,47.0,0.0,0.0,0.0,50.0,3.0,580.0,46.0,46.0,41.0,3.0,0.0,583.0,0.0,47.0,0.0,0.0,4886.0,26303990.0,628.0,1305.0,0.0380690737833595,2199.0,100.0,47.0,0.0,3.0,0.0,50.0,50.0,0,0,0,0,7,8.96280973740365,9.928125,1.499415106089762,134.3843875,135.73,216.15575000000004,8,0.0,0.0,0.0,0.0,0.0020805303401870284,1.4558160305023193,0,565.0,72.0,0.0,389.0,104.0,0.0,21.0,1.0,0.0,10,572.3,0.0,0.0,0.0,8.0,0.0,long_horizon,11.645681581685745,20461.0,1,0.01367116319195717,0.037015000000000055,0.8335983041865395,0.0,0.7575883575883576,0.3967837069343676,0.23809523809523808,3.457974137931035,0.0,0.019623233908948195,0.13,2510.0,0.0,3119.0,0.0,24890.0,5968.0,0.0,1597.0,1514.0,0.0,0.0,0.0,0.0
116,0.30854447063465107,5000,21118,0.009045972488820553,4.206136485016603,0.99,271.4040404040404,212.0,510.20000000000016,7,4,436.0,2366.0,1894.0,18623.0,0.0,1.0,24.0,0.0,0.0,0.0,0.0,19.0,0.0,56.0,0.0,0.0,0.0,58.0,2.0,442.0,34.0,34.0,31.0,1.0,1.0,444.0,0.0,56.0,0.0,0.0,4926.0,26517154.0,565.0,1334.0,0.04818258664412511,2158.0,116.0,56.0,0.0,2.0,0.0,58.0,58.0,0,0,0,0,0,8.602098085496984,8.956682514527206,1.57541252257325,128.33977500000003,129.68499999999997,194.41100000000003,1,0.0,0.0,0.0,0.0,0.0020805303401870284,1.4558160305023193,0,512.0,60.0,0.0,335.0,117.0,0.0,5.0,1.0,0.0,10,557.6,0.0,0.0,0.0,19.0,0.0,long_horizon,9.832629355860613,16729.0,1,0.017294648910782823,0.045937499999999964,0.8365487674169346,0.0,0.8016085790884718,0.3844639404578367,0.36,3.0169811320754714,0.0,0.024513947590870666,0.04,788.0,0.0,1876.0,0.0,20958.0,2664.0,1.0,1548.0,1486.0,0.0,0.0,0.0,0.0
117,0.30545902592830454,5000,21311,0.025766640901565552,-2.2889184651635452,0.96,298.21875,194.0,632.5,19,8,513.0,2303.0,1719.0,20263.0,0.0,0.0,24.0,0.0,0.0,0.0,0.0,14.0,0.0,59.0,0.0,0.0,0.0,65.0,6.0,551.0,36.0,36.0,28.0,6.0,0.0,559.0,0.0,59.0,0.0,0.0,4971.0,26735264.0,509.0,1253.0,0.053842813721233174,1900.0,130.0,59.0,0.0,6.0,0.0,65.0,65.0,0,0,0,0,4,9.072684473481937,9.90104772991851,1.538861148402651,116.53359999999999,110.01875,203.2265,4,0.0,0.0,0.0,0.0,0.0020805303401870284,1.4558160305023193,0,506.0,62.0,0.0,330.0,114.0,0.0,12.0,1.0,0.0,10,678.2,0.0,0.0,0.0,14.0,0.0,long_horizon,11.787667248400233,18544.0,1,0.013986278913280546,0.037978750000000026,0.8252314814814815,0.0,0.7433425160697889,0.45718174752872964,0.3448275862068966,4.427835051546392,0.0,0.02822405557967868,0.08,1875.0,0.0,2724.0,0.0,22538.0,4898.0,2.0,1418.0,1345.0,0.0,0.0,0.0,0.0
118,0.3024044356690215,5000,21471,0.030177222564816475,6.870410625505164,0.97,225.96907216494844,183.0,449.20000000000016,10,4,425.0,2159.0,1742.0,16577.0,0.0,0.0,17.0,0.0,0.0,0.0,0.0,14.0,0.0,29.0,0.0,0.0,0.0,31.0,2.0,392.0,25.0,25.0,23.0,2.0,0.0,394.0,0.0,29.0,0.0,0.0,5003.0,26927573.0,533.0,1178.0,0.02779064381658175,2051.0,62.0,29.0,0.0,2.0,0.0,31.0,31.0,0,0,0,0,2,8.459131357180741,8.088978185993112,1.6804573968672516,120.02786250000001,109.816875,202.44562500000004,3,0.0,0.0,0.0,0.0,0.0020805303401870284,1.4558160305023193,0,514.0,71.0,1.0,314.0,128.0,0.0,7.0,1.0,0.0,10,387.79999999999995,0.0,0.0,0.0,14.0,0.0,long_horizon,9.516073478760045,14835.0,1,0.019692606671764614,0.04593749999999974,0.8214709371293001,0.0,0.806483300589391,0.37303323435911895,0.3448275862068966,3.0786885245901634,0.0,0.014358499305233904,0.04,826.0,0.0,2602.0,0.0,18713.0,2630.0,0.0,1417.0,1357.0,0.0,0.0,0.0,0.0
119,0.29938039131233124,5000,21686,0.03405443951487541,6.413648267136094,0.99,244.45454545454547,198.0,495.40000000000003,5,3,392.0,2170.0,1732.0,17295.0,0.0,1.0,15.0,0.0,0.0,0.0,0.0,14.0,0.0,35.0,0.0,0.0,0.0,36.0,1.0,408.0,30.0,30.0,28.0,1.0,0.0,410.0,0.0,35.0,0.0,0.0,5034.0,27130923.0,530.0,1220.0,0.03271889400921659,2116.0,72.0,35.0,0.0,1.0,0.0,36.0,36.0,0,0,0,0,1,8.507851333032082,8.930715935334874,1.7067609781201833,118.84343749999998,108.92625000000001,194.66362500000002,1,0.0,0.0,0.0,0.0,0.0020805303401870284,1.4558160305023193,0,497.0,59.0,0.0,305.0,133.0,0.0,5.0,1.0,0.0,10,460.4,0.0,0.0,0.0,14.0,0.0,long_horizon,9.985565819861431,15563.0,1,0.014709218455635551,0.056725000000000025,0.8175479372457873,0.0,0.7992164544564153,0.3805986813300559,0.3448275862068966,2.7323232323232323,0.0,0.016589861751152075,0.03,1279.0,0.0,1713.0,0.0,19437.0,3521.0,1.0,1474.0,1408.0,0.0,0.0,1.0,0.0
120,0.2963865873992079,5000,21911,0.020992714911699295,1.385552964033878,0.99,285.6060606060606,238.0,537.0000000000003,13,3,478.0,2374.0,1824.0,20078.0,0.0,1.0,21.0,0.0,0.0,0.0,0.0,15.0,0.0,47.0,0.0,0.0,0.0,48.0,1.0,532.0,21.0,21.0,19.0,1.0,0.0,533.0,0.0,47.0,0.0,0.0,5057.0,27362610.0,539.0,1338.0,0.040016849199663015,2180.0,96.0,47.0,0.0,1.0,0.0,48.0,48.0,0,0,0,0,1,8.95201358563804,8.991218441273325,1.6105797755285025,121.74762500000001,117.655,199.41225,1,0.0,0.0,0.0,0.0,0.0020805303401870284,1.4558160305023193,0,537.0,62.0,0.0,344.0,131.0,0.0,4.0,1.0,0.0,10,628.8,0.0,0.0,0.0,15.0,0.0,long_horizon,11.007675438596491,18254.0,1,0.014962421834212052,0.023849999999999982,0.8044181034482759,0.0,0.7638458130261409,0.4063881967330243,0.375,3.471428571428568,0.0,0.020219039595619208,0.03,1360.0,0.0,2382.0,0.0,22433.0,5117.0,0.0,1568.0,1509.0,0.0,0.0,0.0,0.0
121,0.29342272152521587,5000,22107,0.013080382719635963,-1.2347765542447202,0.93,276.18279569892474,221.0,609.1999999999999,18,7,497.0,2534.0,1917.0,21677.0,0.0,0.0,14.0,0.0,0.0,0.0,0.0,11.0,0.0,37.0,0.0,0.0,0.0,42.0,5.0,576.0,39.0,39.0,34.0,5.0,0.0,581.0,0.0,37.0,0.0,0.0,5103.0,27615008.0,619.0,1384.0,0.031176006314127862,2352.0,84.0,37.0,0.0,5.0,0.0,42.0,42.0,0,0,0,0,7,8.967554936413068,9.254042775169536,1.5191783970044486,131.709325,126.02000000000001,207.30037500000003,7,0.0,0.0,0.0,0.0,0.0020805303401870284,1.4558160305023193,0,568.0,65.0,1.0,359.0,143.0,0.0,14.0,1.0,0.0,10,521.9,0.0,0.0,0.0,11.0,0.0,long_horizon,11.307772561293689,19760.0,1,0.019542723955496506,0.050400000000000174,0.814663951120163,0.0,0.7577147623019183,0.38910790574809373,0.3142857142857143,3.241628959276018,0.0,0.016574585635359115,0.07,2542.0,0.0,1926.0,0.0,24177.0,7339.0,0.0,1618.0,1531.0,0.0,0.0,0.0,0.0
122,0.2904884943099637,5000,22222,0.05985736474394798,12.642504749988086,1.0,213.94,198.0,383.40000000000003,0,0,376.0,2065.0,1739.0,15419.0,0.0,0.0,8.0,0.0,0.0,0.0,0.0,6.0,0.0,29.0,0.0,0.0,0.0,31.0,2.0,302.0,28.0,28.0,23.0,1.0,1.0,305.0,0.0,29.0,0.0,0.0,5132.0,27799952.0,500.0,1166.0,0.029055690072639227,1950.0,62.0,29.0,0.0,2.0,0.0,31.0,31.0,0,0,0,0,0,8.237437984989187,8.192064404830361,1.8735983949679202,124.79241250000001,111.998125,209.72825000000003,0,0.0,0.0,0.0,0.0,0.0020805303401870284,1.4558160305023193,0,541.0,67.0,0.0,335.0,139.0,0.0,0.0,1.0,0.0,10,243.39999999999998,0.0,0.0,0.0,6.0,0.0,long_horizon,8.86658999424957,13680.0,1,0.016457947851491513,0.04611249999999978,0.8360755636806825,0.0,0.8431069958847737,0.32379452182855006,0.3076923076923077,2.208838383838384,0.0,0.015012106537530266,0.0,817.0,0.0,1495.0,0.0,17461.0,2547.0,3.0,1370.0,1296.0,0.0,0.0,0.0,0.0
123,0.28758360936686406,5000,22399,0.016073191538453102,1.973454178078255,0.96,267.5625,231.5,495.5,9,5,519.0,2382.0,1860.0,19699.0,0.0,3.0,22.0,0.0,0.0,0.0,0.0,18.0,0.0,48.0,0.0,0.0,0.0,49.0,1.0,489.0,34.0,34.0,30.0,1.0,0.0,490.0,0.0,48.0,0.0,0.0,5174.0,28020069.0,549.0,1284.0,0.04072208228379513,2102.0,98.0,48.0,0.0,1.0,0.0,49.0,49.0,0,0,0,0,3,8.805825242718447,8.806989247311828,1.5640062825315482,130.294375,124.4625,217.84537500000005,4,0.0,0.0,0.0,0.0,0.0020805303401870284,1.4558160305023193,0,555.0,83.0,0.0,348.0,124.0,0.0,9.0,1.0,0.0,10,393.9,0.0,0.0,0.0,18.0,0.0,long_horizon,10.590860215053764,17839.0,1,0.017727102945792318,0.04700000000000015,0.8223209328151028,0.0,0.7822222222222223,0.3440022450621609,0.42857142857142855,2.6317494600431965,0.0,0.020570948782535684,0.05,1480.0,0.0,2257.0,0.0,22051.0,3878.0,2.0,1494.0,1419.0,0.0,0.0,0.0,0.0
124,0.2847077732731954,5000,22644,0.031038127839565277,7.524605355627987,0.99,243.9090909090909,187.0,418.0,9,5,400.0,2131.0,1760.0,15774.0,0.0,0.0,19.0,0.0,0.0,0.0,0.0,16.0,0.0,37.0,0.0,0.0,0.0,41.0,4.0,346.0,28.0,28.0,24.0,4.0,0.0,351.0,0.0,37.0,0.0,0.0,5214.0,28213349.0,482.0,1225.0,0.03660253402158611,2042.0,82.0,37.0,0.0,4.0,0.0,41.0,41.0,0,0,0,0,1,8.411326840766701,9.32234223990904,1.6293237366440563,117.00796249999999,115.24812500000002,183.05037500000006,1,0.0,0.0,0.0,0.0,0.0020805303401870284,1.4558160305023193,0,525.0,75.0,0.0,320.0,130.0,0.0,6.0,1.0,0.0,11,500.0909090909091,0.0,0.0,0.0,16.0,0.0,long_horizon,8.9625,14014.0,1,0.015068793879867525,0.02881000000000028,0.8415723645026801,0.0,0.8254599701640974,0.38335397709232955,0.3333333333333333,3.0235294117647054,0.0,0.01923979352416706,0.05,1110.0,0.0,1462.0,0.0,17881.0,3386.0,0.0,1428.0,1351.0,0.0,0.0,0.0,0.0
125,0.28186069554046345,5000,22888,0.030269909650087357,-3.5024820326966455,0.94,295.5,231.5,565.1,17,6,494.0,2580.0,2022.0,21298.0,0.0,0.0,38.0,0.0,0.0,0.0,0.0,37.0,0.0,75.0,0.0,0.0,0.0,76.0,1.0,531.0,23.0,23.0,22.0,1.0,0.0,532.0,0.0,75.0,0.0,0.0,5242.0,28451268.0,563.0,1501.0,0.05852713178294574,2327.0,152.0,75.0,0.0,1.0,0.0,76.0,76.0,0,0,0,0,5,8.671995968665536,9.26805143422354,1.2995151731667247,136.96190000000004,135.93875,207.51137500000013,6,0.0,0.0,0.0,0.0,0.0020805303401870284,1.4558160305023193,0,568.0,79.0,1.0,344.0,144.0,0.0,12.0,1.0,0.0,10,603.7,0.0,0.0,0.0,37.0,0.0,long_horizon,10.533135509396637,19276.0,1,0.022740714551967463,0.060249999999999915,0.7826725403817915,0.0,0.7832110839445803,0.40764592472419015,0.4461538461538462,3.289200863930885,0.0,0.02945736434108527,0.06,2051.0,0.0,2192.0,0.0,23856.0,3881.0,2.0,1638.0,1573.0,0.0,0.0,0.0,0.0
126,0.2790420885850588,5000,23109,0.014038669876754284,-2.850631623364945,0.94,300.48936170212767,247.5,569.5000000000002,20,12,644.0,2684.0,2019.0,23042.0,0.0,0.0,21.0,0.0,0.0,0.0,0.0,15.0,0.0,50.0,0.0,0.0,0.0,54.0,4.0,623.0,42.0,42.0,38.0,1.0,3.0,627.0,0.0,50.0,0.0,0.0,5289.0,28702323.0,557.0,1445.0,0.038748137108792845,2361.0,108.0,50.0,0.0,4.0,0.0,54.0,54.0,0,0,0,0,4,9.024508768223114,8.728083209509657,1.4604805013048237,138.31292499999998,142.25187499999998,208.34099999999998,6,0.0,0.0,0.0,0.0,0.0020805303401870284,1.4558160305023193,0,586.0,77.0,1.0,374.0,134.0,0.0,18.0,1.0,0.0,10,647.4,0.0,0.0,0.0,15.0,0.0,long_horizon,11.412580485388807,21023.0,1,0.014851118583825287,0.0472125000000001,0.8239795918367347,0.0,0.753731343283582,0.38598423275146465,0.24444444444444444,3.7597979797979795,0.0,0.020119225037257823,0.12,1353.0,0.0,4542.0,0.0,25688.0,5507.0,0.0,1685.0,1610.0,0.0,0.0,0.0,0.0
127,0.2762516676992082,5000,23404,0.0070203207433223724,-4.359353052561479,0.96,333.4895833333333,231.5,609.0,17,6,608.0,2678.0,2054.0,22692.0,0.0,1.0,28.0,0.0,0.0,0.0,0.0,22.0,0.0,68.0,0.0,0.0,0.0,71.0,3.0,591.0,34.0,34.0,30.0,3.0,0.0,595.0,0.0,68.0,0.0,0.0,5333.0,28952932.0,602.0,1438.0,0.05190440627333831,2385.0,142.0,68.0,0.0,3.0,0.0,71.0,71.0,0,0,0,0,3,8.910281738532898,9.195323916220165,1.3311158140868737,129.12931249999997,125.949375,204.572625,4,0.0,0.0,0.0,0.0,0.0020805303401870284,1.4558160305023193,0,604.0,81.0,0.0,378.0,145.0,0.0,9.0,1.0,0.0,10,960.5999999999999,0.0,0.0,0.0,22.0,0.0,long_horizon,11.047711781888998,20638.0,1,0.018178635306230092,0.05210000000000002,0.810568295114656,0.0,0.7665751275009808,0.4528258238325784,0.3181818181818182,5.228941684665227,0.0,0.026512322628827484,0.06,3057.0,0.0,3517.0,0.0,25340.0,5768.0,0.0,1667.0,1592.0,0.0,0.0,1.0,0.0
128,0.27348915102221616,5000,23578,0.038932036608457565,5.653709785389768,0.99,249.7070707070707,228.0,441.40000000000026,3,2,479.0,2350.0,1895.0,18572.0,0.0,0.0,17.0,0.0,0.0,0.0,0.0,15.0,0.0,42.0,0.0,0.0,0.0,43.0,1.0,432.0,24.0,24.0,23.0,1.0,0.0,433.0,0.0,42.0,0.0,0.0,5361.0,29165782.0,532.0,1316.0,0.036170212765957444,2159.0,86.0,42.0,0.0,1.0,0.0,43.0,43.0,0,0,0,0,1,8.60555672490002,8.071277719112988,1.618089255493122,128.24828750000003,121.05875,211.2921250000001,1,0.0,0.0,0.0,0.0,0.0020805303401870284,1.4558160305023193,0,555.0,58.0,1.0,349.0,147.0,0.0,3.0,1.0,0.0,10,449.29999999999995,0.0,0.0,0.0,15.0,0.0,long_horizon,9.800527704485487,16677.0,1,0.012871997249903776,0.03341250000000007,0.8306849315068493,0.0,0.8056552962298025,0.3625355942009798,0.45714285714285713,2.6206140350877183,0.0,0.01829787234042553,0.02,1032.0,0.0,2206.0,0.0,20899.0,2118.0,1.0,1536.0,1480.0,0.0,0.0,0.0,0.0
129,0.270754259511994,5000,23735,0.021758031100034714,3.006890481145131,1.0,263.78,232.5,461.40000000000003,0,0,475.0,2564.0,2097.0,19692.0,0.0,0.0,35.0,0.0,0.0,0.0,0.0,32.0,0.0,86.0,0.0,0.0,0.0,89.0,3.0,430.0,42.0,42.0,39.0,3.0,0.0,433.0,0.0,86.0,0.0,0.0,5408.0,29395441.0,600.0,1450.0,0.06825273010920437,2302.0,178.0,86.0,0.0,3.0,0.0,89.0,89.0,0,0,0,0,0,8.383510585428883,7.724582338902148,1.4324367690782842,130.48895000000002,131.24,212.603125,0,0.0,0.0,0.0,0.0,0.0020805303401870284,1.4558160305023193,0,636.0,90.0,2.0,397.0,147.0,0.0,0.0,1.0,0.0,10,331.6,0.0,0.0,0.0,32.0,0.0,long_horizon,9.390557939914164,17595.0,1,0.023576352025657745,0.060249999999999915,0.7983067729083665,0.0,0.8218106995884774,0.31067253013875207,0.375,2.2541935483870965,0.0,0.03471138845553822,0.0,967.0,0.0,2061.0,0.0,22217.0,2708.0,0.0,1627.0,1557.0,0.0,0.0,0.0,0.0
130,0.26804671691687404,5000,23881,0.015706326812505722,9.292210088480493,0.99,225.2828282828283,187.0,430.0,3,1,476.0,2306.0,1942.0,16741.0,0.0,2.0,14.0,0.0,0.0,0.0,0.0,13.0,0.0,49.0,0.0,0.0,0.0,50.0,1.0,330.0,36.0,36.0,32.0,1.0,0.0,332.0,0.0,49.0,0.0,0.0,5447.0,29599229.0,501.0,1297.0,0.042931483087597574,2123.0,100.0,49.0,0.0,1.0,0.0,50.0,50.0,0,0,0,0,1,8.179768041237113,7.835736354273944,1.605323506580208,122.89668750000001,110.07312499999998,195.69812500000003,1,0.0,0.0,0.0,0.0,0.0020805303401870284,1.4558160305023193,0,538.0,78.0,0.0,361.0,99.0,0.0,2.0,1.0,0.0,11,346.5454545454545,0.0,0.0,0.0,13.0,0.0,long_horizon,8.620494335736355,14799.0,1,0.018972117086952674,0.0565375,0.8201928530913216,0.0,0.8472861085556578,0.3500439538640676,0.23076923076923078,2.824598930481283,0.0,0.02168256721595837,0.01,1093.0,0.0,1741.0,0.0,19015.0,2622.0,1.0,1464.0,1401.0,0.0,0.0,0.0,0.0
131,0.2653662497477053,5000,24104,0.04910998046398163,1.8076153224267595,0.96,276.7083333333333,205.5,623.5,17,7,423.0,2330.0,1782.0,20316.0,0.0,0.0,9.0,0.0,0.0,0.0,0.0,7.0,0.0,33.0,0.0,0.0,0.0,36.0,3.0,517.0,30.0,30.0,27.0,3.0,0.0,521.0,0.0,33.0,0.0,0.0,5485.0,29822889.0,519.0,1361.0,0.0296137339055794,2145.0,72.0,33.0,0.0,3.0,0.0,36.0,36.0,0,0,0,0,3,8.925938369972162,9.405162738496072,1.6860482082064083,123.75442500000001,124.77999999999997,194.92512500000004,4,0.0,0.0,0.0,0.0,0.0020805303401870284,1.4558160305023193,0,500.0,86.0,0.0,311.0,103.0,0.0,11.0,1.0,0.0,10,650.8,0.0,0.0,0.0,7.0,0.0,long_horizon,11.400673400673401,18534.0,1,0.0173754157054246,0.04573750000000043,0.8234341252699784,0.0,0.7635043123014071,0.4168407744817546,0.10714285714285714,3.588807785888078,0.0,0.015450643776824034,0.07,764.0,0.0,2094.0,0.0,22619.0,3145.0,2.0,1511.0,1437.0,0.0,0.0,0.0,0.0
132,0.2627125872502282,5000,24220,0.02303609810769558,7.886963713985113,0.99,223.24242424242425,191.0,427.6,2,1,391.0,2164.0,1805.0,15987.0,0.0,1.0,20.0,0.0,0.0,0.0,0.0,16.0,0.0,48.0,0.0,0.0,0.0,50.0,2.0,331.0,33.0,33.0,30.0,0.0,2.0,333.0,0.0,48.0,0.0,0.0,5523.0,30013731.0,440.0,1303.0,0.04528650646950092,2004.0,100.0,48.0,0.0,2.0,0.0,50.0,50.0,0,0,0,0,1,8.222147321975733,8.175360710321865,1.6289475689150137,120.83552500000002,113.673125,197.6821250000001,1,0.0,0.0,0.0,0.0,0.0020805303401870284,1.4558160305023193,0,543.0,63.0,2.0,365.0,113.0,0.0,2.0,1.0,0.0,10,298.7,0.0,0.0,0.0,16.0,0.0,long_horizon,8.857063711911357,14182.0,1,0.024863532030931414,0.04183749999999975,0.8251461988304094,0.0,0.8366045142296369,0.3586199079615666,0.37777777777777777,2.4099476439790566,0.0,0.02310536044362292,0.01,817.0,0.0,1830.0,0.0,18121.0,2187.0,0.0,1400.0,1334.0,0.0,0.0,0.0,1.0
133,0.2600854613777259,5000,24458,0.03677225112915039,-2.1079888578882837,0.94,274.4255319148936,209.0,471.6,27,11,447.0,2423.0,1856.0,20673.0,0.0,2.0,15.0,0.0,0.0,0.0,0.0,12.0,0.0,56.0,0.0,0.0,0.0,60.0,4.0,531.0,37.0,37.0,31.0,4.0,0.0,535.0,0.0,56.0,0.0,0.0,5568.0,30252549.0,506.0,1439.0,0.047874535699546014,2316.0,120.0,56.0,0.0,4.0,0.0,60.0,60.0,0,0,0,0,6,8.917279758536125,9.73800539083558,1.4498602782235561,123.45787499999999,115.61500000000001,194.23550000000003,6,0.0,0.0,0.0,0.0,0.0020805303401870284,1.4558160305023193,0,569.0,83.0,1.0,362.0,123.0,0.0,17.0,1.0,0.0,10,650.5,0.0,0.0,0.0,12.0,0.0,long_horizon,11.138469827586206,18817.0,1,0.016636246009667902,0.026900000000000028,0.8249475890985325,0.0,0.7664775207333042,0.42042474010484887,0.22916666666666666,4.195454545454538,0.0,0.024762690879075525,0.11,2007.0,0.0,1466.0,0.0,23065.0,4947.0,0.0,1561.0,1495.0,0.0,0.0,0.0,0.0
134,0.2574846067639487,5000,24792,0.0033199514728039503,-2.9330664336697048,0.93,275.1505376344086,189.0,535.5999999999999,29,10,525.0,2365.0,1759.0,20608.0,0.0,0.0,28.0,0.0,0.0,0.0,0.0,27.0,0.0,41.0,0.0,0.0,0.0,44.0,3.0,583.0,20.0,20.0,17.0,3.0,0.0,586.0,0.0,41.0,0.0,0.0,5593.0,30482636.0,484.0,1339.0,0.035940803382663845,2242.0,88.0,41.0,0.0,3.0,0.0,44.0,44.0,0,0,0,0,7,9.161153319805578,8.97098976109215,1.5132496644318134,120.03077500000003,112.41250000000001,195.29712500000008,7,0.0,0.0,0.0,0.0,0.0020805303401870284,1.4558160305023193,0,478.0,59.0,0.0,303.0,116.0,0.0,17.0,1.0,0.0,10,687.0,0.0,0.0,0.0,27.0,0.0,long_horizon,11.715747583854462,18849.0,1,0.018220743100800848,0.023949999999999978,0.831946755407654,0.0,0.7389755011135858,0.43866379076694995,0.4864864864864865,3.646560846560845,0.0,0.018604651162790697,0.1,2118.0,0.0,2554.0,0.0,22956.0,4750.0,0.0,1521.0,1458.0,0.0,0.0,0.0,1.0
135,0.2549097606963092,5000,24960,0.05842144042253494,-1.5610397858072937,0.93,301.4731182795699,215.0,731.4,21,11,472.0,2358.0,1751.0,21422.0,0.0,0.0,6.0,0.0,0.0,0.0,0.0,3.0,0.0,29.0,0.0,0.0,0.0,32.0,3.0,583.0,21.0,21.0,18.0,2.0,1.0,587.0,0.0,29.0,0.0,0.0,5621.0,30719617.0,493.0,1375.0,0.02586938083121289,2073.0,64.0,29.0,0.0,3.0,0.0,32.0,32.0,0,0,0,0,6,9.095155866581841,10.336571428571428,1.626557478682646,124.25597499999998,121.263125,206.083625,7,0.0,0.0,0.0,0.0,0.002080530340187028,0.7230657935142517,0,489.0,71.0,2.0,307.0,109.0,0.0,18.0,1.0,0.0,10,590.1,0.0,0.0,0.0,3.0,0.0,long_horizon,12.234151913192461,19671.0,1,0.014446265293702906,0.05170000000000008,0.7763941526800217,0.0,0.7377122430741734,0.41759487558874775,0.19230769230769232,3.736744186046511,0.0,0.013570822731128074,0.11,1379.0,0.0,2508.0,0.0,23762.0,4130.0,0.0,1462.0,1389.0,0.0,0.0,0.0,0.0
136,0.2523606630893461,5000,25262,0.006147485692054033,-3.5474785251888417,0.94,292.6276595744681,232.0,512.3000000000001,26,10,625.0,2613.0,1974.0,22168.0,0.0,2.0,15.0,0.0,0.0,0.0,0.0,10.0,0.0,45.0,0.0,0.0,0.0,45.0,0.0,606.0,30.0,30.0,28.0,0.0,0.0,606.0,0.0,45.0,0.0,0.0,5653.0,30966990.0,533.0,1427.0,0.03444316877152698,2191.0,90.0,45.0,0.0,0.0,0.0,45.0,45.0,0,0,0,0,6,8.999297444454202,8.866193613786113,1.4055160714285715,126.41206249999998,124.070625,201.19600000000005,6,0.0,0.0,0.0,0.0,0.0020805303401870284,0.7230657935142517,0,560.0,81.0,1.0,348.0,130.0,0.0,17.0,1.0,0.0,10,687.7,0.0,0.0,0.0,10.0,0.0,long_horizon,11.22998986828774,20194.0,1,0.013116360103626946,0.04736625000000041,0.8031088082901554,0.0,0.7556451612903226,0.4107801573139216,0.3548387096774194,3.7411637931034445,0.0,0.01722158438576349,0.1,2749.0,0.0,3187.0,0.0,24753.0,6802.0,0.0,1587.0,1522.0,0.0,0.0,0.0,0.0
137,0.24983705645845267,5000,25418,0.056218523532152176,-2.3783573620803993,0.97,318.36082474226805,258.0,698.4000000000001,15,6,480.0,2388.0,1757.0,22465.0,0.0,0.0,8.0,0.0,0.0,0.0,0.0,6.0,0.0,28.0,0.0,0.0,0.0,30.0,2.0,605.0,25.0,25.0,23.0,2.0,0.0,607.0,0.0,28.0,0.0,0.0,5681.0,31201181.0,459.0,1426.0,0.024288107202680067,2222.0,60.0,28.0,0.0,2.0,0.0,30.0,30.0,0,0,0,0,3,9.098526224534027,9.912919749573136,1.6749112628451495,125.7416625,123.47250000000001,201.80362500000004,3,0.0,0.0,0.0,0.0,0.0020805303401870284,0.7230657935142517,0,511.0,74.0,0.0,318.0,119.0,0.0,9.0,1.0,0.0,10,503.79999999999995,0.0,0.0,0.0,6.0,0.0,long_horizon,12.785998861696072,20708.0,1,0.013262394620934698,0.04594374999999999,0.803763440860215,0.0,0.7318904593639576,0.3889082700903401,0.25,2.9038759689922475,0.0,0.01256281407035176,0.06,1350.0,0.0,3393.0,0.0,24830.0,3227.0,0.0,1544.0,1490.0,0.0,0.0,0.0,0.0
138,0.24733868589386815,5000,25660,0.003022305201739073,-4.446814204185705,0.95,316.9578947368421,223.0,681.400000000001,18,9,624.0,2651.0,2001.0,22842.0,0.0,1.0,15.0,0.0,0.0,0.0,0.0,13.0,0.0,62.0,0.0,0.0,0.0,63.0,1.0,616.0,31.0,31.0,29.0,1.0,0.0,618.0,0.0,62.0,0.0,0.0,5716.0,31460158.0,490.0,1508.0,0.047152018106374954,2302.0,126.0,62.0,0.0,1.0,0.0,63.0,63.0,0,0,0,0,5,9.021910567372863,9.444,1.379364633256179,126.4220875,125.671875,201.48400000000007,5,0.0,0.0,0.0,0.0,0.0020805303401870284,0.7230657935142517,0,575.0,65.0,0.0,384.0,126.0,0.0,14.0,1.0,0.0,10,779.7,0.0,0.0,0.0,13.0,0.0,long_horizon,11.415292353823089,20841.0,1,0.015354811640807969,0.05847250000000032,0.8088459583121504,0.0,0.7546645494243748,0.4394561176279346,0.1836734693877551,4.034529147982062,0.0,0.023764617125612977,0.09,3684.0,0.0,2340.0,0.0,25464.0,6642.0,0.0,1590.0,1526.0,0.0,0.0,0.0,0.0
139,0.24486529903492946,5000,25904,0.005906878970563412,-1.373811938678046,0.9,238.77777777777777,165.0,447.00000000000017,33,11,503.0,2322.0,1762.0,19595.0,0.0,2.0,14.0,0.0,0.0,0.0,0.0,9.0,0.0,46.0,0.0,0.0,0.0,48.0,2.0,530.0,27.0,27.0,23.0,2.0,0.0,533.0,0.0,46.0,0.0,0.0,5749.0,31677570.0,438.0,1358.0,0.040482342807924204,2035.0,96.0,46.0,0.0,2.0,0.0,48.0,48.0,0,0,0,0,6,8.992248832356156,9.686152099886492,1.4999904759623237,113.26837500000002,105.23750000000001,193.07337500000003,10,0.0,0.0,0.0,0.0,0.0020805303401870284,0.7230657935142517,0,485.0,57.0,1.0,316.0,111.0,0.0,22.0,1.0,0.0,9,675.3333333333334,0.0,0.0,0.0,9.0,0.0,long_horizon,11.120885357548241,17833.0,1,0.011496663699850076,0.026900000000000035,0.8033898305084746,0.0,0.7571753986332574,0.44750840184064944,0.21428571428571427,4.991818181818174,0.0,0.020671834625323,0.11,1550.0,0.0,2483.0,0.0,21894.0,4625.0,1.0,1442.0,1378.0,0.0,0.0,0.0,0.0
140,0.24241664604458016,5000,26094,0.02469538524746895,10.529742637824045,0.97,207.35051546391753,177.0,367.4,14,4,367.0,1992.0,1651.0,14685.0,0.0,2.0,7.0,0.0,0.0,0.0,0.0,5.0,0.0,23.0,0.0,0.0,0.0,25.0,2.0,310.0,35.0,35.0,30.0,2.0,0.0,312.0,0.0,23.0,0.0,0.0,5788.0,31859483.0,388.0,1207.0,0.024096385542168676,1915.0,50.0,23.0,0.0,2.0,0.0,25.0,25.0,0,0,0,0,2,8.24754918306102,9.071515151515152,1.7906640373467377,115.0450625,107.635625,181.645875,3,0.0,0.0,0.0,0.0,0.0020805303401870284,0.7230657935142517,0,499.0,64.0,0.0,309.0,126.0,0.0,7.0,1.0,0.0,10,350.1,0.0,0.0,0.0,5.0,0.0,long_horizon,8.894609327680193,13034.0,1,0.011438749678277382,0.02397499999999997,0.8399487836107554,0.0,0.8325281803542673,0.3570958107312243,0.13636363636363635,2.3118644067796605,0.0,0.012550200803212851,0.04,837.0,0.0,1393.0,0.0,16647.0,3132.0,2.0,1323.0,1255.0,0.0,0.0,0.0,0.0
141,0.23999247958413436,5000,26268,0.027087174355983734,10.737931124999664,0.99,208.33333333333334,183.0,366.40000000000003,2,1,380.0,2059.0,1711.0,15578.0,0.0,0.0,10.0,0.0,0.0,0.0,0.0,8.0,0.0,36.0,0.0,0.0,0.0,37.0,1.0,329.0,19.0,19.0,18.0,1.0,0.0,330.0,0.0,36.0,0.0,0.0,5808.0,32044518.0,409.0,1252.0,0.035454103933948516,1968.0,74.0,36.0,0.0,1.0,0.0,37.0,37.0,0,0,0,0,1,8.239705789903816,7.956165984804208,1.8122122223845707,121.00768750000002,119.59687499999998,177.27887500000008,1,0.0,0.0,0.0,0.0,0.0020805303401870284,0.7230657935142517,0,482.0,65.0,0.0,294.0,123.0,0.0,2.0,1.0,0.0,10,289.3,0.0,0.0,0.0,8.0,0.0,long_horizon,9.104617182933957,13867.0,1,0.012301902008521,0.059350000000000014,0.8338405356055996,0.0,0.8299845440494591,0.2914674012855831,0.11764705882352941,2.2502732240437155,0.0,0.017969888295288974,0.01,1047.0,0.0,1526.0,0.0,17619.0,2832.0,1.0,1334.0,1280.0,0.0,0.0,0.0,0.0
142,0.23759255478829303,5000,26409,0.02854052558541298,5.6711977321359095,0.98,263.7959183673469,236.0,473.29999999999995,7,3,489.0,2459.0,2002.0,19511.0,0.0,0.0,18.0,0.0,0.0,0.0,0.0,15.0,0.0,52.0,0.0,0.0,0.0,53.0,1.0,421.0,35.0,35.0,34.0,1.0,0.0,422.0,0.0,52.0,0.0,0.0,5846.0,32268635.0,462.0,1474.0,0.04270028466856446,2239.0,106.0,52.0,0.0,1.0,0.0,53.0,53.0,0,0,0,0,2,8.405328115593017,8.555444555444556,1.5896704481974164,141.9802,139.719375,211.01250000000005,2,0.0,0.0,0.0,0.0,0.0020805303401870284,0.7230657935142517,0,603.0,77.0,1.0,384.0,141.0,0.0,5.0,1.0,0.0,10,344.1,0.0,0.0,0.0,15.0,0.0,long_horizon,9.745754245754245,17509.0,1,0.01798523355862101,0.059350000000000014,0.8148342977380326,0.0,0.8184165232358004,0.31112818019053523,0.3125,2.3593220338983047,0.0,0.021553477023180154,0.03,1264.0,0.0,2163.0,0.0,21936.0,2903.0,0.0,1563.0,1479.0,0.0,0.0,0.0,0.0
143,0.2352166292404101,5000,26623,0.00440629106014967,-3.835387897752909,0.91,294.64835164835165,232.0,593.0,27,13,408.0,2397.0,1791.0,22019.0,0.0,1.0,12.0,0.0,0.0,0.0,0.0,7.0,0.0,44.0,0.0,0.0,0.0,45.0,1.0,580.0,22.0,22.0,20.0,0.0,1.0,581.0,0.0,44.0,0.0,0.0,5872.0,32509884.0,438.0,1531.0,0.037129745515227366,2260.0,90.0,44.0,0.0,1.0,0.0,45.0,45.0,0,0,0,0,6,9.077879552192575,10.977666108319374,1.5222433036320926,123.24564999999998,114.2525,208.997375,9,0.0,0.0,0.0,0.0,0.0020805303401870284,0.7230657935142517,0,546.0,77.0,0.0,332.0,137.0,0.0,23.0,1.0,0.0,10,573.0,0.0,0.0,0.0,7.0,0.0,long_horizon,12.294249022892238,20228.0,1,0.014728893074327457,0.04599999999999993,0.8112820512820513,0.0,0.7442781690140845,0.43075791921501105,0.2222222222222222,3.2801724137931036,0.0,0.01877346683354193,0.13,939.0,0.0,1823.0,0.0,24396.0,4970.0,3.0,1623.0,1555.0,0.0,0.0,0.0,1.0
144,0.232864462948006,5000,26853,0.048303112387657166,-2.3150806250001,0.97,319.74226804123714,276.0,660.4000000000003,18,8,411.0,2618.0,2025.0,22509.0,0.0,1.0,17.0,0.0,0.0,0.0,0.0,16.0,0.0,56.0,0.0,0.0,0.0,58.0,2.0,560.0,34.0,34.0,31.0,2.0,0.0,562.0,0.0,56.0,0.0,0.0,5912.0,32761606.0,507.0,1669.0,0.04354469060351413,2359.0,116.0,56.0,0.0,2.0,0.0,58.0,58.0,0,0,0,0,2,8.924660800208072,10.011851851851851,1.4281757716049384,135.658525,134.128125,212.90612500000006,3,0.0,0.0,0.0,0.0,0.0020805303401870284,0.7230657935142517,0,619.0,78.0,0.0,388.0,153.0,0.0,11.0,1.0,0.0,10,581.2,0.0,0.0,0.0,16.0,0.0,long_horizon,11.115555555555556,20484.0,1,0.014241421568627458,0.04600000000000002,0.7964519140989729,0.0,0.7740249296340973,0.3829307734368639,0.23636363636363636,2.7413043478260857,0.0,0.02215431627196333,0.08,1352.0,0.0,1674.0,0.0,25096.0,4710.0,0.0,1719.0,1631.0,0.0,0.0,0.0,0.0
145,0.23053581831852593,5000,26974,0.04300040006637573,9.764805375000527,0.98,233.5612244897959,221.0,413.2,5,3,474.0,2227.0,1833.0,17094.0,0.0,0.0,14.0,0.0,0.0,0.0,0.0,9.0,0.0,40.0,0.0,0.0,0.0,41.0,1.0,371.0,22.0,22.0,21.0,1.0,0.0,372.0,0.0,40.0,0.0,0.0,5939.0,32963275.0,425.0,1307.0,0.03637180062864841,2048.0,82.0,40.0,0.0,1.0,0.0,41.0,41.0,0,0,0,0,2,8.402633839106786,8.300054555373704,1.7618366271140216,133.086375,137.2375,203.75487500000006,2,0.0,0.0,0.0,0.0,0.0020805303401870284,0.7230657935142517,0,500.0,83.0,0.0,300.0,117.0,0.0,5.0,1.0,0.0,10,277.5,0.0,0.0,0.0,9.0,0.0,long_horizon,9.32569558101473,15261.0,1,0.013474795321637428,0.03352625000000031,0.8368421052631579,0.0,0.8232779097387174,0.34038139699936076,0.3125,2.232579185520361,0.0,0.018410417602155366,0.03,1023.0,0.0,2199.0,0.0,19300.0,3597.0,0.0,1425.0,1355.0,0.0,0.0,0.0,0.0
146,0.22823046013534068,5000,27141,0.037682317197322845,8.660590690328469,0.99,254.57575757575756,245.0,397.40000000000003,2,1,444.0,2316.0,1895.0,18639.0,0.0,0.0,7.0,0.0,0.0,0.0,0.0,7.0,0.0,29.0,0.0,0.0,0.0,30.0,1.0,390.0,31.0,31.0,30.0,1.0,0.0,391.0,0.0,29.0,0.0,0.0,5974.0,33177498.0,411.0,1431.0,0.02547495682210708,2218.0,60.0,29.0,0.0,1.0,0.0,30.0,30.0,0,0,0,0,1,8.390771979610069,8.906596306068602,1.774232166721289,141.2277,143.66375,213.26912500000006,1,0.0,0.0,0.0,0.0,0.0020805303401870284,0.7230657935142517,11,542.0,96.0,1.0,338.0,107.0,0.0,2.0,1.0,0.0,10,243.8,0.0,0.0,0.0,7.0,0.0,long_horizon,9.835883905013192,16744.0,1,0.015076800797169066,0.037375000000000005,0.8387631143014909,0.0,0.8211344922232388,0.2615705922455118,0.23076923076923078,1.8595918367346935,0.0,0.012953367875647668,0.01,991.0,0.0,2263.0,0.0,20925.0,2859.0,0.0,1547.0,1476.0,0.0,0.0,0.0,1.0
147,0.22594815553398728,5000,27352,0.050117895007133484,-2.2752434671449464,0.96,332.4166666666667,222.5,820.5,13,8,380.0,2491.0,1890.0,22049.0,0.0,0.0,14.0,0.0,0.0,0.0,0.0,8.0,0.0,44.0,0.0,0.0,0.0,48.0,4.0,571.0,29.0,29.0,25.0,4.0,0.0,576.0,0.0,44.0,0.0,0.0,6013.0,33420370.0,498.0,1588.0,0.03693295865114412,2273.0,96.0,44.0,0.0,4.0,0.0,48.0,48.0,0,0,0,0,4,8.915786216347641,10.448148148148148,1.5035058440070441,129.8438875,134.525,207.98450000000003,4,0.0,0.0,0.0,0.0,0.0020805303401870284,0.7230657935142517,0,553.0,78.0,1.0,337.0,137.0,0.0,12.0,1.0,0.0,10,700.0,0.0,0.0,0.0,8.0,0.0,long_horizon,11.666137566137566,20159.0,1,0.016051788367525324,0.05934999999999996,0.7814473045167557,0.0,0.7565511411665258,0.44040512450906655,0.23684210526315788,4.08314606741573,0.0,0.019269369731031716,0.08,1054.0,0.0,1789.0,0.0,24515.0,2883.0,1.0,1665.0,1590.0,0.0,0.0,1.0,1.0
148,0.22368867397864742,5000,27543,0.0600622184574604,9.651132250095475,0.99,255.8080808080808,200.0,458.20000000000005,6,3,454.0,2296.0,1910.0,17361.0,0.0,0.0,8.0,0.0,0.0,0.0,0.0,7.0,0.0,37.0,0.0,0.0,0.0,39.0,2.0,369.0,22.0,22.0,20.0,2.0,0.0,371.0,0.0,37.0,0.0,0.0,6039.0,33629433.0,421.0,1401.0,0.033101045296167246,2173.0,78.0,37.0,0.0,2.0,0.0,39.0,39.0,0,0,0,0,1,8.307614213197969,8.295383001049318,1.7226198836893336,133.0434625,133.52375,195.28512500000005,1,0.0,0.0,0.0,0.0,0.0020805303401870284,0.7230657935142517,0,548.0,72.0,1.0,324.0,151.0,0.0,4.0,1.0,0.0,10,460.20000000000005,0.0,0.0,0.0,7.0,0.0,long_horizon,9.089528795811518,15451.0,1,0.013934330415963687,0.0472124999999999,0.8344444444444444,0.0,0.8298945437872536,0.36665888898860266,0.23529411764705882,2.759499999999996,0.0,0.016986062717770034,0.03,1154.0,0.0,1872.0,0.0,19637.0,3318.0,0.0,1509.0,1442.0,0.0,0.0,0.0,1.0
149,0.22145178723886094,5000,27743,0.034143321216106415,-5.790436272157461,0.91,287.7912087912088,175.0,856.0,36,12,511.0,2256.0,1584.0,21521.0,0.0,0.0,10.0,0.0,0.0,0.0,0.0,7.0,0.0,21.0,0.0,0.0,0.0,21.0,0.0,646.0,17.0,17.0,17.0,0.0,0.0,647.0,0.0,21.0,0.0,0.0,6057.0,33853425.0,371.0,1357.0,0.018617021276595744,2136.0,42.0,21.0,0.0,0.0,0.0,21.0,21.0,0,0,0,0,9,9.38587152652472,11.397346809854707,1.6086661732555825,112.06341249999997,114.03437500000001,191.17350000000002,9,0.0,0.0,0.0,0.0,0.0020805303401870284,0.7230657935142517,0,471.0,68.0,1.0,279.0,123.0,0.0,21.0,1.0,0.0,10,806.1,0.0,0.0,0.0,7.0,0.0,long_horizon,13.5864898989899,19937.0,1,0.012440468436550873,0.023825000000000096,0.8398597311513735,0.0,0.6963866729235101,0.48387062935155645,0.3888888888888889,5.677142857142857,0.0,0.009308510638297872,0.12,1378.0,0.0,4651.0,0.0,23760.0,4617.0,0.0,1444.0,1388.0,0.0,0.0,0.0,0.0
150,0.21923726936647234,5000,27875,0.05715275555849075,6.60882356302777,0.98,231.64285714285714,217.5,424.5,7,3,392.0,2146.0,1721.0,16692.0,0.0,0.0,25.0,0.0,8.0,0.0,0.0,22.0,0.0,37.0,0.0,0.0,0.0,40.0,3.0,408.0,17.0,17.0,14.0,3.0,0.0,413.0,0.0,37.0,0.0,0.0,6079.0,34049078.0,400.0,1340.0,0.0358807082945014,2033.0,80.0,37.0,0.0,3.0,0.0,40.0,40.0,0,0,0,0,2,8.576774646240207,8.000581395348837,1.713021993793683,120.56334999999999,115.57749999999999,184.48200000000003,2,0.0,0.0,0.0,0.0,0.0020805303401870284,0.7230657935142517,0,514.0,56.0,2.0,319.0,137.0,0.0,5.0,1.0,0.0,10,305.9,8.0,0.0,0.0,22.0,0.0,long_horizon,9.699012202208019,14971.0,1,0.014340122456417768,0.045812500000000034,0.824724318049913,0.0,0.7969518190757129,0.32603031962091045,0.47058823529411764,2.482988505747126,0.0,0.01863932898415657,0.03,1078.0,0.0,2061.0,0.0,18824.0,3144.0,0.0,1418.0,1357.0,0.0,0.0,0.0,0.0
151,0.2170448966728076,5000,28073,0.013022921979427338,4.972542284656493,0.97,235.37113402061857,218.0,412.4000000000001,11,4,457.0,2240.0,1834.0,17264.0,0.0,0.0,31.0,0.0,3.0,0.0,0.0,24.0,0.0,42.0,0.0,0.0,0.0,44.0,2.0,382.0,23.0,23.0,21.0,1.0,1.0,384.0,0.0,42.0,0.0,0.0,6105.0,34246527.0,394.0,1368.0,0.038392857142857145,1954.0,88.0,42.0,0.0,2.0,0.0,44.0,44.0,0,0,0,0,3,8.477671993652953,8.833696837513632,1.5740738636892533,125.70916249999999,117.90812500000001,198.61725000000004,3,0.0,0.0,0.0,0.0,0.0020805303401870284,0.7230657935142517,0,514.0,59.0,1.0,311.0,143.0,0.0,8.0,1.0,0.0,10,348.6,3.0,0.0,0.0,24.0,0.0,long_horizon,9.413304252998909,15430.0,1,0.012661686815740321,0.03737500000000016,0.8213670304422745,0.0,0.8186968838526912,0.34987516972537347,0.3902439024390244,2.022018348623853,0.0,0.019642857142857142,0.04,995.0,0.0,2093.0,0.0,19483.0,2397.0,2.0,1418.0,1350.0,0.0,0.0,0.0,0.0
152,0.21487444770607952,5000,28214,0.12432444840669632,4.889397488365405,0.98,254.4795918367347,226.0,459.3,10,6,465.0,2241.0,1779.0,18219.0,0.0,0.0,13.0,0.0,0.0,0.0,0.0,10.0,0.0,43.0,0.0,0.0,0.0,44.0,1.0,440.0,22.0,22.0,21.0,0.0,1.0,441.0,0.0,43.0,0.0,0.0,6130.0,34453080.0,377.0,1378.0,0.038821954484605084,2106.0,88.0,43.0,0.0,1.0,0.0,44.0,44.0,0,0,0,0,2,8.712685567286565,8.678290213723285,1.6954223017376213,123.88314999999999,125.33250000000001,181.21737500000003,2,0.0,0.0,0.0,0.0,0.0020805303401870284,0.7230657935142517,0,490.0,71.0,1.0,298.0,120.0,0.0,10.0,1.0,0.0,10,354.5,0.0,0.0,0.0,10.0,0.0,long_horizon,10.24114671163575,16440.0,1,0.016252643388579235,0.04530499999999994,0.8263127524523947,0.0,0.7919811320754717,0.31003444322514295,0.25,2.437389380530972,0.0,0.01963409192324855,0.06,880.0,0.0,2246.0,0.0,20439.0,2854.0,0.0,1444.0,1379.0,0.0,0.0,0.0,0.0
153,0.21272570322901874,5000,28345,0.052104610949754715,9.018263500000215,1.0,241.76,218.5,445.5000000000002,4,2,395.0,2091.0,1708.0,16990.0,0.0,1.0,14.0,0.0,1.0,0.0,0.0,11.0,0.0,35.0,0.0,0.0,0.0,35.0,0.0,370.0,14.0,14.0,13.0,0.0,0.0,370.0,0.0,35.0,0.0,0.0,6144.0,34648772.0,381.0,1302.0,0.03347680535628886,2121.0,70.0,35.0,0.0,0.0,0.0,35.0,35.0,0,0,0,0,0,8.493087557603687,9.077868852459016,1.8421231557377054,126.78787500000003,126.8575,209.03150000000005,0,0.0,0.0,0.0,0.0,0.0020805303401870284,0.7230657935142517,0,487.0,81.0,0.0,272.0,134.0,0.0,2.0,1.0,0.0,10,358.29999999999995,1.0,0.0,0.0,11.0,0.0,long_horizon,9.947306791569087,15282.0,1,0.010005369982025164,0.02754999999999997,0.8484122228879568,0.0,0.8129423660262892,0.33887326273990737,0.4,2.5173913043478255,0.0,0.01673840267814443,0.02,821.0,0.0,1777.0,0.0,19068.0,2585.0,0.0,1433.0,1388.0,0.0,0.0,0.0,0.0
154,0.21059844619672854,5000,28493,0.012928205542266369,11.918527431662715,0.99,213.76767676767676,187.0,364.6000000000001,3,1,447.0,2137.0,1819.0,15175.0,0.0,0.0,10.0,0.0,0.0,0.0,0.0,7.0,0.0,30.0,0.0,0.0,0.0,31.0,1.0,299.0,19.0,19.0,18.0,1.0,0.0,300.0,0.0,30.0,0.0,0.0,6164.0,34833756.0,353.0,1319.0,0.028544688816097334,2012.0,62.0,30.0,0.0,1.0,0.0,31.0,31.0,0,0,0,0,1,8.084981258885874,8.031885651456845,1.7566253924238193,126.56575,140.21125,198.74937500000001,1,0.0,0.0,0.0,0.0,0.0020805303401870284,0.7230657935142517,0,508.0,61.0,1.0,320.0,126.0,0.0,2.0,1.0,0.0,10,319.3,0.0,0.0,0.0,7.0,0.0,long_horizon,8.342495876855414,13356.0,1,0.0139499343587045,0.04721249999999999,0.8251663641863279,0.0,0.8514115898959881,0.32913169878628445,0.28,2.4748663101604267,0.0,0.014506317267197005,0.01,1279.0,0.0,1888.0,0.0,17294.0,2725.0,0.0,1391.0,1323.0,0.0,0.0,0.0,0.0
155,0.20849246173476127,5000,28601,0.10080501437187195,13.04426318632128,1.0,196.15,197.5,362.8000000000002,0,0,407.0,1905.0,1602.0,14523.0,0.0,0.0,5.0,0.0,0.0,0.0,0.0,5.0,0.0,22.0,0.0,0.0,0.0,25.0,3.0,277.0,30.0,30.0,27.0,3.0,0.0,280.0,0.0,22.0,0.0,0.0,6201.0,35001055.0,328.0,1143.0,0.024671916010498687,1737.0,50.0,22.0,0.0,3.0,0.0,25.0,25.0,0,0,0,0,0,8.139527027027027,8.12991880074953,1.9881315425378365,118.87117499999998,113.92000000000002,201.79800000000003,0,0.0,0.0,0.0,0.0,0.0020805303401870284,0.7230657935142517,0,495.0,66.0,1.0,300.0,128.0,0.0,0.0,1.0,0.0,10,228.3,0.0,0.0,0.0,5.0,0.0,long_horizon,9.065543071161049,12921.0,1,0.014029447776685567,0.04581249999999992,0.8396946564885496,0.0,0.8428731762065096,0.34313586540912566,0.13636363636363635,2.167594936708861,0.0,0.013123359580052493,0.0,1000.0,0.0,2042.0,0.0,16401.0,2780.0,0.0,1242.0,1167.0,0.0,0.0,0.0,0.0
156,0.20640753711741366,5000,28830,0.006575924344360828,3.7800358113217976,0.97,278.58762886597935,216.0,529.8000000000002,10,6,311.0,2199.0,1717.0,19080.0,0.0,0.0,18.0,0.0,0.0,0.0,0.0,16.0,0.0,20.0,0.0,0.0,0.0,20.0,0.0,461.0,22.0,22.0,20.0,0.0,0.0,461.0,0.0,20.0,0.0,0.0,6221.0,35221219.0,380.0,1488.0,0.018190086402910415,2386.0,40.0,20.0,0.0,0.0,0.0,20.0,20.0,0,0,0,0,3,8.740699043037715,10.887463556851312,1.7274956282152678,130.44222499999998,121.55999999999997,205.024375,3,0.0,0.0,0.0,0.0,0.0020805303401870284,0.7230657935142517,0,457.0,59.0,0.0,292.0,106.0,0.0,10.0,1.0,0.0,10,683.2,0.0,0.0,0.0,16.0,0.0,long_horizon,11.112405358182878,17363.0,1,0.01264622496952012,0.04287875000000012,0.829004329004329,0.0,0.7781520692974013,0.437334977344614,0.46153846153846156,4.334259259259259,0.0,0.009095043201455207,0.06,528.0,0.0,1396.0,0.0,21259.0,2094.0,2.0,1609.0,1549.0,0.0,0.0,0.0,0.0
157,0.20434346174623952,5000,28978,0.004701488651335239,6.57424562500036,0.98,254.5204081632653,217.5,484.9,4,2,400.0,2277.0,1816.0,18455.0,0.0,1.0,12.0,0.0,0.0,0.0,0.0,10.0,0.0,31.0,0.0,0.0,0.0,32.0,1.0,432.0,30.0,30.0,28.0,1.0,0.0,433.0,0.0,31.0,0.0,0.0,6254.0,35435407.0,391.0,1458.0,0.02766798418972332,2228.0,64.0,31.0,0.0,1.0,0.0,32.0,32.0,0,0,0,0,1,8.62270344681527,8.705947136563877,1.719069693006608,125.33689999999999,122.340625,204.04337500000005,2,0.0,0.0,0.0,0.0,0.0020805303401870284,0.7230657935142517,0,517.0,78.0,0.0,330.0,109.0,0.0,3.0,1.0,0.0,10,402.29999999999995,0.0,0.0,0.0,10.0,0.0,long_horizon,10.162444933920705,16639.0,1,0.012893308345672306,0.04183749999999997,0.8215266337177375,0.0,0.798510935318753,0.36307229462766966,0.30434782608695654,2.7436781609195386,0.0,0.014053579270970576,0.02,1179.0,0.0,1468.0,0.0,20704.0,2752.0,2.0,1541.0,1462.0,0.0,0.0,0.0,0.0
158,0.20230002712877712,5000,29180,0.00631316751241684,-7.1558112499997915,0.96,333.7395833333333,249.0,887.5,15,6,413.0,2767.0,1958.0,26519.0,0.0,0.0,11.0,0.0,1.0,0.0,0.0,6.0,0.0,51.0,0.0,0.0,0.0,51.0,0.0,778.0,28.0,28.0,28.0,0.0,0.0,778.0,0.0,51.0,0.0,0.0,6284.0,35708912.0,481.0,1845.0,0.03686302855077701,2539.0,102.0,51.0,0.0,0.0,0.0,51.0,51.0,0,0,0,0,3,9.250357182107924,8.376404494382022,1.5587205694586315,134.7321,139.178125,188.49350000000007,4,0.0,0.0,0.0,0.0,0.0020805303401870284,0.7230657935142517,0,531.0,81.0,1.0,326.0,123.0,0.0,10.0,1.0,0.0,10,760.0,1.0,0.0,0.0,6.0,0.0,long_horizon,13.543922369765067,24561.0,1,0.013603461178222977,0.0593499999999999,0.8194867333623315,0.0,0.704855842185129,0.4224132437550068,0.10638297872340426,3.8995983935742973,0.0,0.018431514275388507,0.06,897.0,0.0,1802.0,0.0,29258.0,2705.0,1.0,1904.0,1823.0,0.0,0.0,0.0,0.0
159,0.20027702685748935,5000,29335,0.07249414175748825,3.5777091287770855,0.99,273.7171717171717,233.0,510.60000000000014,4,1,533.0,2547.0,2046.0,20078.0,0.0,0.0,24.0,0.0,2.0,0.0,0.0,18.0,0.0,71.0,0.0,0.0,0.0,72.0,1.0,475.0,25.0,25.0,24.0,1.0,0.0,477.0,0.0,71.0,0.0,0.0,6314.0,35947296.0,423.0,1567.0,0.05614448370632116,2395.0,144.0,71.0,0.0,1.0,0.0,72.0,72.0,0,0,0,0,1,8.63880509876423,8.0386119257087,1.5177825153073936,135.25853750000002,126.2125,202.83150000000003,1,0.0,0.0,0.0,0.0,0.0020805303401870284,0.7230657935142517,0,614.0,79.0,1.0,383.0,151.0,0.0,2.0,1.0,0.0,10,411.6,2.0,0.0,0.0,18.0,0.0,long_horizon,9.81329423264907,18032.0,1,0.0160499813122229,0.040267499999999935,0.8215556685307575,0.0,0.8031366075113495,0.34129992820671085,0.3448275862068966,2.610300429184549,0.0,0.028268551236749116,0.01,1234.0,0.0,2323.0,0.0,22601.0,3541.0,2.0,1652.0,1576.0,0.0,0.0,0.0,0.0
160,0.19827425658891445,5000,29669,0.0066419560462236404,-1.5685934999999949,0.94,265.3829787234043,218.0,457.90000000000003,22,7,541.0,2358.0,1758.0,21202.0,0.0,0.0,18.0,0.0,0.0,0.0,0.0,15.0,0.0,35.0,0.0,0.0,0.0,39.0,4.0,578.0,25.0,25.0,21.0,4.0,0.0,582.0,0.0,35.0,0.0,0.0,6347.0,36176864.0,371.0,1425.0,0.031382527565733676,2068.0,78.0,35.0,0.0,4.0,0.0,39.0,39.0,3,0,0,3,4,9.044306703397613,11.142287990893568,1.588293885096701,128.49971250000002,118.109375,210.53275000000008,3,3.0,0.0,0.0,0.0,0.0020805303401870284,0.7230657935142517,0,507.0,84.0,0.0,286.0,137.0,0.0,10.0,1.0,0.0,13,735.0769230769231,0.0,0.0,0.0,15.0,0.0,long_horizon,12.060295790671217,19444.0,1,0.01316911012336979,0.026807499999999974,0.8020304568527918,0.0,0.7401785714285715,0.34262261804646976,0.2631578947368421,2.3410550458715593,0.03,0.01653944020356234,0.07,1959.0,0.0,3331.0,0.0,23539.0,5254.0,2.0,1484.0,1425.0,0.0,0.0,1.0,0.0
161,0.1962915140230253,5000,29933,0.01168846059590578,0.5356318297806648,0.93,307.8494623655914,203.0,576.1999999999999,14,7,443.0,2342.0,1789.0,20026.0,0.0,1.0,16.0,0.0,0.0,0.0,0.0,16.0,0.0,34.0,0.0,0.0,0.0,36.0,2.0,528.0,23.0,23.0,20.0,2.0,0.0,530.0,0.0,34.0,0.0,0.0,6374.0,36399058.0,338.0,1541.0,0.029888983774551667,2141.0,72.0,34.0,0.0,2.0,0.0,36.0,36.0,0,0,0,0,6,9.04227887515812,8.810402684563758,1.5917224260331546,125.74169999999998,113.12937500000001,204.3637500000001,7,0.0,0.0,0.0,0.0,0.0020805303401870284,0.7230657935142517,0,519.0,73.0,1.0,320.0,125.0,0.0,14.0,1.0,0.0,10,875.5999999999999,0.0,0.0,0.0,16.0,0.0,long_horizon,11.193963107881498,18237.0,1,0.013415232621877105,0.06011875,0.8049568965517241,0.0,0.7611536728255971,0.46365005502161427,0.4,5.752709359605902,0.0,0.015371477369769428,0.07,1118.0,0.0,2036.0,0.0,22348.0,2870.0,0.0,1554.0,1482.0,0.0,0.0,0.0,0.0
162,0.19432859888279505,5000,30047,0.053658775985240936,10.283778500000217,1.0,238.33,234.5,411.50000000000006,1,0,425.0,2345.0,1970.0,17443.0,0.0,2.0,18.0,0.0,0.0,0.0,0.0,14.0,0.0,48.0,0.0,0.0,0.0,51.0,3.0,353.0,29.0,29.0,22.0,3.0,0.0,357.0,0.0,48.0,0.0,0.0,6411.0,36607278.0,339.0,1559.0,0.04221748400852878,2184.0,102.0,48.0,0.0,3.0,0.0,51.0,51.0,0,0,0,0,0,8.156093723661291,7.8517013712544435,1.6705633756345177,140.15492500000002,134.57750000000001,221.62962500000006,0,0.0,0.0,0.0,0.0,0.0020805303401870284,0.7230657935142517,0,574.0,79.0,0.0,352.0,143.0,0.0,0.0,1.0,0.0,10,254.2,0.0,0.0,0.0,14.0,0.0,long_horizon,8.854314720812182,15473.0,1,0.014566622127204705,0.05567499999999992,0.8273650454302512,0.0,0.8396946564885496,0.30747576889187256,0.2727272727272727,2.04818763326226,0.0,0.021748400852878463,0.0,1138.0,0.0,1772.0,0.0,19766.0,2939.0,2.0,1540.0,1461.0,0.0,0.0,1.0,0.0
163,0.1923853128939671,5000,30291,0.015681544318795204,-3.9605688796583967,0.98,307.1326530612245,245.0,567.1,4,2,464.0,2611.0,1921.0,24477.0,0.0,0.0,14.0,0.0,0.0,0.0,0.0,11.0,0.0,59.0,0.0,0.0,0.0,64.0,5.0,659.0,32.0,32.0,27.0,5.0,0.0,666.0,0.0,59.0,0.0,0.0,6451.0,36873319.0,408.0,1712.0,0.047108387590961316,2544.0,128.0,59.0,0.0,5.0,0.0,64.0,64.0,0,0,0,0,2,9.173721059750179,8.648099947943779,1.6089367752073471,130.85665000000003,121.6,220.56462499999998,2,0.0,0.0,0.0,0.0,0.0020805303401870284,0.7230657935142517,0,587.0,83.0,0.0,368.0,136.0,0.0,4.0,1.0,0.0,10,677.2,0.0,0.0,0.0,11.0,0.0,long_horizon,12.741801145236856,22556.0,1,0.01789686383583819,0.06024999999999947,0.8014319809069212,0.0,0.7322074788902292,0.40633019877940213,0.25,4.003673469387755,0.0,0.024511681348142474,0.02,1220.0,0.0,2045.0,0.0,27061.0,3448.0,7.0,1746.0,1659.0,0.0,0.0,0.0,0.0
164,0.19046145976502743,5000,30497,0.009362820535898209,4.316875903331812,0.97,238.58762886597938,188.0,480.0,11,5,328.0,2118.0,1687.0,18000.0,0.0,0.0,7.0,0.0,0.0,0.0,0.0,4.0,0.0,41.0,0.0,0.0,0.0,45.0,4.0,410.0,23.0,23.0,19.0,1.0,3.0,414.0,0.0,41.0,0.0,0.0,6480.0,37079426.0,335.0,1436.0,0.04060434372049103,2090.0,90.0,41.0,0.0,4.0,0.0,45.0,45.0,0,0,0,0,3,8.541662140141227,9.145907473309608,1.7008002449078035,118.32807499999998,111.83499999999998,206.42900000000003,3,0.0,0.0,0.0,0.0,0.0020805303401870284,0.7230657935142517,0,512.0,65.0,0.0,347.0,100.0,0.0,8.0,1.0,0.0,10,446.1,0.0,0.0,0.0,4.0,0.0,long_horizon,10.669828097213989,16313.0,1,0.017940842908063987,0.06227500000000008,0.8158947970268725,0.0,0.7931034482758621,0.4022306849703168,0.21212121212121213,3.0085106382978717,0.0,0.021246458923512748,0.05,829.0,0.0,1516.0,0.0,20099.0,3485.0,1.0,1480.0,1401.0,0.0,0.0,0.0,0.0
165,0.18855684516737714,5000,30649,0.06837115436792374,4.457205681663052,0.97,238.36082474226805,193.0,482.4000000000001,8,3,352.0,2204.0,1764.0,18008.0,0.0,0.0,18.0,0.0,0.0,0.0,0.0,15.0,0.0,61.0,0.0,0.0,0.0,63.0,2.0,405.0,33.0,33.0,31.0,2.0,0.0,408.0,0.0,61.0,0.0,0.0,6518.0,37283823.0,358.0,1463.0,0.056261343012704176,2053.0,126.0,61.0,0.0,2.0,0.0,63.0,63.0,0,0,0,0,3,8.495655479526448,8.777777777777779,1.6631946790356733,122.45352500000001,122.83249999999998,193.72400000000002,3,0.0,0.0,0.0,0.0,0.0020805303401870284,0.7230657935142517,0,517.0,77.0,0.0,326.0,114.0,0.0,6.0,1.0,0.0,10,352.29999999999995,0.0,0.0,0.0,15.0,0.0,long_horizon,10.208616780045352,16244.0,1,0.014904326758206474,0.04581249999999988,0.8327740492170023,0.0,0.803088803088803,0.3578020962778963,0.3,2.7160621761658024,0.0,0.028584392014519056,0.03,905.0,0.0,1488.0,0.0,20181.0,2586.0,0.0,1458.0,1381.0,0.0,0.0,0.0,0.0
166,0.18667127671570335,5000,30793,0.020460588857531548,11.658339857135745,1.0,235.65,189.5,477.1000000000002,4,1,465.0,2146.0,1769.0,16608.0,0.0,0.0,7.0,0.0,0.0,0.0,0.0,5.0,0.0,18.0,0.0,0.0,0.0,19.0,1.0,367.0,11.0,11.0,10.0,1.0,0.0,368.0,0.0,18.0,0.0,0.0,6531.0,37477738.0,300.0,1371.0,0.017241379310344827,2071.0,38.0,18.0,0.0,1.0,0.0,19.0,19.0,0,0,0,0,0,8.41160530191458,8.421707179197286,1.9028832390001291,126.41162500000002,129.63875000000002,195.209,0,0.0,0.0,0.0,0.0,0.0020805303401870284,0.7230657935142517,0,495.0,68.0,0.0,291.0,136.0,0.0,1.0,1.0,0.0,10,385.79999999999995,0.0,0.0,0.0,5.0,0.0,long_horizon,9.388355002826456,14839.0,1,0.014237607071452843,0.02411625000000022,0.8457831325301205,0.0,0.8193421698576338,0.35385232336091654,0.21052631578947367,2.8007915567282318,0.0,0.008853681267474371,0.01,746.0,0.0,2155.0,0.0,18744.0,2642.0,0.0,1450.0,1399.0,0.0,0.0,0.0,0.0
167,0.18480456394854633,5000,30967,0.042918767780065536,11.983113499999808,1.0,221.23,219.0,343.80000000000007,4,3,395.0,2041.0,1692.0,15815.0,0.0,0.0,8.0,0.0,0.0,0.0,0.0,8.0,0.0,30.0,0.0,0.0,0.0,30.0,0.0,334.0,15.0,15.0,15.0,0.0,0.0,334.0,0.0,30.0,0.0,0.0,6547.0,37664332.0,296.0,1335.0,0.02939735423811857,1978.0,60.0,30.0,0.0,0.0,0.0,30.0,30.0,0,0,0,0,0,8.297355873428696,8.432624113475176,1.9227620271867614,124.30771249999997,119.31625,191.54100000000005,0,0.0,0.0,0.0,0.0,0.0020805303401870284,0.7230657935142517,0,484.0,66.0,0.0,275.0,143.0,0.0,3.0,1.0,0.0,10,298.9,0.0,0.0,0.0,8.0,0.0,long_horizon,9.34692671394799,14123.0,1,0.009585736386138615,0.023837500000000046,0.838490099009901,0.0,0.8265835929387332,0.31407720471907075,0.32,1.947945205479451,0.0,0.014698677119059285,0.03,1037.0,0.0,1481.0,0.0,17841.0,2918.0,0.0,1369.0,1310.0,0.0,0.0,0.0,0.0
168,0.18295651830906087,5000,31167,0.045737333595752716,0.018841305186395055,0.98,283.98979591836735,225.0,601.4,8,3,407.0,2340.0,1781.0,20942.0,0.0,0.0,11.0,0.0,0.0,0.0,0.0,9.0,0.0,50.0,0.0,0.0,0.0,51.0,1.0,538.0,20.0,20.0,19.0,1.0,0.0,540.0,0.0,50.0,0.0,0.0,6569.0,37895007.0,352.0,1562.0,0.04316239316239316,2179.0,102.0,50.0,0.0,1.0,0.0,51.0,51.0,0,0,0,0,2,8.946324659000977,9.110112359550563,1.6764936743359014,123.81991250000002,116.22125,199.50812499999998,2,0.0,0.0,0.0,0.0,0.0020805303401870284,0.7230657935142517,0,513.0,86.0,1.0,306.0,120.0,0.0,5.0,1.0,0.0,10,485.79999999999995,0.0,0.0,0.0,9.0,0.0,long_horizon,11.758562605277934,19161.0,1,0.017253683073464858,0.0521,0.781414994720169,0.0,0.7568662764520486,0.3938131682553372,0.21739130434782608,3.0146666666666664,0.0,0.021794871794871794,0.03,1106.0,0.0,1769.0,0.0,23263.0,2715.0,0.0,1513.0,1447.0,0.0,0.0,0.0,0.0
169,0.18112695312597027,5000,31346,0.02532838098704815,1.6483940735511542,0.95,255.74736842105264,202.0,524.0,13,6,475.0,2423.0,1853.0,20655.0,0.0,0.0,13.0,0.0,0.0,0.0,0.0,11.0,0.0,42.0,0.0,0.0,0.0,43.0,1.0,528.0,39.0,39.0,37.0,1.0,0.0,529.0,0.0,42.0,0.0,0.0,6608.0,38124668.0,378.0,1533.0,0.035080478745357,2296.0,86.0,42.0,0.0,1.0,0.0,43.0,43.0,0,0,0,0,5,8.823726573195486,8.357798165137615,1.6212604331750209,129.14535,124.831875,205.19400000000002,5,0.0,0.0,0.0,0.0,0.0020805303401870284,0.7230657935142517,0,521.0,77.0,0.0,323.0,121.0,0.0,11.0,1.0,0.0,10,413.0,0.0,0.0,0.0,11.0,0.0,long_horizon,11.146788990825687,18802.0,1,0.013277030532658475,0.045812500000000034,0.8170666666666667,0.0,0.7681858019281332,0.36373672079441266,0.3055555555555556,2.8876237623762373,0.0,0.017746595130004126,0.06,1036.0,0.0,2223.0,0.0,23041.0,3200.0,3.0,1561.0,1480.0,0.0,0.0,0.0,0.0
170,0.17931568359471056,5000,31494,0.016988489776849747,10.559560876436688,0.99,226.95959595959596,207.0,393.4000000000001,3,1,433.0,2181.0,1813.0,16786.0,0.0,1.0,10.0,0.0,0.0,0.0,0.0,8.0,0.0,38.0,0.0,0.0,0.0,39.0,1.0,344.0,26.0,26.0,24.0,1.0,0.0,345.0,0.0,38.0,0.0,0.0,6638.0,38321672.0,321.0,1403.0,0.03530490600641907,2089.0,78.0,38.0,0.0,1.0,0.0,39.0,39.0,0,0,0,0,1,8.306538237011091,8.190397350993377,1.8276960811766758,126.8603125,128.77875,185.027375,1,0.0,0.0,0.0,0.0,0.0020805303401870284,0.7230657935142517,0,532.0,70.0,0.0,330.0,132.0,0.0,2.0,1.0,0.0,10,292.0,0.0,0.0,0.0,8.0,0.0,long_horizon,9.258687258687258,14973.0,1,0.014859878529842862,0.04599999999999993,0.8404004711425206,0.0,0.8323615160349854,0.3235730845326288,0.19444444444444445,2.4144927536231884,0.0,0.017881705639614855,0.01,1261.0,0.0,1916.0,0.0,18943.0,3342.0,0.0,1450.0,1374.0,0.0,0.0,0.0,0.0
171,0.17752252675876345,5000,31707,0.007340824697166681,3.04416580518682,0.97,293.82474226804123,255.0,513.0000000000006,7,3,477.0,2635.0,2101.0,21725.0,0.0,0.0,7.0,0.0,0.0,0.0,0.0,7.0,0.0,49.0,0.0,0.0,0.0,52.0,3.0,505.0,29.0,29.0,26.0,3.0,0.0,509.0,0.0,49.0,0.0,0.0,6675.0,38567829.0,381.0,1751.0,0.038330170777988615,2394.0,104.0,49.0,0.0,3.0,0.0,52.0,52.0,0,0,0,0,3,8.647969052224372,8.764285714285714,1.5772649614432368,143.70507499999997,145.8225,215.49325000000002,3,0.0,0.0,0.0,0.0,0.0020805303401870284,0.7230657935142517,0,582.0,97.0,0.0,344.0,141.0,0.0,6.0,1.0,0.0,10,448.1,0.0,0.0,0.0,7.0,0.0,long_horizon,10.340314136125654,19624.0,1,0.017883671537647732,0.059350000000000125,0.8107465525439848,0.0,0.7972111553784861,0.3196552698277544,0.13333333333333333,2.4047058823529395,0.0,0.019734345351043642,0.03,1243.0,0.0,2031.0,0.0,24334.0,3319.0,0.0,1724.0,1627.0,0.0,0.0,0.0,0.0
172,0.17574730149117582,5000,31899,0.055563755333423615,4.4666549304565635,0.98,269.4795918367347,253.0,506.59999999999997,4,2,533.0,2587.0,2106.0,20120.0,0.0,0.0,29.0,0.0,0.0,0.0,0.0,23.0,0.0,51.0,0.0,0.0,0.0,51.0,0.0,458.0,22.0,22.0,22.0,0.0,0.0,458.0,0.0,51.0,0.0,0.0,6699.0,38800263.0,359.0,1673.0,0.039427908774642445,2238.0,102.0,51.0,0.0,0.0,0.0,51.0,51.0,0,0,0,0,1,8.518903683545535,8.148148148148149,1.4981717862322308,139.898125,145.55375,223.752625,2,0.0,0.0,0.0,0.0,0.0020805303401870284,0.7230657935142517,0,610.0,68.0,1.0,396.0,145.0,0.0,4.0,1.0,0.0,10,395.0,0.0,0.0,0.0,23.0,0.0,long_horizon,9.553656220322887,18014.0,1,0.013818972261792987,0.04593749999999974,0.7950248756218905,0.0,0.8141233766233766,0.37863753930516886,0.5,2.5387351778656124,0.0,0.019713954387321223,0.02,1357.0,0.0,2227.0,0.0,22685.0,2780.0,0.0,1604.0,1530.0,0.0,0.0,0.0,0.0
173,0.17398982847626407,5000,32060,0.07270675897598267,8.193382157855254,0.99,251.010101010101,219.0,436.0000000000001,3,2,391.0,2335.0,1911.0,18347.0,0.0,0.0,13.0,0.0,0.0,0.0,0.0,11.0,0.0,39.0,0.0,0.0,0.0,40.0,1.0,405.0,20.0,20.0,19.0,0.0,1.0,406.0,0.0,39.0,0.0,0.0,6721.0,39015702.0,332.0,1593.0,0.033832976445396144,2247.0,80.0,39.0,0.0,1.0,0.0,40.0,40.0,0,0,0,0,1,8.401237201365188,8.372251308900523,1.7088888580184793,133.1003,139.70062500000003,198.66499999999996,1,0.0,0.0,0.0,0.0,0.0020805303401870284,0.7230657935142517,0,537.0,90.0,1.0,326.0,120.0,0.0,3.0,1.0,0.0,10,386.4,0.0,0.0,0.0,11.0,0.0,long_horizon,9.6007326007326,16436.0,1,0.013211539238180912,0.04600000000000013,0.8283464566929134,0.0,0.8168696436626072,0.3250338394000365,0.2777777777777778,2.6821917808219173,0.0,0.017130620985010708,0.02,1074.0,0.0,1632.0,0.0,20663.0,2745.0,0.0,1606.0,1529.0,0.0,0.0,0.0,0.0
174,0.17224993019150142,5000,32244,0.00761179206892848,0.6545680155068524,0.96,281.25,200.0,606.0,15,6,405.0,2434.0,1883.0,20747.0,0.0,0.0,18.0,0.0,0.0,0.0,0.0,15.0,0.0,57.0,0.0,0.0,0.0,63.0,6.0,513.0,38.0,38.0,32.0,6.0,0.0,521.0,0.0,57.0,0.0,0.0,6770.0,39253242.0,349.0,1648.0,0.049301561216105176,2459.0,126.0,57.0,0.0,6.0,0.0,63.0,63.0,0,0,0,0,4,8.723685448217477,9.147105682421667,1.5569204261816256,134.53798749999999,135.504375,199.87399999999997,4,0.0,0.0,0.0,0.0,0.002080530340187028,0.7230657935142517,0,573.0,69.0,1.0,365.0,138.0,0.0,10.0,1.0,0.0,10,610.3,0.0,0.0,0.0,15.0,0.0,long_horizon,11.01805629314923,18864.0,1,0.012883263144461459,0.04581249999999983,0.822868810617662,0.0,0.7738715277777778,0.38335030864197517,0.18867924528301888,3.68625,0.0,0.025883319638455218,0.06,915.0,0.0,1535.0,0.0,23149.0,2909.0,0.0,1687.0,1597.0,0.0,0.0,2.0,0.0
175,0.1705274308895864,5000,32415,0.037320591509342194,11.641691949145484,0.98,217.6122448979592,183.0,372.0,6,4,485.0,2166.0,1754.0,15523.0,0.0,0.0,13.0,0.0,0.0,0.0,0.0,8.0,0.0,32.0,0.0,0.0,0.0,33.0,1.0,331.0,82.0,82.0,23.0,1.0,58.0,390.0,0.0,32.0,0.0,0.0,6854.0,39440251.0,307.0,1351.0,0.030009233610341645,1995.0,124.0,32.0,0.0,1.0,0.0,91.0,33.0,0,0,0,0,2,8.15983348050965,8.379566210045661,1.8681149767987901,125.8959375,126.9725,197.80849999999998,2,0.0,0.0,0.0,0.0,0.0020805303401870284,0.7230657935142517,0,477.0,70.0,0.0,292.0,115.0,0.0,6.0,1.0,0.0,10,353.4,0.0,0.0,0.0,8.0,0.0,long_horizon,8.85005701254276,13769.0,1,0.013216496479915919,0.028087500000000154,0.8410757946210269,0.0,0.8091976516634051,0.33994338615123443,0.3448275862068966,2.6483606557377017,0.0,0.015235457063711912,0.04,1013.0,0.0,2184.0,0.0,17666.0,2326.0,59.0,1404.0,1328.0,0.0,0.0,0.0,0.0
176,0.16882215658069055,5000,32512,0.08315444737672806,12.96412621612902,1.0,199.11,194.5,327.3000000000001,1,0,422.0,2098.0,1803.0,14262.0,0.0,0.0,26.0,0.0,1.0,0.0,0.0,23.0,0.0,39.0,0.0,0.0,0.0,41.0,2.0,274.0,25.0,25.0,23.0,2.0,0.0,276.0,0.0,39.0,0.0,0.0,6882.0,39621929.0,277.0,1376.0,0.03813155386081983,1995.0,82.0,39.0,0.0,2.0,0.0,41.0,41.0,0,0,0,0,0,7.904925701706109,7.423098278734036,1.7487471929112188,121.6292125,112.500625,194.16350000000003,0,0.0,0.0,0.0,0.0,0.0020805303401870284,0.7230657935142517,0,504.0,54.0,1.0,314.0,135.0,0.0,0.0,1.0,0.0,10,192.10000000000002,1.0,0.0,0.0,23.0,0.0,long_horizon,7.9101497504159735,12459.0,1,0.015655119315850067,0.05040000000000011,0.8292383292383292,0.0,0.8605356240525518,0.28896740495203654,0.47368421052631576,1.9753213367609255,0.0,0.019542421353670163,0.0,978.0,0.0,1516.0,0.0,16337.0,2522.0,0.0,1379.0,1296.0,0.0,0.0,0.0,1.0
177,0.16713393501488363,5000,32633,0.09686599671840668,13.12882830020281,1.0,216.2,180.5,390.50000000000006,0,0,427.0,2154.0,1824.0,15686.0,0.0,0.0,7.0,0.0,0.0,0.0,0.0,3.0,0.0,31.0,0.0,0.0,0.0,34.0,3.0,303.0,29.0,29.0,26.0,2.0,1.0,307.0,0.0,31.0,0.0,0.0,6916.0,39813533.0,296.0,1405.0,0.030176415970287838,2052.0,68.0,31.0,0.0,3.0,0.0,34.0,34.0,0,0,0,0,0,8.098749218261414,7.938048245614035,1.836637753925145,129.55816249999998,124.775625,203.91200000000003,0,0.0,0.0,0.0,0.0,0.0020805303401870284,0.7230657935142517,0,555.0,67.0,3.0,338.0,147.0,0.0,0.0,1.0,0.0,10,293.3,0.0,0.0,0.0,3.0,0.0,long_horizon,8.599780701754385,13862.0,1,0.015600663825372268,0.045789999999999935,0.8428912783751493,0.0,0.8488429345150172,0.306622571692877,0.1935483870967742,2.4088642659279773,0.0,0.015784586815227482,0.0,1448.0,0.0,1604.0,0.0,17814.0,3115.0,2.0,1440.0,1354.0,0.0,0.0,0.0,0.0
178,0.16546259566473479,5000,32785,0.06976281106472015,6.791588886348428,0.99,247.42424242424244,213.0,408.40000000000003,3,2,412.0,2319.0,1901.0,17825.0,0.0,0.0,10.0,0.0,0.0,0.0,0.0,8.0,0.0,43.0,0.0,0.0,0.0,43.0,0.0,391.0,26.0,26.0,26.0,0.0,0.0,391.0,0.0,43.0,0.0,0.0,6942.0,40022838.0,305.0,1576.0,0.03708495040965933,2177.0,86.0,43.0,0.0,0.0,0.0,43.0,43.0,0,0,0,0,1,8.342830478700044,8.255654918463966,1.6036218930276769,122.38767500000002,120.58000000000001,203.20175000000006,1,0.0,0.0,0.0,0.0,0.0020805303401870284,0.7230657935142517,0,538.0,70.0,0.0,325.0,143.0,0.0,3.0,1.0,0.0,10,420.29999999999995,0.0,0.0,0.0,8.0,0.0,long_horizon,9.376643871646502,15924.0,1,0.01624214426117168,0.06366250000000012,0.790948275862069,0.0,0.8216240875912408,0.3552075150360514,0.14285714285714285,2.994835680751172,0.0,0.018542475204829666,0.02,1531.0,0.0,1529.0,0.0,20118.0,2967.0,1.0,1574.0,1515.0,0.0,0.0,0.0,0.0
179,0.16380796970808745,5000,32923,0.01690678298473358,10.33110278977496,1.0,230.3,177.0,468.5000000000002,2,1,490.0,2135.0,1750.0,16473.0,0.0,0.0,3.0,0.0,0.0,0.0,0.0,3.0,0.0,28.0,0.0,0.0,0.0,31.0,3.0,361.0,25.0,25.0,22.0,3.0,0.0,366.0,0.0,28.0,0.0,0.0,6973.0,40213535.0,284.0,1339.0,0.02763466042154567,1927.0,62.0,28.0,0.0,3.0,0.0,31.0,31.0,0,0,0,0,0,8.349964362081254,8.252,1.8879015912295452,122.949825,105.345625,205.63487500000002,0,0.0,0.0,0.0,0.0,0.0020805303401870284,0.7230657935142517,0,500.0,58.0,5.0,298.0,139.0,0.0,1.0,1.0,0.0,10,407.70000000000005,0.0,0.0,0.0,3.0,0.0,long_horizon,9.413142857142857,14723.0,1,0.019083130310438665,0.052099999999999924,0.8204005006257822,0.0,0.8184523809523809,0.3650169344333478,0.12,3.233050847457627,0.0,0.014519906323185013,0.01,1267.0,0.0,2310.0,0.0,18586.0,3111.0,0.0,1349.0,1284.0,0.0,0.0,0.0,0.0
180,0.16216989001100657,5000,33098,0.06314504146575928,-0.024517265833407968,1.0,285.2,237.5,593.7,3,3,411.0,2450.0,1872.0,21249.0,0.0,0.0,21.0,0.0,0.0,0.0,0.0,17.0,0.0,47.0,0.0,0.0,0.0,53.0,6.0,555.0,28.0,28.0,22.0,6.0,0.0,562.0,0.0,47.0,0.0,0.0,7011.0,40464755.0,339.0,1678.0,0.04081632653061224,2419.0,106.0,47.0,0.0,6.0,0.0,53.0,53.0,0,0,0,0,0,8.916670488420086,8.299679487179487,1.638699756461702,118.9533375,114.61125000000001,192.56075000000013,0,0.0,0.0,0.0,0.0,0.002080530340187028,0.7230657935142517,0,584.0,69.0,1.0,367.0,147.0,0.0,3.0,1.0,0.0,10,437.79999999999995,0.0,0.0,0.0,17.0,0.0,long_horizon,11.350961538461538,19377.0,1,0.04099786459293286,0.07458500000000039,0.7581699346405228,0.0,0.7592116538131962,0.3769726507713884,0.275,2.8130526315789472,0.0,0.02163265306122449,0.03,833.0,0.0,1812.0,0.0,23677.0,5956.0,0.0,1653.0,1567.0,0.0,0.0,1.0,0.0
181,0.1605481911108965,5000,33207,0.06138657033443451,10.726316422480659,1.0,221.45,212.0,358.6,0,0,372.0,2149.0,1804.0,15926.0,0.0,1.0,11.0,0.0,0.0,0.0,0.0,10.0,0.0,15.0,0.0,0.0,0.0,17.0,2.0,323.0,26.0,26.0,23.0,2.0,0.0,325.0,0.0,15.0,0.0,0.0,7045.0,40660079.0,305.0,1449.0,0.014890646812470917,2164.0,34.0,15.0,0.0,2.0,0.0,17.0,17.0,0,0,0,0,0,8.1240691734876,8.03771491957848,1.7714572904536536,127.09202499999999,131.56375,198.53887500000002,0,0.0,0.0,0.0,0.0,0.0020805303401870284,0.7230657935142517,0,483.0,82.0,1.0,287.0,113.0,0.0,0.0,1.0,0.0,10,196.7,0.0,0.0,0.0,10.0,0.0,long_horizon,8.828159645232816,14122.0,1,0.014225486694585622,0.06024999999999997,0.8230190861769809,0.0,0.8398225726959093,0.27626778053736745,0.4375,1.8900943396226413,0.0,0.007910656119125175,0.0,613.0,0.0,1417.0,0.0,18052.0,2305.0,1.0,1502.0,1423.0,0.0,0.0,0.0,0.0
182,0.15894270919978754,5000,33344,0.08040797710418701,10.047328420814623,0.99,218.1010101010101,192.0,394.6,2,1,441.0,2118.0,1748.0,15740.0,0.0,0.0,10.0,0.0,0.0,0.0,0.0,8.0,0.0,36.0,0.0,0.0,0.0,36.0,0.0,350.0,20.0,20.0,20.0,0.0,0.0,350.0,0.0,36.0,0.0,0.0,7069.0,40848844.0,287.0,1370.0,0.0339943342776204,1911.0,72.0,36.0,0.0,0.0,0.0,36.0,36.0,0,0,0,0,1,8.355686761963952,7.8494562106468235,1.7615600078064155,118.8100875,116.17750000000001,192.427125,1,0.0,0.0,0.0,0.0,0.002080530340187028,0.7230657935142517,0,496.0,65.0,1.0,298.0,132.0,0.0,2.0,1.0,0.0,10,302.3,0.0,0.0,0.0,8.0,0.0,long_horizon,9.004576659038902,13992.0,1,0.017671583734681175,0.05212749999999996,0.788895668090299,0.0,0.8248248248248248,0.34900318486831994,0.32,2.342708333333333,0.0,0.0169971671388102,0.01,997.0,0.0,1930.0,0.0,17838.0,2393.0,2.0,1321.0,1261.0,0.0,0.0,0.0,0.0
183,0.15735328210778965,5000,33461,0.049212872982025146,10.91851538228459,1.0,240.55,233.0,384.5000000000001,0,0,505.0,2352.0,1953.0,17466.0,0.0,1.0,7.0,0.0,0.0,0.0,0.0,7.0,0.0,27.0,0.0,0.0,0.0,30.0,3.0,370.0,32.0,32.0,28.0,3.0,0.0,374.0,0.0,27.0,0.0,0.0,7109.0,41059119.0,287.0,1532.0,0.02423469387755102,2216.0,60.0,27.0,0.0,3.0,0.0,30.0,30.0,0,0,0,0,0,8.290912148903963,7.8366615463389655,1.7606761907069597,137.698825,140.9975,210.591875,0,0.0,0.0,0.0,0.0,0.002080530340187028,0.7230657935142517,0,574.0,94.0,1.0,322.0,157.0,0.0,0.0,1.0,0.0,10,244.89999999999998,0.0,0.0,0.0,7.0,0.0,long_horizon,8.943164362519202,15513.0,1,0.01260182092609879,0.027242499999999926,0.851147174034695,0.0,0.8320610687022901,0.2661745998752858,0.20833333333333334,2.0336909871244635,0.0,0.012755102040816327,0.0,1331.0,0.0,2012.0,0.0,19790.0,3673.0,0.0,1547.0,1451.0,0.0,0.0,1.0,0.0
184,0.15577974928671176,5000,33658,0.0387553945183754,-1.8528506886787008,0.95,294.94736842105266,241.0,644.0000000000003,20,7,426.0,2301.0,1658.0,22121.0,0.0,0.0,12.0,0.0,0.0,0.0,0.0,9.0,0.0,22.0,0.0,0.0,0.0,23.0,1.0,622.0,18.0,18.0,17.0,1.0,0.0,623.0,0.0,22.0,0.0,0.0,7128.0,41306417.0,294.0,1564.0,0.01955671447196871,2210.0,46.0,22.0,0.0,1.0,0.0,23.0,23.0,0,0,0,0,4,9.245042430637998,9.681544028950542,1.7774640190866193,123.6539875,120.54124999999999,196.97799999999998,5,0.0,0.0,0.0,0.0,0.0020805303401870284,0.7230657935142517,0,489.0,60.0,2.0,293.0,134.0,0.0,12.0,1.0,0.0,10,563.3,0.0,0.0,0.0,9.0,0.0,long_horizon,13.341978287092884,20463.0,1,0.011625077985004244,0.022156250000000037,0.845108695652174,0.0,0.7143512150389729,0.3906352605281942,0.3181818181818182,2.914522821576763,0.0,0.009995654063450673,0.07,1705.0,0.0,1824.0,0.0,24405.0,7105.0,0.0,1521.0,1456.0,0.0,0.0,0.0,0.0
185,0.15422195179384465,5000,33844,0.06438922137022018,6.786958630214132,0.99,243.5151515151515,205.0,474.0,4,1,391.0,2275.0,1849.0,17884.0,0.0,0.0,19.0,0.0,0.0,0.0,0.0,16.0,0.0,33.0,0.0,0.0,0.0,33.0,0.0,401.0,26.0,26.0,26.0,0.0,0.0,401.0,0.0,33.0,0.0,0.0,7156.0,41521444.0,313.0,1545.0,0.029010989010989013,2271.0,66.0,33.0,0.0,0.0,0.0,33.0,33.0,0,0,0,0,1,8.425102543068089,8.239848402815376,1.6829988555934237,128.10174999999998,126.3625,207.93025000000011,1,0.0,0.0,0.0,0.0,0.0020805303401870284,0.7230657935142517,0,558.0,72.0,3.0,342.0,141.0,0.0,2.0,1.0,0.0,11,371.72727272727275,0.0,0.0,0.0,16.0,0.0,long_horizon,9.672255273120605,16035.0,1,0.01812648034105656,0.04450374999999995,0.8335152838427947,0.0,0.8134883720930233,0.36195788983245425,0.2903225806451613,2.5278048780487805,0.0,0.014505494505494506,0.01,937.0,0.0,1555.0,0.0,20133.0,3609.0,0.0,1564.0,1492.0,0.0,0.0,0.0,0.0
186,0.1526797322759062,5000,34081,0.020944839343428612,-6.001850441401021,0.95,309.06315789473683,200.0,712.8000000000003,16,8,513.0,2415.0,1742.0,22471.0,0.0,0.0,34.0,0.0,0.0,0.0,0.0,26.0,0.0,46.0,0.0,0.0,0.0,48.0,2.0,655.0,16.0,16.0,14.0,1.0,1.0,657.0,0.0,46.0,0.0,0.0,7180.0,41768641.0,306.0,1582.0,0.038923395445134575,2220.0,96.0,46.0,0.0,2.0,0.0,48.0,48.0,0,0,0,0,5,9.290841477125314,9.800114876507754,1.5519748763787051,118.71045,108.21437499999999,224.00825000000006,5,0.0,0.0,0.0,0.0,0.0020805303401870284,0.7230657935142517,0,553.0,72.0,1.0,363.0,117.0,0.0,13.0,1.0,0.0,10,686.2,0.0,0.0,0.0,26.0,0.0,long_horizon,12.899540757749714,20729.0,1,0.01172921329147813,0.023824999999999874,0.799786438868126,0.0,0.7142235754675946,0.4311670153210758,0.5897435897435898,4.126499999999999,0.0,0.01987577639751553,0.08,1565.0,0.0,3272.0,0.0,24872.0,6465.0,1.0,1576.0,1507.0,0.0,0.0,0.0,0.0
187,0.15115293495314713,5000,34209,0.04416520521044731,10.623023875000287,0.99,221.21212121212122,171.0,416.40000000000003,3,2,372.0,2060.0,1706.0,15898.0,0.0,0.0,10.0,0.0,0.0,0.0,0.0,9.0,0.0,30.0,0.0,0.0,0.0,30.0,0.0,336.0,18.0,18.0,18.0,0.0,0.0,336.0,0.0,30.0,0.0,0.0,7200.0,41953043.0,275.0,1395.0,0.02912621359223301,1873.0,60.0,30.0,0.0,0.0,0.0,30.0,30.0,0,0,0,0,0,8.312492300110879,8.538686987104338,1.8347376245603755,122.56010000000002,117.57875000000001,191.15287500000008,1,0.0,0.0,0.0,0.0,0.0020805303401870284,0.7230657935142517,0,489.0,53.0,0.0,303.0,133.0,0.0,3.0,1.0,0.0,10,330.2,0.0,0.0,0.0,9.0,0.0,long_horizon,9.318874560375146,14192.0,1,0.014831976840885263,0.045981250000000036,0.822639225181598,0.0,0.8269824922760041,0.3276066602093999,0.15384615384615385,2.983625730994152,0.0,0.014563106796116505,0.02,999.0,0.0,1470.0,0.0,17940.0,2432.0,0.0,1387.0,1328.0,0.0,0.0,0.0,0.0
188,0.14964140560361566,5000,34336,0.010773989371955395,6.8599449363214795,0.99,253.88888888888889,236.0,447.2,4,1,358.0,2260.0,1816.0,18471.0,0.0,1.0,17.0,0.0,0.0,0.0,0.0,12.0,0.0,44.0,0.0,0.0,0.0,46.0,2.0,422.0,24.0,24.0,21.0,2.0,0.0,424.0,0.0,44.0,0.0,0.0,7227.0,42169756.0,274.0,1607.0,0.03982300884955752,2312.0,92.0,44.0,0.0,2.0,0.0,46.0,46.0,0,0,0,0,1,8.457523950669561,8.71806167400881,1.7476260496396556,127.48308749999998,127.638125,207.27925000000005,1,0.0,0.0,0.0,0.0,0.0020805303401870284,0.7230657935142517,0,529.0,86.0,0.0,335.0,108.0,0.0,2.0,1.0,0.0,10,288.70000000000005,0.0,0.0,0.0,12.0,0.0,long_horizon,10.17125550660793,16655.0,1,0.0162170160170561,0.0504,0.8287560581583199,0.0,0.8018691588785046,0.3031717613774505,0.3333333333333333,2.1156779661016936,0.0,0.020353982300884955,0.01,848.0,0.0,1479.0,0.0,20710.0,2492.0,0.0,1588.0,1514.0,0.0,0.0,0.0,0.0
189,0.1481449915475795,5000,34480,0.020408598706126213,5.5887808113217625,0.98,253.25510204081633,235.5,454.69999999999993,6,4,433.0,2320.0,1877.0,18579.0,0.0,0.0,15.0,0.0,0.0,0.0,0.0,12.0,0.0,53.0,0.0,0.0,0.0,56.0,3.0,427.0,18.0,18.0,15.0,1.0,2.0,430.0,0.0,53.0,0.0,0.0,7249.0,42387964.0,290.0,1582.0,0.04698275862068965,2240.0,112.0,53.0,0.0,3.0,0.0,56.0,56.0,0,0,0,0,2,8.50473534673261,8.386460554371002,1.6424861447232895,130.486225,126.98125,206.589875,2,0.0,0.0,0.0,0.0,0.0020805303401870284,0.7230657935142517,0,537.0,74.0,3.0,333.0,127.0,0.0,6.0,1.0,0.0,10,339.29999999999995,0.0,0.0,0.0,12.0,0.0,long_horizon,9.898241875332978,16702.0,1,0.015062791753738439,0.05966875000000016,0.7995689655172413,0.0,0.8051653828726778,0.3372280617795287,0.2127659574468085,2.295116772823779,0.0,0.02413793103448276,0.04,843.0,0.0,1954.0,0.0,20884.0,3226.0,2.0,1536.0,1483.0,0.0,0.0,0.0,0.0
190,0.1466635416321037,5000,34650,0.05187954381108284,9.068390625000399,0.98,237.12244897959184,210.0,412.79999999999995,4,2,435.0,2184.0,1790.0,17082.0,0.0,0.0,14.0,0.0,0.0,0.0,0.0,12.0,0.0,39.0,0.0,0.0,0.0,39.0,0.0,384.0,12.0,12.0,12.0,0.0,0.0,384.0,0.0,39.0,0.0,0.0,7262.0,42587058.0,276.0,1461.0,0.03571428571428571,2050.0,78.0,39.0,0.0,0.0,0.0,39.0,39.0,0,0,0,0,0,8.402381770296577,8.564876957494407,1.766724615921788,127.3459625,121.414375,208.29587500000002,2,0.0,0.0,0.0,0.0,0.0020805303401870284,0.7230657935142517,0,472.0,57.0,0.0,293.0,122.0,0.0,4.0,1.0,0.0,10,378.20000000000005,0.0,0.0,0.0,12.0,0.0,long_horizon,9.543016759776537,15292.0,1,0.013209231884057971,0.04593749999999995,0.8521739130434782,0.0,0.8148505303760849,0.3565052667077677,0.2777777777777778,2.557380952380952,0.0,0.017857142857142856,0.02,719.0,0.0,1920.0,0.0,19254.0,2367.0,0.0,1446.0,1383.0,0.0,0.0,0.0,0.0
191,0.14519690621578268,5000,34908,0.008111597038805485,0.02473102833204031,0.95,311.12631578947367,215.0,633.2000000000006,24,7,474.0,2449.0,1822.0,21658.0,0.0,0.0,8.0,0.0,0.0,0.0,0.0,6.0,0.0,35.0,0.0,0.0,0.0,38.0,3.0,608.0,18.0,18.0,15.0,2.0,1.0,612.0,0.0,35.0,0.0,0.0,7282.0,42842127.0,302.0,1658.0,0.029808084932625562,2384.0,76.0,35.0,0.0,3.0,0.0,38.0,38.0,0,0,0,0,5,9.105492432748013,11.15989010989011,1.6833894213279166,129.960875,129.445,206.0040000000001,5,0.0,0.0,0.0,0.0,0.0020805303401870284,0.7230657935142517,0,499.0,64.0,0.0,310.0,125.0,0.0,13.0,1.0,0.0,10,792.6,0.0,0.0,0.0,6.0,0.0,long_horizon,11.886937431394072,19836.0,1,0.008683686791315468,0.007700000000000004,0.8171987641606591,0.0,0.7377892030848329,0.43258503195431475,0.17647058823529413,4.613953488372091,0.0,0.01551653736218865,0.07,1013.0,0.0,2069.0,0.0,24092.0,7231.0,0.0,1582.0,1509.0,0.0,0.0,0.0,0.0
192,0.14374493715362485,5000,35045,0.031578123569488525,12.181215119229853,1.0,210.33,188.0,357.4000000000001,2,1,455.0,2111.0,1822.0,14782.0,0.0,1.0,16.0,0.0,0.0,0.0,0.0,12.0,0.0,38.0,0.0,0.0,0.0,38.0,0.0,268.0,22.0,22.0,21.0,0.0,0.0,268.0,0.0,38.0,0.0,0.0,7305.0,43023832.0,257.0,1378.0,0.03600189483657035,1930.0,76.0,38.0,0.0,0.0,0.0,38.0,38.0,0,0,0,0,0,7.954019933554817,8.04390779363337,1.7226444299225727,120.52033750000002,115.486875,196.23000000000002,0,0.0,0.0,0.0,0.0,0.0020805303401870284,0.7230657935142517,0,536.0,70.0,1.0,323.0,142.0,0.0,1.0,1.0,0.0,10,308.6,0.0,0.0,0.0,12.0,0.0,long_horizon,8.113062568605928,12960.0,1,0.016133987443399816,0.05671749999999997,0.8326100433973962,0.0,0.8653266331658291,0.33433604336043365,0.34285714285714286,2.395212765957446,0.0,0.018000947418285174,0.01,883.0,0.0,1778.0,0.0,16872.0,2598.0,0.0,1329.0,1269.0,0.0,0.0,0.0,1.0
193,0.1423074877820886,5000,35182,0.02994190715253353,13.410782561321252,1.0,225.54,213.5,416.7000000000002,3,3,491.0,2208.0,1853.0,15974.0,0.0,0.0,6.0,0.0,0.0,0.0,0.0,3.0,0.0,29.0,0.0,0.0,0.0,31.0,2.0,338.0,22.0,22.0,19.0,1.0,1.0,340.0,0.0,29.0,0.0,0.0,7331.0,43212885.0,236.0,1462.0,0.02717391304347826,1993.0,62.0,29.0,0.0,2.0,0.0,31.0,31.0,0,0,0,0,0,8.170365375183914,7.716369529983792,1.8527353851298511,126.36576249999999,117.51125,207.9580000000001,0,0.0,0.0,0.0,0.0,0.002080530340187028,0.7230657935142517,0,518.0,68.0,0.0,313.0,137.0,0.0,3.0,1.0,0.0,10,313.4,0.0,0.0,0.0,3.0,0.0,long_horizon,8.62061521856449,14121.0,1,0.01372563595404803,0.031890000000000335,0.8431723315444246,0.0,0.8375537505972288,0.34260796311075636,0.16666666666666666,2.2632318501170956,0.0,0.014039855072463768,0.03,1213.0,0.0,2404.0,0.0,18163.0,2479.0,1.0,1426.0,1347.0,0.0,0.0,0.0,0.0
194,0.1408844129042677,5000,35308,0.04607745632529259,8.33200863962598,0.98,224.85714285714286,206.0,412.2,7,3,368.0,2037.0,1693.0,15869.0,0.0,0.0,14.0,0.0,0.0,0.0,0.0,12.0,0.0,28.0,0.0,0.0,0.0,29.0,1.0,332.0,12.0,12.0,11.0,1.0,0.0,333.0,0.0,28.0,0.0,0.0,7345.0,43397158.0,217.0,1441.0,0.027982326951399118,1886.0,58.0,28.0,0.0,1.0,0.0,29.0,29.0,0,0,0,0,1,8.224307141534473,8.889545186060248,1.744368441519339,123.23593749999998,109.83375,205.81050000000008,2,0.0,0.0,0.0,0.0,0.0020805303401870284,0.7230657935142517,0,491.0,66.0,0.0,304.0,121.0,0.0,5.0,1.0,0.0,10,270.3,0.0,0.0,0.0,12.0,0.0,long_horizon,9.373301831069108,14176.0,1,0.015888141550673033,0.04573750000000021,0.8134872417982989,0.0,0.8271028037383178,0.33379053200514197,0.2962962962962963,2.187864077669902,0.0,0.014236622484045164,0.03,1211.0,0.0,1488.0,0.0,17895.0,3018.0,0.0,1351.0,1286.0,0.0,0.0,0.0,0.0
195,0.13947556877522502,5000,35463,0.025713521987199783,8.871001750000298,0.99,234.40404040404042,200.0,481.80000000000007,5,3,390.0,2163.0,1757.0,17473.0,0.0,0.0,8.0,0.0,0.0,0.0,0.0,6.0,0.0,30.0,0.0,0.0,0.0,32.0,2.0,391.0,21.0,21.0,15.0,1.0,1.0,393.0,0.0,30.0,0.0,0.0,7364.0,43600435.0,267.0,1491.0,0.028663892741562644,2107.0,64.0,30.0,0.0,2.0,0.0,32.0,32.0,0,0,0,0,1,8.538793103448276,8.231207289293849,1.8219670887877069,130.08075,129.15500000000003,198.94050000000001,1,0.0,0.0,0.0,0.0,0.0020805303401870284,0.7230657935142517,0,459.0,63.0,0.0,290.0,106.0,0.0,4.0,1.0,0.0,10,419.5,0.0,0.0,0.0,6.0,0.0,long_horizon,9.944792259533296,15716.0,1,0.012280987937966684,0.03887499999999999,0.832854681217691,0.0,0.8082926829268293,0.38871434329505505,0.1724137931034483,2.740499999999999,0.0,0.014794267221451687,0.03,1182.0,0.0,1425.0,0.0,19621.0,2854.0,4.0,1440.0,1384.0,0.0,0.0,0.0,0.0
196,0.13808081308747278,5000,35565,0.06055894121527672,8.935337780267538,1.0,232.41,210.5,387.8000000000002,0,0,463.0,2277.0,1913.0,16983.0,0.0,0.0,19.0,0.0,0.0,0.0,0.0,17.0,0.0,60.0,0.0,0.0,0.0,63.0,3.0,346.0,21.0,21.0,18.0,3.0,0.0,350.0,0.0,60.0,0.0,0.0,7390.0,43802415.0,245.0,1551.0,0.05401844532279315,2102.0,126.0,60.0,0.0,3.0,0.0,63.0,63.0,0,0,0,0,0,8.283785343335257,7.881276150627615,1.6731817218987148,129.284775,129.09375,191.86600000000004,0,0.0,0.0,0.0,0.0,0.0020805303401870284,0.7230657935142517,0,567.0,74.0,1.0,344.0,148.0,0.0,0.0,1.0,0.0,10,254.10000000000002,0.0,0.0,0.0,17.0,0.0,long_horizon,8.877679038159958,15070.0,1,0.014598834361919897,0.041462499999999944,0.8394366197183099,0.0,0.8381877022653722,0.28499591239619626,0.2962962962962963,2.1206650831353917,0.0,0.02766798418972332,0.0,926.0,0.0,2090.0,0.0,19242.0,2884.0,0.0,1463.0,1404.0,0.0,0.0,1.0,0.0
197,0.13670000495659804,5000,35688,0.03365623578429222,6.53839150180188,0.99,248.35353535353536,208.0,495.40000000000003,1,1,473.0,2295.0,1905.0,17777.0,0.0,1.0,18.0,0.0,0.0,0.0,0.0,12.0,0.0,53.0,0.0,0.0,0.0,53.0,0.0,374.0,17.0,17.0,16.0,0.0,0.0,374.0,0.0,53.0,0.0,0.0,7409.0,44009486.0,234.0,1572.0,0.04618736383442266,2046.0,106.0,53.0,0.0,0.0,0.0,53.0,53.0,0,0,0,0,0,8.402677538427636,8.507611548556431,1.6123191579174685,128.19155,133.3275,220.95512500000004,1,0.0,0.0,0.0,0.0,0.0020805303401870284,0.7230657935142517,0,579.0,74.0,0.0,350.0,155.0,0.0,1.0,1.0,0.0,10,337.79999999999995,0.0,0.0,0.0,12.0,0.0,long_horizon,9.331758530183727,15872.0,1,0.01819614532975882,0.05934999999999992,0.7970933482392398,0.0,0.8283616337769619,0.35731701856076525,0.2926829268292683,2.5153846153846158,0.0,0.02309368191721133,0.01,932.0,0.0,2133.0,0.0,20056.0,2402.0,0.0,1448.0,1382.0,0.0,0.0,0.0,0.0
198,0.13533300490703207,5000,35872,0.04670119658112526,-0.8486222744591462,0.97,294.82474226804123,260.0,582.8000000000001,6,3,479.0,2494.0,1903.0,21761.0,0.0,0.0,16.0,0.0,0.0,0.0,0.0,12.0,0.0,54.0,0.0,0.0,0.0,54.0,0.0,559.0,31.0,31.0,30.0,0.0,0.0,559.0,0.0,54.0,0.0,0.0,7442.0,44252242.0,284.0,1701.0,0.04330392943063352,2264.0,108.0,54.0,0.0,0.0,0.0,54.0,54.0,0,0,0,0,3,8.95448028673835,8.927970557308097,1.5579160411555057,126.5710375,123.74125000000001,206.390375,3,0.0,0.0,0.0,0.0,0.002080530340187028,0.7230657935142517,0,508.0,60.0,2.0,323.0,123.0,0.0,6.0,1.0,0.0,10,442.0,0.0,0.0,0.0,12.0,0.0,long_horizon,11.435102469784551,19858.0,1,0.01662317156167803,0.06188749999999983,0.7705671946857435,0.0,0.7633361558001693,0.3672443390533402,0.1891891891891892,2.4407692307692295,0.0,0.02165196471531676,0.03,1214.0,0.0,2213.0,0.0,24225.0,2926.0,3.0,1574.0,1492.0,0.0,0.0,0.0,0.0
199,0.13397967485796175,5000,36016,0.022624025121331215,10.766581125000366,0.98,227.51020408163265,189.5,425.5999999999999,5,3,461.0,2185.0,1789.0,16998.0,0.0,0.0,7.0,0.0,0.0,0.0,0.0,6.0,0.0,22.0,0.0,0.0,0.0,23.0,1.0,379.0,17.0,17.0,16.0,1.0,0.0,380.0,0.0,22.0,0.0,0.0,7462.0,44448296.0,245.0,1463.0,0.020594965675057208,1999.0,46.0,22.0,0.0,1.0,0.0,23.0,23.0,0,0,0,0,2,8.48725326581113,7.989373601789709,1.8495092859139188,128.2243375,121.91375000000001,222.9510000000001,2,0.0,0.0,0.0,0.0,0.0020805303401870284,0.7230657935142517,0,511.0,63.0,0.0,302.0,146.0,0.0,5.0,1.0,0.0,10,410.6,0.0,0.0,0.0,6.0,0.0,long_horizon,9.501397428731135,15209.0,1,0.01118028533412182,0.023824999999999985,0.836782968657599,0.0,0.8163363943934268,0.38118945102260504,0.2727272727272727,3.168601583113456,0.0,0.010526315789473684,0.03,1358.0,0.0,1929.0,0.0,19167.0,2637.0,0.0,1398.0,1327.0,0.0,0.0,0.0,0.0
200,0.13263987810938213,5000,36199,0.05196741595864296,4.438816424781972,0.98,261.4183673469388,218.5,483.9999999999999,8,4,449.0,2459.0,1956.0,20150.0,0.0,0.0,10.0,0.0,0.0,0.0,0.0,6.0,0.0,41.0,0.0,0.0,0.0,43.0,2.0,483.0,19.0,19.0,17.0,2.0,0.0,486.0,0.0,41.0,0.0,0.0,7484.0,44682784.0,268.0,1725.0,0.03416022773485156,2343.0,86.0,41.0,0.0,2.0,0.0,43.0,43.0,0,0,0,0,2,8.621013860618397,8.083333333333334,1.6786581461060681,132.79758750000002,131.04625000000001,208.69600000000008,2,0.0,0.0,0.0,0.0,0.0020805303401870284,0.7230657935142517,0,574.0,90.0,3.0,347.0,134.0,0.0,6.0,1.0,0.0,10,456.6,0.0,0.0,0.0,6.0,0.0,long_horizon,10.30163599182004,18194.0,1,0.023007276311815268,0.059350000000000014,0.8334177215189873,0.0,0.7924850555081128,0.3715780937457931,0.225,2.862242562929056,0.0,0.017486783245221633,0.04,1065.0,0.0,1961.0,0.0,22592.0,3692.0,1.0,1629.0,1563.0,0.0,0.0,1.0,0.0
201,0.1313134793282883,5000,36392,0.04562442749738693,7.168717250000303,0.97,250.15463917525773,240.0,403.4,9,3,566.0,2418.0,1982.0,18995.0,0.0,0.0,27.0,0.0,0.0,0.0,0.0,22.0,0.0,45.0,0.0,0.0,0.0,50.0,5.0,415.0,23.0,23.0,18.0,4.0,1.0,420.0,0.0,45.0,0.0,0.0,7512.0,44895359.0,247.0,1587.0,0.03928866832092639,2179.0,100.0,45.0,0.0,5.0,0.0,50.0,50.0,0,0,0,0,3,8.400360638845955,8.221493440968718,1.6276386099899092,140.78140000000002,143.13875000000002,216.60525,3,0.0,0.0,0.0,0.0,0.0020805303401870284,0.7230657935142517,0,497.0,65.0,0.0,307.0,125.0,0.0,6.0,1.0,0.0,10,315.79999999999995,0.0,0.0,0.0,22.0,0.0,long_horizon,9.583753784056508,17013.0,1,0.010660422418553285,0.014174999999999993,0.8685808945334069,0.0,0.8175499565595135,0.2941056759449463,0.32558139534883723,1.7391666666666665,0.0,0.0206782464846981,0.03,2180.0,0.0,2488.0,0.0,21395.0,3509.0,0.0,1525.0,1453.0,0.0,0.0,0.0,0.0
202,0.13000034453500542,5000,36514,0.02524075284600258,11.556670375000316,1.0,217.97,172.0,410.3,0,0,394.0,1986.0,1633.0,16195.0,0.0,0.0,10.0,0.0,0.0,0.0,0.0,9.0,0.0,28.0,0.0,0.0,0.0,28.0,0.0,342.0,14.0,14.0,13.0,0.0,0.0,342.0,0.0,28.0,0.0,0.0,7525.0,45076237.0,222.0,1357.0,0.028197381671701913,1801.0,56.0,28.0,0.0,0.0,0.0,28.0,28.0,0,0,0,0,0,8.326117191751829,8.427345187001839,1.9963435624617272,124.45395000000002,114.06687499999998,215.87100000000004,0,0.0,0.0,0.0,0.0,0.0020805303401870284,0.7230657935142517,0,463.0,55.0,0.0,304.0,104.0,0.0,0.0,1.0,0.0,10,329.6,0.0,0.0,0.0,9.0,0.0,long_horizon,9.917330067360686,14562.0,1,0.013700470945083018,0.04573750000000021,0.8339719029374202,0.0,0.8176,0.35017250080286266,0.45454545454545453,2.779941860465116,0.0,0.014098690835850957,0.0,1434.0,0.0,1844.0,0.0,18168.0,2444.0,1.0,1280.0,1237.0,0.0,0.0,0.0,0.0
203,0.12870034108965536,5000,36634,0.05125035345554352,10.352996589652696,0.97,218.95876288659792,191.0,382.60000000000014,8,3,453.0,2175.0,1815.0,16122.0,0.0,0.0,9.0,0.0,0.0,0.0,0.0,7.0,0.0,29.0,0.0,0.0,0.0,30.0,1.0,344.0,14.0,14.0,13.0,1.0,0.0,345.0,0.0,29.0,0.0,0.0,7542.0,45269909.0,210.0,1499.0,0.027126436781609194,2023.0,60.0,29.0,0.0,1.0,0.0,30.0,30.0,0,0,0,0,3,8.135369853030488,8.118457300275482,1.7491694183499054,123.25938750000002,115.91875,207.15875000000005,3,0.0,0.0,0.0,0.0,0.0020805303401870284,0.7230657935142517,0,510.0,80.0,1.0,307.0,122.0,0.0,6.0,1.0,0.0,10,289.8,0.0,0.0,0.0,7.0,0.0,long_horizon,8.882644628099174,14307.0,1,0.01575966120421383,0.05194000000000004,0.8294985250737463,0.0,0.8325242718446602,0.3158117507036997,0.32,2.4303664921465966,0.0,0.013793103448275862,0.03,1064.0,0.0,2047.0,0.0,18284.0,2807.0,0.0,1436.0,1374.0,0.0,0.0,0.0,0.0
204,0.12741333767875881,5000,36836,0.04076027870178223,5.319293278561606,0.98,251.64285714285714,223.5,430.3,16,6,430.0,2180.0,1713.0,18513.0,0.0,0.0,9.0,0.0,0.0,0.0,0.0,7.0,0.0,22.0,0.0,0.0,0.0,24.0,2.0,443.0,26.0,26.0,24.0,2.0,0.0,445.0,0.0,22.0,0.0,0.0,7572.0,45477131.0,219.0,1507.0,0.02110091743119266,1947.0,48.0,22.0,0.0,2.0,0.0,24.0,24.0,0,0,0,0,2,8.768252795948513,9.00292226767972,1.797938179403927,124.57956250000002,128.755625,199.959875,2,0.0,0.0,0.0,0.0,0.0020805303401870284,0.7230657935142517,0,520.0,71.0,2.0,331.0,116.0,0.0,8.0,1.0,0.0,10,362.0,0.0,0.0,0.0,7.0,0.0,long_horizon,10.807355516637479,16800.0,1,0.0117498730860023,0.014418750000000346,0.8288235294117647,0.0,0.7837706511175899,0.33561336622561133,0.22727272727272727,2.25234899328859,0.0,0.011009174311926606,0.06,1217.0,0.0,2085.0,0.0,20669.0,3855.0,0.0,1381.0,1317.0,0.0,0.0,0.0,0.0
205,0.12613920430197123,5000,36939,0.048919644206762314,11.6085520126498,1.0,202.94,189.5,358.5000000000001,0,0,427.0,2046.0,1735.0,14619.0,0.0,0.0,16.0,0.0,0.0,0.0,0.0,13.0,0.0,45.0,0.0,0.0,0.0,45.0,0.0,287.0,25.0,25.0,25.0,0.0,0.0,287.0,0.0,45.0,0.0,0.0,7597.0,45653667.0,189.0,1405.0,0.04398826979472141,1894.0,90.0,45.0,0.0,0.0,0.0,45.0,45.0,0,0,0,0,0,8.05246209580035,7.7877739331026525,1.828908848022437,123.19694999999997,125.68312500000002,190.87787500000002,0,0.0,0.0,0.0,0.0,0.0020805303401870284,0.7230657935142517,0,504.0,60.0,0.0,322.0,122.0,0.0,0.0,1.0,0.0,10,237.7,0.0,0.0,0.0,13.0,0.0,long_horizon,8.42593659942363,12884.0,1,0.013888031705674892,0.03720500000000001,0.8489483747609943,0.0,0.8506763787721123,0.3047383463092539,0.39473684210526316,2.1440633245382585,0.0,0.021994134897360705,0.0,1225.0,0.0,1720.0,0.0,16640.0,2451.0,0.0,1357.0,1296.0,0.0,0.0,0.0,0.0
206,0.12487781225895152,5000,37147,0.010159285739064217,2.6117041583148572,0.97,281.8659793814433,242.0,488.40000000000003,11,5,402.0,2346.0,1840.0,20045.0,0.0,0.0,7.0,0.0,0.0,0.0,0.0,6.0,0.0,45.0,0.0,0.0,0.0,46.0,1.0,479.0,24.0,24.0,23.0,1.0,0.0,481.0,0.0,45.0,0.0,0.0,7623.0,45876261.0,244.0,1677.0,0.03878942881500426,2235.0,92.0,45.0,0.0,1.0,0.0,46.0,46.0,0,0,0,0,3,8.634104750304507,9.873913043478261,1.65664538532187,128.7822125,122.71124999999999,194.97475000000006,3,0.0,0.0,0.0,0.0,0.0020805303401870284,0.7230657935142517,0,542.0,83.0,1.0,359.0,99.0,0.0,8.0,1.0,0.0,10,452.79999999999995,0.0,0.0,0.0,6.0,0.0,long_horizon,10.894021739130435,18205.0,1,0.017040796781728273,0.05040000000000001,0.8102266736953084,0.0,0.7834308869878434,0.3341728011667837,0.13157894736842105,2.659504132231404,0.0,0.0196078431372549,0.05,843.0,0.0,2656.0,0.0,22368.0,2555.0,0.0,1594.0,1521.0,0.0,0.0,0.0,0.0
207,0.123629034136362,5000,37279,0.07362362742424011,4.3233762035347105,0.98,253.73469387755102,214.5,487.09999999999985,5,2,423.0,2274.0,1859.0,17735.0,0.0,0.0,17.0,0.0,0.0,0.0,0.0,16.0,0.0,57.0,0.0,0.0,0.0,60.0,3.0,390.0,29.0,29.0,26.0,2.0,1.0,393.0,0.0,57.0,0.0,0.0,7660.0,46085721.0,230.0,1595.0,0.051451187335092345,2101.0,120.0,57.0,0.0,3.0,0.0,60.0,60.0,0,0,0,0,0,8.413075862068965,8.90150699677072,1.5408189759649962,123.4778375,120.68062499999999,194.77725,2,0.0,0.0,0.0,0.0,0.002080530340187028,0.7230657935142517,0,532.0,75.0,0.0,341.0,116.0,0.0,3.0,1.0,0.0,10,377.5,0.0,0.0,0.0,16.0,0.0,long_horizon,9.54007530930608,15876.0,1,0.017385118952161497,0.05040000000000009,0.7987770983879934,0.0,0.8173791821561338,0.3750354963830622,0.19298245614035087,2.5990675990675984,0.0,0.026385224274406333,0.02,1075.0,0.0,1703.0,0.0,19983.0,2668.0,3.0,1452.0,1386.0,0.0,0.0,0.0,0.0
208,0.12239274379499838,5000,37429,0.034204572439193726,8.288487530172835,1.0,237.42,222.0,395.50000000000006,1,1,329.0,2148.0,1778.0,16442.0,0.0,0.0,21.0,0.0,0.0,0.0,0.0,18.0,0.0,44.0,0.0,0.0,0.0,46.0,2.0,353.0,18.0,18.0,16.0,2.0,0.0,356.0,0.0,44.0,0.0,0.0,7681.0,46284805.0,215.0,1588.0,0.04189944134078212,2076.0,92.0,44.0,0.0,2.0,0.0,46.0,46.0,0,0,0,0,0,8.33490116694451,8.688976377952756,1.6881343397894346,122.10377499999998,115.41,188.64550000000003,0,0.0,0.0,0.0,0.0,0.0020805303401870284,0.7230657935142517,0,470.0,83.0,1.0,273.0,113.0,0.0,1.0,1.0,0.0,10,323.70000000000005,0.0,0.0,0.0,18.0,0.0,long_horizon,9.247469066366705,14664.0,1,0.012388384591001982,0.028425000000000197,0.8280112044817927,0.0,0.8249754178957719,0.324572487574762,0.42105263157894735,2.371396396396396,0.0,0.021415270018621976,0.01,556.0,0.0,1305.0,0.0,18574.0,1824.0,0.0,1479.0,1416.0,0.0,0.0,0.0,0.0
209,0.1211688163570484,5000,37606,0.03762109577655792,5.557499135466985,0.98,228.37755102040816,204.0,403.79999999999995,6,2,357.0,2200.0,1823.0,16682.0,0.0,2.0,20.0,0.0,0.0,0.0,0.0,14.0,0.0,59.0,0.0,0.0,0.0,62.0,3.0,344.0,35.0,35.0,30.0,2.0,1.0,348.0,0.0,59.0,0.0,0.0,7719.0,46485069.0,218.0,1595.0,0.055,2082.0,124.0,59.0,0.0,3.0,0.0,62.0,62.0,0,0,0,0,2,8.232219416221296,8.277015907844213,1.547546242704713,117.67462499999999,115.985625,185.58012500000007,2,0.0,0.0,0.0,0.0,0.0020805303401870284,0.7230657935142517,0,528.0,83.0,0.0,334.0,111.0,0.0,4.0,1.0,0.0,10,305.3,0.0,0.0,0.0,14.0,0.0,long_horizon,9.150850246845858,14859.0,1,0.016456736219049084,0.06024999999999947,0.8093363329583803,0.0,0.8319652341863834,0.32033138531316196,0.21568627450980393,2.19828431372549,0.0,0.028181818181818183,0.02,615.0,0.0,1674.0,0.0,18852.0,2198.0,0.0,1485.0,1410.0,0.0,0.0,1.0,0.0
210,0.11995712819347792,5000,37861,0.015993375331163406,-0.8006526886785107,0.94,267.968085106383,228.5,534.1,31,11,426.0,2321.0,1754.0,20326.0,0.0,0.0,10.0,0.0,0.0,0.0,0.0,6.0,0.0,41.0,0.0,0.0,0.0,42.0,1.0,544.0,18.0,18.0,17.0,1.0,0.0,546.0,0.0,41.0,0.0,0.0,7739.0,46718967.0,243.0,1635.0,0.03576044808272297,2338.0,84.0,41.0,0.0,1.0,0.0,42.0,42.0,0,0,0,0,5,8.967227253126348,8.985176738882554,1.588492100140031,115.1414375,110.61125000000001,185.60075000000003,6,0.0,0.0,0.0,0.0,0.0020805303401870284,0.7230657935142517,0,503.0,65.0,1.0,301.0,136.0,0.0,16.0,1.0,0.0,10,552.2,0.0,0.0,0.0,6.0,0.0,long_horizon,11.58836944127708,18572.0,1,0.012855642338029374,0.04574499999999998,0.8258064516129032,0.0,0.7518181818181818,0.3909216535755644,0.2857142857142857,3.1794310722100616,0.0,0.01809564842740198,0.11,989.0,0.0,2284.0,0.0,22630.0,4647.0,0.0,1604.0,1538.0,0.0,0.0,0.0,0.0
211,0.11875755691154315,5000,37998,0.08772025257349014,10.398948532855197,0.99,233.08080808080808,216.0,383.4000000000001,5,2,412.0,2264.0,1866.0,17494.0,0.0,0.0,8.0,0.0,0.0,0.0,0.0,8.0,0.0,34.0,0.0,0.0,0.0,35.0,1.0,375.0,25.0,25.0,24.0,1.0,0.0,376.0,0.0,34.0,0.0,0.0,7767.0,46926106.0,199.0,1629.0,0.030477031802120143,2257.0,70.0,34.0,0.0,1.0,0.0,35.0,35.0,0,0,0,0,1,8.314455201746041,7.896459227467811,1.7960831967702646,129.21623749999998,130.72312499999998,198.506125,1,0.0,0.0,0.0,0.0,0.0020805303401870284,0.7230657935142517,0,544.0,77.0,0.0,347.0,120.0,0.0,3.0,1.0,0.0,10,277.5,0.0,0.0,0.0,8.0,0.0,long_horizon,9.37513397642015,15628.0,1,0.014235344979184288,0.04183749999999993,0.8447032723239046,0.0,0.8244631185807656,0.2942079516727403,0.16666666666666666,2.1273148148148135,0.0,0.015459363957597174,0.02,751.0,0.0,2131.0,0.0,19734.0,2722.0,0.0,1532.0,1467.0,0.0,0.0,0.0,0.0
212,0.11756998134242772,5000,38240,0.07109969854354858,10.298477875000247,0.98,207.83673469387756,209.0,346.09999999999997,12,3,330.0,1971.0,1592.0,15586.0,0.0,0.0,12.0,0.0,0.0,0.0,0.0,9.0,0.0,31.0,0.0,0.0,0.0,32.0,1.0,362.0,18.0,18.0,15.0,1.0,0.0,363.0,0.0,31.0,0.0,0.0,7786.0,47107170.0,188.0,1438.0,0.0319634703196347,1939.0,64.0,31.0,0.0,1.0,0.0,32.0,32.0,0,0,0,0,2,8.488713318284425,8.212939698492463,1.9564835348618095,120.44031250000002,123.42062499999999,188.24737500000006,2,0.0,0.0,0.0,0.0,0.0020805303401870284,0.7230657935142517,0,437.0,67.0,0.0,243.0,127.0,0.0,7.0,1.0,0.0,10,228.0,0.0,0.0,0.0,9.0,0.0,long_horizon,9.790201005025125,13994.0,1,0.009096624767225326,0.014749999999999819,0.8504034761018001,0.0,0.8043126684636118,0.3199226076919379,0.4074074074074074,1.864114832535885,0.0,0.016235413495687467,0.03,899.0,0.0,1250.0,0.0,17542.0,2386.0,3.0,1401.0,1351.0,0.0,0.0,0.0,0.0
213,0.11639428152900344,5000,38362,0.017539480701088905,10.89956781132136,1.0,198.3,189.5,338.0,0,0,412.0,1951.0,1659.0,14339.0,0.0,0.0,17.0,0.0,0.0,0.0,0.0,14.0,0.0,41.0,0.0,0.0,0.0,44.0,3.0,271.0,24.0,24.0,21.0,3.0,0.0,274.0,0.0,41.0,0.0,0.0,7815.0,47278559.0,172.0,1346.0,0.04356740133264992,1817.0,88.0,41.0,0.0,3.0,0.0,44.0,44.0,0,0,0,0,0,8.056741957563313,8.083182640144665,1.7861477960491945,113.0864,109.02875,183.48712500000005,0,0.0,0.0,0.0,0.0,0.0020805303401870284,0.7230657935142517,0,474.0,57.0,1.0,304.0,112.0,0.0,0.0,1.0,0.0,11,221.3181818181818,0.0,0.0,0.0,14.0,0.0,long_horizon,8.643158529234478,12680.0,1,0.016302056055022694,0.05559125000000015,0.8326639892904953,0.0,0.8505182760501909,0.3105234493192133,0.29411764705882354,2.0649076517150395,0.0,0.02255253716043055,0.0,860.0,0.0,1769.0,0.0,16269.0,2468.0,0.0,1259.0,1196.0,0.0,0.0,0.0,0.0
214,0.11523033871371341,5000,38506,0.02220151014626026,5.508658745341799,0.97,258.680412371134,192.0,533.4000000000001,8,5,394.0,2313.0,1828.0,19717.0,0.0,0.0,4.0,0.0,0.0,0.0,0.0,3.0,0.0,22.0,0.0,0.0,0.0,25.0,3.0,466.0,19.0,19.0,16.0,2.0,1.0,470.0,0.0,22.0,0.0,0.0,7840.0,47504391.0,217.0,1686.0,0.020319930825767402,2354.0,50.0,22.0,0.0,3.0,0.0,25.0,25.0,0,0,0,0,2,8.72389021006738,8.693654266958424,1.7632835381145042,133.38770000000002,129.843125,217.78375000000005,3,0.0,0.0,0.0,0.0,0.0020805303401870284,0.7230657935142517,0,504.0,83.0,0.0,319.0,102.0,0.0,8.0,1.0,0.0,10,468.29999999999995,0.0,0.0,0.0,3.0,0.0,long_horizon,10.786105032822757,17889.0,1,0.011118977053689078,0.02382500000000004,0.8546419098143236,0.0,0.7861692447679709,0.35891917742706836,0.2,3.4864583333333328,0.0,0.010808473843493299,0.05,871.0,0.0,1505.0,0.0,22014.0,2651.0,1.0,1594.0,1526.0,0.0,0.0,0.0,0.0
215,0.11407803532657627,5000,38655,0.03362034261226654,2.931632177273906,0.98,267.55102040816325,235.5,571.0,10,4,494.0,2357.0,1831.0,19999.0,0.0,0.0,22.0,0.0,2.0,0.0,0.0,19.0,0.0,34.0,0.0,0.0,0.0,35.0,1.0,503.0,22.0,22.0,21.0,1.0,0.0,504.0,0.0,34.0,0.0,0.0,7865.0,47724472.0,207.0,1635.0,0.02927450148493848,2118.0,70.0,34.0,0.0,1.0,0.0,35.0,35.0,0,0,0,0,2,8.836064774168374,8.566357181867831,1.6677988431485955,129.9771875,126.00812499999999,214.63675000000003,2,0.0,0.0,0.0,0.0,0.0020805303401870284,0.7230657935142517,0,566.0,88.0,1.0,342.0,135.0,0.0,6.0,1.0,0.0,11,380.31818181818187,2.0,0.0,0.0,19.0,0.0,long_horizon,10.922446750409613,18168.0,1,0.012253958949041136,0.03887499999999999,0.8401976935749588,0.0,0.774496644295302,0.36749093229969354,0.3103448275862069,2.6133757961783437,0.0,0.014849384811200678,0.04,1642.0,0.0,2447.0,0.0,22335.0,4146.0,1.0,1501.0,1433.0,0.0,0.0,0.0,0.0
216,0.11293725497331052,5000,38769,0.055672526359558105,11.074426375000407,0.99,225.54545454545453,202.0,434.40000000000015,4,2,391.0,2096.0,1723.0,16206.0,0.0,1.0,8.0,0.0,0.0,0.0,0.0,4.0,0.0,25.0,0.0,0.0,0.0,27.0,2.0,347.0,30.0,30.0,26.0,1.0,1.0,349.0,0.0,25.0,0.0,0.0,7899.0,47916066.0,185.0,1494.0,0.02480916030534351,2003.0,54.0,25.0,0.0,2.0,0.0,27.0,27.0,0,0,0,0,1,8.335951187095995,8.398954703832752,1.8662058255948932,126.37558750000002,125.923125,210.0318750000001,1,0.0,0.0,0.0,0.0,0.0020805303401870284,0.7230657935142517,0,499.0,72.0,0.0,314.0,113.0,0.0,3.0,1.0,0.0,10,306.5,0.0,0.0,0.0,4.0,0.0,long_horizon,9.405687753917586,14483.0,1,0.012286439393939393,0.03341250000000009,0.8290909090909091,0.0,0.8230223123732252,0.3480783924153532,0.2,2.480693069306931,0.0,0.012881679389312978,0.02,907.0,0.0,1427.0,0.0,18276.0,2717.0,1.0,1411.0,1350.0,0.0,0.0,0.0,0.0
217,0.1118078824235774,5000,38963,0.047964032739400864,7.9427021561491316,0.98,235.87755102040816,192.5,429.8999999999999,4,2,440.0,2253.0,1837.0,17467.0,0.0,1.0,13.0,0.0,0.0,0.0,0.0,10.0,0.0,41.0,0.0,0.0,0.0,44.0,3.0,380.0,36.0,36.0,32.0,3.0,0.0,386.0,0.0,41.0,0.0,0.0,7944.0,48119282.0,214.0,1567.0,0.03772747447847315,2109.0,88.0,41.0,0.0,3.0,0.0,44.0,44.0,0,0,0,0,2,8.396918767507003,8.258169934640524,1.6997716521502453,127.61103750000001,122.55375,196.28199999999995,2,0.0,0.0,0.0,0.0,0.0020805303401870284,0.7230657935142517,0,519.0,68.0,0.0,322.0,129.0,0.0,4.0,1.0,0.0,10,399.9,0.0,0.0,0.0,10.0,0.0,long_horizon,9.508437670114317,15630.0,1,0.009245508595988538,0.023715000000000055,0.8383954154727794,0.0,0.8181818181818182,0.3392022841322029,0.23684210526315788,2.604415584415581,0.0,0.019529516200621395,0.02,1479.0,0.0,1689.0,0.0,19688.0,2895.0,0.0,1475.0,1391.0,0.0,0.0,3.0,0.0
218,0.11068980359934164,5000,39085,0.017706172540783882,7.428903309210536,0.98,221.77551020408163,199.0,395.09999999999997,4,2,406.0,2197.0,1848.0,16331.0,0.0,0.0,22.0,0.0,0.0,0.0,0.0,18.0,0.0,55.0,0.0,0.0,0.0,56.0,1.0,339.0,11.0,11.0,10.0,1.0,0.0,340.0,0.0,55.0,0.0,0.0,7956.0,48315964.0,220.0,1561.0,0.050523441055985434,2041.0,112.0,55.0,0.0,1.0,0.0,56.0,56.0,0,0,0,0,1,8.252909418116376,7.855982674607471,1.6301168225971125,123.7598875,118.02000000000001,201.58849999999998,2,0.0,0.0,0.0,0.0,0.002080530340187028,0.7230657935142517,0,536.0,67.0,1.0,340.0,128.0,0.0,4.0,1.0,0.0,10,286.4,0.0,0.0,0.0,18.0,0.0,long_horizon,8.837121212121213,14483.0,1,0.013019156637703188,0.03892624999999996,0.8254237288135593,0.0,0.8371647509578544,0.3244516726355584,0.3125,2.3613065326633147,0.0,0.02548930359581247,0.02,1001.0,0.0,1493.0,0.0,18518.0,3029.0,0.0,1434.0,1375.0,0.0,0.0,0.0,0.0
219,0.10958290556334822,5000,39219,0.008262560702860355,6.10586646589917,0.97,252.11340206185568,219.0,506.0,6,3,402.0,2278.0,1805.0,18619.0,0.0,1.0,9.0,0.0,0.0,0.0,0.0,8.0,0.0,25.0,0.0,0.0,0.0,30.0,5.0,448.0,28.0,28.0,22.0,4.0,1.0,454.0,0.0,25.0,0.0,0.0,7994.0,48528663.0,195.0,1659.0,0.024143985952589993,2208.0,60.0,25.0,0.0,5.0,0.0,30.0,30.0,0,0,0,0,3,8.622299139920285,8.369733924611973,1.7260902288972102,125.55085000000001,121.614375,201.59125000000006,3,0.0,0.0,0.0,0.0,0.0020805303401870284,0.7230657935142517,0,533.0,80.0,1.0,321.0,131.0,0.0,6.0,1.0,0.0,10,357.20000000000005,0.0,0.0,0.0,8.0,0.0,long_horizon,10.315235457063713,16814.0,1,0.012553426751771436,0.029275000000000606,0.8455640744797371,0.0,0.7897174617878647,0.35022290046730054,0.2222222222222222,2.430136986301369,0.0,0.013169446883230905,0.03,1218.0,0.0,1617.0,0.0,20875.0,2624.0,0.0,1575.0,1497.0,0.0,0.0,1.0,1.0
220,0.10848707650771475,5000,39336,0.04432122781872749,11.265182953534302,1.0,207.21,187.5,354.20000000000044,0,0,418.0,2100.0,1778.0,15092.0,0.0,0.0,15.0,0.0,0.0,0.0,0.0,15.0,0.0,47.0,0.0,0.0,0.0,48.0,1.0,295.0,27.0,27.0,26.0,1.0,0.0,298.0,0.0,47.0,0.0,0.0,8025.0,48716249.0,174.0,1482.0,0.04523809523809524,1980.0,96.0,47.0,0.0,1.0,0.0,48.0,48.0,0,0,0,0,0,8.033595425303789,7.729319077096229,1.7643977229015344,121.55878749999998,115.55812500000002,199.7125,0,0.0,0.0,0.0,0.0,0.0020805303401870284,0.7230657935142517,0,502.0,72.0,1.0,321.0,108.0,0.0,0.0,1.0,0.0,10,285.8,0.0,0.0,0.0,15.0,0.0,long_horizon,8.488188976377952,13314.0,1,0.01442045856198236,0.04478250000000014,0.8238182934315531,0.0,0.8491902834008097,0.321282274021524,0.2972972972972973,2.402933333333333,0.0,0.022857142857142857,0.0,947.0,0.0,1653.0,0.0,17166.0,2648.0,0.0,1389.0,1320.0,0.0,0.0,0.0,0.0
221,0.1074022057426376,5000,39481,0.023490356281399727,11.744667061321309,0.98,212.5612244897959,198.5,392.2,6,3,520.0,2127.0,1778.0,15638.0,0.0,0.0,3.0,0.0,0.0,0.0,0.0,2.0,0.0,26.0,0.0,0.0,0.0,30.0,4.0,322.0,31.0,31.0,27.0,4.0,0.0,326.0,0.0,26.0,0.0,0.0,8062.0,48898373.0,153.0,1427.0,0.026328161730136343,1869.0,60.0,26.0,0.0,4.0,0.0,30.0,30.0,0,0,0,0,1,8.201441102756892,8.216094541361846,1.811623801263,125.24551249999996,120.13062500000001,207.62975000000003,2,0.0,0.0,0.0,0.0,0.0020805303401870284,0.7230657935142517,0,539.0,67.0,1.0,333.0,138.0,0.0,6.0,1.0,0.0,10,255.7,0.0,0.0,0.0,2.0,0.0,long_horizon,8.795275590551181,13860.0,1,0.013984625964864219,0.03737500000000005,0.8479381443298969,0.0,0.8373253493013972,0.3118737870070021,0.12,2.1539042821158683,0.0,0.014104372355430184,0.03,1269.0,0.0,2996.0,0.0,17738.0,3213.0,3.0,1319.0,1248.0,0.0,0.0,0.0,0.0
222,0.10632818368521123,5000,39610,0.010032071731984615,10.46948379360879,0.98,214.8673469387755,181.0,394.6,5,2,440.0,2063.0,1757.0,14699.0,0.0,0.0,27.0,0.0,0.0,0.0,0.0,24.0,0.0,44.0,0.0,0.0,0.0,45.0,1.0,291.0,15.0,15.0,14.0,1.0,0.0,292.0,0.0,44.0,0.0,0.0,8079.0,49078093.0,186.0,1423.0,0.043141056713523994,1911.0,90.0,44.0,0.0,1.0,0.0,45.0,45.0,0,0,0,0,2,7.976050700466978,8.56378132118451,1.6879845261809903,119.30747499999998,105.71875,199.08437500000008,2,0.0,0.0,0.0,0.0,0.0020805303401870284,0.7230657935142517,0,498.0,60.0,0.0,316.0,122.0,0.0,4.0,1.0,0.0,10,308.2,0.0,0.0,0.0,24.0,0.0,long_horizon,8.365964712578258,12942.0,1,0.015431205454792062,0.045362499999999945,0.8124215809284818,0.0,0.8501795792714213,0.35155646529875684,0.4883720930232558,2.486464088397788,0.0,0.021812893843916627,0.02,1216.0,0.0,1884.0,0.0,16748.0,2493.0,0.0,1339.0,1287.0,0.0,0.0,0.0,0.0
223,0.10526490184835911,5000,39734,0.06767252087593079,12.298781925203125,1.0,215.47,200.5,366.9000000000001,0,0,407.0,2122.0,1783.0,15820.0,0.0,0.0,7.0,0.0,0.0,0.0,0.0,4.0,0.0,29.0,0.0,0.0,0.0,32.0,3.0,314.0,29.0,29.0,26.0,2.0,1.0,317.0,0.0,29.0,0.0,0.0,8114.0,49268256.0,158.0,1531.0,0.028746465598491987,2016.0,64.0,29.0,0.0,3.0,0.0,32.0,32.0,0,0,0,0,0,8.149559935539854,7.937710437710438,1.8461641198314434,121.86319999999999,118.16312500000001,200.776875,0,0.0,0.0,0.0,0.0,0.0020805303401870284,0.7230657935142517,0,502.0,74.0,0.0,315.0,113.0,0.0,0.0,1.0,0.0,10,274.8,0.0,0.0,0.0,4.0,0.0,long_horizon,8.872686483454851,14037.0,1,0.012684494129280336,0.04599999999999982,0.8278145695364238,0.0,0.8415,0.3256318745068918,0.07692307692307693,2.191022443890274,0.0,0.015080113100848256,0.0,1004.0,0.0,1874.0,0.0,17916.0,2073.0,1.0,1436.0,1368.0,0.0,0.0,0.0,0.0
224,0.10421225282987552,5000,39878,0.019583826884627342,9.643977244595577,0.99,228.88888888888889,194.0,429.80000000000007,4,2,399.0,2061.0,1683.0,16714.0,0.0,0.0,4.0,0.0,0.0,0.0,0.0,2.0,0.0,21.0,0.0,0.0,0.0,21.0,0.0,360.0,21.0,21.0,18.0,0.0,0.0,360.0,0.0,21.0,0.0,0.0,8134.0,49460791.0,173.0,1471.0,0.020378457059679767,2008.0,42.0,21.0,0.0,0.0,0.0,21.0,21.0,0,0,0,0,1,8.484889305376596,8.753864447086801,1.8987833047999945,122.63667499999998,112.36500000000001,202.471125,1,0.0,0.0,0.0,0.0,0.0020805303401870284,0.7230657935142517,0,452.0,78.0,1.0,273.0,100.0,0.0,3.0,1.0,0.0,10,365.0,0.0,0.0,0.0,2.0,0.0,long_horizon,9.931075460487225,15031.0,1,0.013940781822677228,0.02620625000000014,0.8591635916359164,0.0,0.8147195059186825,0.3788476111512298,0.05555555555555555,2.7850515463917525,0.0,0.010189228529839884,0.02,1111.0,0.0,1574.0,0.0,18757.0,3001.0,3.0,1364.0,1319.0,0.0,0.0,0.0,0.0
225,0.10317013030157676,5000,40018,0.11175666749477386,7.106639756460083,0.98,256.4795918367347,206.0,512.9,7,4,484.0,2295.0,1829.0,19066.0,0.0,0.0,4.0,0.0,0.0,0.0,0.0,4.0,0.0,22.0,0.0,0.0,0.0,23.0,1.0,447.0,20.0,20.0,17.0,1.0,0.0,448.0,0.0,22.0,0.0,0.0,8153.0,49671649.0,196.0,1598.0,0.0196078431372549,2090.0,46.0,22.0,0.0,1.0,0.0,23.0,23.0,0,0,0,0,2,8.7165991902834,8.474029524330236,1.8070805840128286,134.3355875,125.4,214.61525000000003,2,0.0,0.0,0.0,0.0,0.0020805303401870284,0.7230657935142517,0,542.0,80.0,1.0,344.0,117.0,0.0,6.0,1.0,0.0,10,377.4,0.0,0.0,0.0,4.0,0.0,long_horizon,10.424275560415527,17237.0,1,0.013488173843583277,0.04593749999999985,0.8417792792792793,0.0,0.7942122186495176,0.34866049861360904,0.1,2.743689320388349,0.0,0.010021786492374727,0.04,1384.0,0.0,2147.0,0.0,21344.0,3524.0,2.0,1475.0,1420.0,0.0,0.0,0.0,0.0
226,0.10213842899856099,5000,40136,0.03592265769839287,13.214820528331309,1.0,188.62,175.5,333.3,0,0,416.0,1941.0,1632.0,13781.0,0.0,1.0,13.0,0.0,0.0,0.0,0.0,9.0,0.0,24.0,0.0,0.0,0.0,24.0,0.0,275.0,36.0,36.0,27.0,1.0,7.0,283.0,0.0,24.0,0.0,0.0,8192.0,49840477.0,144.0,1354.0,0.02472952086553323,1862.0,56.0,24.0,0.0,0.0,0.0,32.0,24.0,0,0,0,0,0,8.13737905520774,7.576333537706928,1.9150799483207501,110.79983749999998,104.685,178.66687500000012,0,0.0,0.0,0.0,0.0,0.0020805303401870284,0.7230657935142517,0,420.0,66.0,0.0,260.0,94.0,0.0,0.0,1.0,0.0,10,235.7,0.0,0.0,0.0,9.0,0.0,long_horizon,8.44424019607843,12149.0,1,0.011614589660159073,0.03041000000000003,0.8501694915254238,0.0,0.8440771349862259,0.3360661647757395,0.3333333333333333,2.0663817663817663,0.0,0.012364760432766615,0.0,797.0,0.0,1545.0,0.0,15695.0,2263.0,9.0,1261.0,1210.0,0.0,0.0,0.0,0.0
227,0.10111704470857538,5000,40470,0.009873398579657078,-1.023647624999393,0.94,241.2659574468085,201.0,418.0,17,5,439.0,2402.0,1803.0,21594.0,0.0,0.0,15.0,0.0,0.0,0.0,0.0,14.0,0.0,41.0,0.0,0.0,0.0,42.0,1.0,573.0,22.0,22.0,21.0,1.0,0.0,575.0,0.0,41.0,0.0,0.0,8220.0,50068201.0,195.0,1747.0,0.03455453788509576,2105.0,84.0,41.0,0.0,1.0,0.0,42.0,42.0,1,0,0,1,6,9.0,9.990011098779135,1.6028182127010537,128.13417500000003,116.44124999999998,200.99575000000002,5,1.0,0.0,0.0,0.0,0.0020805303401870284,0.7230657935142517,0,533.0,72.0,1.0,337.0,123.0,0.0,11.0,1.0,0.0,12,593.75,0.0,0.0,0.0,14.0,0.0,long_horizon,11.976705490848586,19791.0,1,0.013540292554643035,0.03737499999999999,0.8266527850078085,0.0,0.747585601404741,0.38107659818390416,0.3611111111111111,2.9395522388059656,0.01,0.017485428809325562,0.05,1818.0,0.0,1810.0,0.0,23975.0,3575.0,1.0,1496.0,1433.0,0.0,0.0,0.0,0.0
228,0.10010587426148963,5000,40646,0.023055829107761383,2.545614403331275,0.99,280.24242424242425,227.0,572.4000000000001,3,2,429.0,2362.0,1822.0,20732.0,0.0,0.0,12.0,0.0,0.0,0.0,0.0,8.0,0.0,33.0,0.0,0.0,0.0,34.0,1.0,527.0,14.0,14.0,13.0,1.0,0.0,528.0,0.0,33.0,0.0,0.0,8238.0,50300345.0,196.0,1724.0,0.0283657917019475,2194.0,68.0,33.0,0.0,1.0,0.0,34.0,34.0,0,0,0,0,1,8.882355708170657,8.828665568369027,1.7119637009656772,126.19875,118.4325,208.50975000000003,1,0.0,0.0,0.0,0.0,0.002080530340187028,0.7230657935142517,0,502.0,85.0,0.0,312.0,105.0,0.0,3.0,1.0,0.0,10,462.6,0.0,0.0,0.0,8.0,0.0,long_horizon,11.378704720087816,18910.0,1,0.013104952673694097,0.05288750000000009,0.8044048243314106,0.0,0.7653333333333333,0.3928791956473616,0.36666666666666664,2.810572687224669,0.0,0.014394580863674851,0.02,1213.0,0.0,1799.0,0.0,23081.0,2703.0,1.0,1529.0,1473.0,0.0,0.0,0.0,0.0
229,0.09910481551887473,5000,40767,0.03079613298177719,6.0438388853720655,0.96,263.9375,244.5,438.0,10,5,422.0,2352.0,1872.0,19961.0,0.0,0.0,9.0,0.0,0.0,0.0,0.0,9.0,0.0,26.0,0.0,0.0,0.0,27.0,1.0,466.0,15.0,15.0,14.0,1.0,0.0,467.0,0.0,26.0,0.0,0.0,8254.0,50530076.0,187.0,1729.0,0.022534013605442178,2305.0,54.0,26.0,0.0,1.0,0.0,27.0,27.0,0,0,0,0,2,8.704949331766779,8.563636363636364,1.7530630407538614,144.211975,144.1725,212.995375,4,0.0,0.0,0.0,0.0,0.0020805303401870284,0.7230657935142517,0,563.0,97.0,1.0,338.0,127.0,0.0,8.0,1.0,0.0,10,249.8,0.0,0.0,0.0,9.0,0.0,long_horizon,10.662927350427351,18089.0,1,0.01378110751574055,0.03737500000000016,0.825446898002103,0.0,0.7914247431889236,0.2777933999000184,0.25,1.8773006134969326,0.0,0.011479591836734694,0.05,873.0,0.0,1865.0,0.0,22299.0,3593.0,0.0,1600.0,1520.0,0.0,0.0,0.0,0.0
230,0.09811376736368599,5000,40966,0.0026158990804105997,1.3005889363217111,0.96,278.1666666666667,210.5,596.5,16,6,442.0,2467.0,1914.0,20768.0,0.0,0.0,14.0,0.0,0.0,0.0,0.0,12.0,0.0,44.0,0.0,0.0,0.0,46.0,2.0,525.0,25.0,25.0,23.0,1.0,1.0,528.0,0.0,44.0,0.0,0.0,8285.0,50767495.0,191.0,1811.0,0.03648155654641265,2220.0,92.0,44.0,0.0,2.0,0.0,46.0,46.0,0,0,0,0,4,8.808255846717385,9.067920585161964,1.5682096688326095,126.82959999999999,120.57,193.05800000000008,4,0.0,0.0,0.0,0.0,0.0020805303401870284,0.7230657935142517,0,570.0,78.0,0.0,362.0,130.0,0.0,10.0,1.0,0.0,10,636.5,0.0,0.0,0.0,12.0,0.0,long_horizon,10.850574712643677,18854.0,1,0.014717302604316963,0.06227500000000001,0.7496206373292867,0.0,0.7745516652433817,0.3951140278609946,0.16666666666666666,3.695961995249406,0.0,0.018646128901499796,0.06,1092.0,0.0,1839.0,0.0,23212.0,2700.0,0.0,1587.0,1493.0,0.0,0.0,0.0,0.0
231,0.09713262969004913,5000,41103,0.00448271632194519,8.23252008231208,0.98,224.71428571428572,183.0,551.6,8,4,319.0,2084.0,1648.0,17320.0,0.0,0.0,3.0,0.0,0.0,0.0,0.0,2.0,0.0,23.0,0.0,0.0,0.0,24.0,1.0,424.0,13.0,13.0,12.0,1.0,0.0,425.0,0.0,23.0,0.0,0.0,8299.0,50966807.0,164.0,1589.0,0.022552783109404992,2069.0,48.0,23.0,0.0,1.0,0.0,24.0,24.0,0,0,0,0,2,8.626634355275023,8.074726609963548,1.9499908844889895,120.4618,118.22562500000001,186.61587500000002,2,0.0,0.0,0.0,0.0,0.0020805303401870284,0.7230657935142517,0,442.0,73.0,0.0,239.0,130.0,0.0,6.0,1.0,0.0,10,405.9,0.0,0.0,0.0,2.0,0.0,long_horizon,10.509708737864077,15672.0,1,0.015330442810274184,0.04573750000000043,0.8459770114942529,0.0,0.7845919918905221,0.3837285163815778,0.041666666666666664,3.136065573770492,0.0,0.011516314779270634,0.04,926.0,0.0,1168.0,0.0,19392.0,2291.0,0.0,1444.0,1383.0,0.0,0.0,0.0,0.0
232,0.09616130339314863,5000,41244,0.03789724409580231,10.644260625000397,1.0,221.25,184.5,446.6,0,0,441.0,2124.0,1778.0,16312.0,0.0,1.0,21.0,0.0,0.0,0.0,0.0,15.0,0.0,43.0,0.0,0.0,0.0,43.0,0.0,325.0,23.0,23.0,22.0,0.0,0.0,325.0,0.0,43.0,0.0,0.0,8324.0,51156487.0,167.0,1494.0,0.04048964218455744,1990.0,86.0,43.0,0.0,0.0,0.0,43.0,43.0,0,0,0,0,0,8.152371220772975,8.140686550365785,1.783759315241845,127.13561250000002,127.860625,204.838375,0,0.0,0.0,0.0,0.0,0.0020805303401870284,0.7230657935142517,0,514.0,74.0,0.0,316.0,124.0,0.0,0.0,1.0,0.0,10,319.5,0.0,0.0,0.0,15.0,0.0,long_horizon,9.174353205849268,14534.0,1,0.012938003663003664,0.04636374999999994,0.8241758241758241,0.0,0.8377433849226161,0.34865401129943496,0.38461538461538464,2.524661246612466,0.0,0.02024482109227872,0.0,1142.0,0.0,2175.0,0.0,18414.0,2312.0,0.0,1374.0,1309.0,0.0,0.0,0.0,0.0
233,0.09519969035921715,5000,41481,0.021044842898845673,1.1289776708145647,0.91,270.9340659340659,212.0,517.0,30,13,500.0,2265.0,1728.0,19884.0,0.0,0.0,14.0,0.0,0.0,0.0,0.0,9.0,0.0,22.0,0.0,0.0,0.0,24.0,2.0,509.0,22.0,22.0,20.0,2.0,0.0,511.0,0.0,22.0,0.0,0.0,8350.0,51372824.0,150.0,1595.0,0.020309050772626933,1993.0,48.0,22.0,0.0,2.0,0.0,24.0,24.0,0,0,0,0,9,8.91139116363458,11.125651418645049,1.6361503580125085,128.3540125,127.51062500000002,202.1595000000001,9,0.0,0.0,0.0,0.0,0.0020805303401870284,0.7230657935142517,0,515.0,77.0,0.0,308.0,130.0,0.0,22.0,1.0,0.0,10,574.9,0.0,0.0,0.0,9.0,0.0,long_horizon,11.506944444444445,18156.0,1,0.010923053828324961,0.01661250000000012,0.8392338943702844,0.0,0.7611033193080879,0.3983107543440134,0.45454545454545453,3.4033018867924527,0.0,0.010596026490066225,0.13,2063.0,0.0,2658.0,0.0,22129.0,5108.0,0.0,1439.0,1375.0,0.0,0.0,0.0,0.0
234,0.09424769345562498,5000,41622,0.02401035651564598,6.452986870341847,0.97,218.36082474226805,201.0,357.40000000000003,6,3,432.0,2160.0,1773.0,16227.0,0.0,1.0,31.0,0.0,0.0,0.0,0.0,29.0,0.0,37.0,0.0,0.0,0.0,38.0,1.0,353.0,37.0,37.0,35.0,1.0,0.0,355.0,0.0,37.0,0.0,0.0,8393.0,51564447.0,159.0,1534.0,0.034722222222222224,1999.0,76.0,37.0,0.0,1.0,0.0,38.0,38.0,0,0,0,0,0,8.291840057897593,8.103896103896103,1.5805116301033921,126.14121249999997,130.86874999999998,199.50475000000003,3,0.0,0.0,0.0,0.0,0.0020805303401870284,0.7230657935142517,0,492.0,60.0,0.0,305.0,127.0,0.0,6.0,1.0,0.0,10,273.3,0.0,0.0,0.0,29.0,0.0,long_horizon,9.152284263959391,14454.0,1,0.014385357525546877,0.0457450000000004,0.8156626506024096,0.0,0.8249506903353058,0.3083798599892824,0.4857142857142857,2.3373134328358196,0.0,0.017592592592592594,0.03,1557.0,0.0,1775.0,0.0,18352.0,3206.0,0.0,1429.0,1351.0,0.0,0.0,0.0,0.0
235,0.09330521652106873,5000,41797,0.021433647722005844,6.8035713192176,0.98,244.87755102040816,212.0,429.29999999999995,9,3,452.0,2271.0,1867.0,17764.0,0.0,2.0,14.0,0.0,0.0,0.0,0.0,12.0,0.0,36.0,0.0,0.0,0.0,36.0,0.0,380.0,23.0,23.0,21.0,0.0,0.0,381.0,0.0,36.0,0.0,0.0,8418.0,51770977.0,160.0,1638.0,0.031704095112285335,2139.0,72.0,36.0,0.0,0.0,0.0,36.0,36.0,0,0,0,0,2,8.317993937723891,8.758971612212106,1.678096874385855,131.07704999999999,133.27499999999998,210.32037500000004,2,0.0,0.0,0.0,0.0,0.0020805303401870284,0.7230657935142517,0,504.0,64.0,2.0,301.0,137.0,0.0,5.0,1.0,0.0,10,397.20000000000005,0.0,0.0,0.0,12.0,0.0,long_horizon,9.514729512587039,15897.0,1,0.01727335958770194,0.05935,0.8131682611142375,0.0,0.8226256983240223,0.359906692904681,0.23076923076923078,2.8134433962264134,0.0,0.015852047556142668,0.03,1494.0,0.0,1779.0,0.0,20014.0,3295.0,2.0,1493.0,1427.0,0.0,0.0,0.0,0.0
236,0.09237216435585804,5000,41919,0.03774833679199219,10.420424807869281,1.0,237.79,230.5,402.20000000000005,2,2,374.0,2194.0,1799.0,17404.0,0.0,0.0,4.0,0.0,0.0,0.0,0.0,4.0,0.0,22.0,0.0,0.0,0.0,22.0,0.0,364.0,31.0,31.0,31.0,0.0,0.0,364.0,0.0,22.0,0.0,0.0,8450.0,51976831.0,173.0,1616.0,0.020054694621695533,2232.0,44.0,22.0,0.0,0.0,0.0,22.0,22.0,0,0,0,0,0,8.348435389464205,8.467481934408005,1.8921322366012312,132.8077125,133.991875,208.71587499999998,0,0.0,0.0,0.0,0.0,0.002080530340187028,0.7230657935142517,0,537.0,94.0,2.0,330.0,111.0,0.0,2.0,1.0,0.0,10,250.5,0.0,0.0,0.0,4.0,0.0,long_horizon,9.67426347971095,15605.0,1,0.014371330158461988,0.05674999999999997,0.8402501421262081,0.0,0.8235579253514299,0.30050843180957987,0.23529411764705882,2.0188720173535786,0.0,0.010027347310847767,0.02,1130.0,0.0,1416.0,0.0,19567.0,3259.0,0.0,1523.0,1441.0,0.0,0.0,0.0,0.0
237,0.09144844271229946,5000,42051,0.08305689692497253,9.304202891561795,1.0,227.88,209.5,400.50000000000006,0,0,470.0,2141.0,1785.0,16662.0,0.0,0.0,11.0,0.0,0.0,0.0,0.0,9.0,0.0,31.0,0.0,0.0,0.0,33.0,2.0,342.0,18.0,18.0,16.0,2.0,0.0,344.0,0.0,31.0,0.0,0.0,8472.0,52166995.0,154.0,1501.0,0.029892573563755253,1923.0,66.0,31.0,0.0,2.0,0.0,33.0,33.0,0,0,0,0,0,8.37308868501529,8.264722378014582,1.7974350982917042,123.79637500000001,121.25625,196.23737500000004,0,0.0,0.0,0.0,0.0,0.0020805303401870284,0.7230657935142517,0,544.0,60.0,0.0,340.0,144.0,0.0,0.0,1.0,0.0,10,286.0,0.0,0.0,0.0,9.0,0.0,long_horizon,9.334453781512606,14877.0,1,0.015884542144091074,0.045812499999999985,0.8430054978619426,0.0,0.830458353868901,0.32951290152711943,0.2962962962962963,2.2377088305489257,0.0,0.015413358243811303,0.0,1228.0,0.0,2249.0,0.0,18787.0,3114.0,0.0,1384.0,1323.0,0.0,0.0,0.0,1.0
238,0.09053395828517646,5000,42172,0.07946723699569702,9.977339375000252,1.0,226.61,196.0,410.70000000000005,0,0,392.0,2219.0,1884.0,16418.0,0.0,1.0,12.0,0.0,0.0,0.0,0.0,9.0,0.0,57.0,0.0,0.0,0.0,61.0,4.0,314.0,24.0,24.0,19.0,4.0,0.0,320.0,0.0,57.0,0.0,0.0,8504.0,52367911.0,166.0,1642.0,0.05317710680486706,2132.0,122.0,57.0,0.0,4.0,0.0,61.0,61.0,0,0,0,0,0,8.093103860403968,8.093949044585987,1.6599118564225055,123.3255875,118.03437500000001,195.09300000000002,0,0.0,0.0,0.0,0.0,0.002080530340187028,0.7230657935142517,0,537.0,86.0,0.0,324.0,127.0,0.0,0.0,1.0,0.0,10,279.1,0.0,0.0,0.0,9.0,0.0,long_horizon,8.71443736730361,14534.0,1,0.016709227858744395,0.05935000000000001,0.8139013452914798,0.0,0.8479087452471483,0.3070204315784828,0.13725490196078433,2.3331632653061223,0.0,0.027489860297431275,0.0,847.0,0.0,1557.0,0.0,18618.0,2646.0,0.0,1510.0,1425.0,0.0,0.0,2.0,0.0
239,0.08962861870232469,5000,42310,0.0791676789522171,8.226381000000362,0.98,223.80612244897958,203.0,458.6,6,2,424.0,2060.0,1655.0,16682.0,0.0,0.0,14.0,0.0,0.0,0.0,0.0,11.0,0.0,30.0,0.0,0.0,0.0,31.0,1.0,386.0,20.0,20.0,17.0,1.0,0.0,387.0,0.0,30.0,0.0,0.0,8524.0,52557627.0,151.0,1468.0,0.029611650485436892,1962.0,62.0,30.0,0.0,1.0,0.0,31.0,31.0,0,0,0,0,2,8.518045465198032,8.245317220543807,1.8347589728096683,121.6242,120.024375,193.47387500000008,2,0.0,0.0,0.0,0.0,0.0020805303401870284,0.7230657935142517,0,507.0,65.0,0.0,312.0,130.0,0.0,4.0,1.0,0.0,10,283.4,0.0,0.0,0.0,11.0,0.0,long_horizon,10.0797583081571,15027.0,1,0.011635659700561449,0.02927499999999994,0.8390517779164067,0.0,0.8007209062821833,0.35066115079597715,0.38461538461538464,2.3197044334975367,0.0,0.015048543689320388,0.02,1185.0,0.0,2282.0,0.0,18725.0,2690.0,4.0,1395.0,1312.0,0.0,0.0,0.0,0.0
240,0.08873233251530144,5000,42433,0.02510778233408928,12.75305049999998,1.0,203.29,181.5,377.1000000000002,0,0,376.0,2052.0,1733.0,14806.0,0.0,0.0,5.0,0.0,0.0,0.0,0.0,5.0,0.0,32.0,0.0,0.0,0.0,35.0,3.0,296.0,26.0,26.0,23.0,2.0,1.0,300.0,0.0,32.0,0.0,0.0,8557.0,52740901.0,153.0,1500.0,0.032651072124756333,2057.0,70.0,32.0,0.0,3.0,0.0,35.0,35.0,0,0,0,0,0,7.9797391246772165,7.688221709006928,1.8240040680900176,120.99645000000001,121.70874999999998,185.57575,0,0.0,0.0,0.0,0.0,0.0020805303401870284,0.7230657935142517,0,480.0,56.0,0.0,314.0,110.0,0.0,0.0,1.0,0.0,10,288.1,0.0,0.0,0.0,5.0,0.0,long_horizon,8.543566070398153,13073.0,1,0.013709811001843882,0.05720500000000001,0.8248309772587584,0.0,0.8448008277289187,0.34213635692852584,0.10344827586206896,2.4920110192837464,0.0,0.01705653021442495,0.0,660.0,0.0,1429.0,0.0,16835.0,2345.0,0.0,1395.0,1322.0,0.0,0.0,0.0,0.0
241,0.08784500919014843,5000,42555,0.026976317167282104,12.189379741507937,1.0,220.03,205.5,386.40000000000003,1,1,410.0,2091.0,1772.0,15178.0,0.0,0.0,15.0,0.0,0.0,0.0,0.0,10.0,0.0,30.0,0.0,0.0,0.0,30.0,0.0,300.0,23.0,23.0,21.0,0.0,0.0,300.0,0.0,30.0,0.0,0.0,8579.0,52928406.0,140.0,1520.0,0.028694404591104734,2003.0,60.0,30.0,0.0,0.0,0.0,30.0,30.0,0,0,0,0,0,8.117521643623206,8.435028248587571,1.8501498251342294,130.81329999999997,134.8725,193.94900000000015,0,0.0,0.0,0.0,0.0,0.002080530340187028,0.7230657935142517,0,519.0,81.0,0.0,320.0,118.0,0.0,1.0,1.0,0.0,10,250.60000000000002,0.0,0.0,0.0,10.0,0.0,long_horizon,8.565462753950339,13406.0,1,0.015270914375305956,0.045737499999999986,0.8439975624619135,0.0,0.847870182555781,0.311441621597055,0.39285714285714285,2.175425790754258,0.0,0.014347202295552367,0.01,715.0,0.0,1692.0,0.0,17248.0,2581.0,4.0,1402.0,1318.0,0.0,0.0,0.0,0.0
242,0.08696655909824694,5000,42667,0.009572293609380722,7.910622431662831,0.99,218.73737373737373,218.0,355.40000000000003,2,1,378.0,2075.0,1733.0,15652.0,0.0,0.0,23.0,0.0,0.0,0.0,0.0,20.0,0.0,45.0,0.0,0.0,0.0,49.0,4.0,319.0,26.0,26.0,22.0,4.0,0.0,324.0,0.0,45.0,0.0,0.0,8613.0,53114396.0,158.0,1517.0,0.04530120481927711,1937.0,98.0,45.0,0.0,4.0,0.0,49.0,49.0,0,0,0,0,1,8.23046581517656,8.44515011547344,1.6745591972411584,121.727125,112.59625,204.69350000000006,1,0.0,0.0,0.0,0.0,0.0020805303401870284,0.7230657935142517,0,493.0,64.0,0.0,297.0,132.0,0.0,2.0,1.0,0.0,10,235.8,0.0,0.0,0.0,20.0,0.0,long_horizon,9.031736872475475,13919.0,1,0.015574464542387,0.052099999999999924,0.816969696969697,0.0,0.8344404701073072,0.30869022713862226,0.32432432432432434,2.0903669724770637,0.0,0.023614457831325302,0.01,1020.0,0.0,1744.0,0.0,17705.0,2718.0,1.0,1402.0,1317.0,0.0,0.0,1.0,0.0
243,0.08609689350726446,5000,42785,0.05397055670619011,14.704403741888934,1.0,198.4,177.0,394.40000000000003,0,0,393.0,2071.0,1776.0,14207.0,0.0,0.0,8.0,0.0,0.0,0.0,0.0,7.0,0.0,27.0,0.0,0.0,0.0,30.0,3.0,275.0,23.0,23.0,20.0,3.0,0.0,279.0,0.0,27.0,0.0,0.0,8642.0,53290378.0,159.0,1499.0,0.027522935779816515,1940.0,60.0,27.0,0.0,3.0,0.0,30.0,30.0,0,0,0,0,0,7.899123109852931,7.500845070422535,1.8990145313475864,125.67776250000001,122.97562500000001,211.42812500000005,0,0.0,0.0,0.0,0.0,0.0020805303401870284,0.7230657935142517,0,515.0,72.0,2.0,305.0,136.0,0.0,0.0,1.0,0.0,10,292.6,0.0,0.0,0.0,7.0,0.0,long_horizon,7.999436936936937,12431.0,1,0.00982574556768621,0.015475000000000072,0.8655256723716381,0.0,0.8572890025575448,0.34061895161290323,0.21428571428571427,2.460734463276836,0.0,0.014485755673587638,0.0,1205.0,0.0,1371.0,0.0,16258.0,2498.0,1.0,1394.0,1322.0,0.0,0.0,1.0,0.0
244,0.08523592457219181,5000,42928,0.0471777506172657,10.072175025244581,0.98,214.37755102040816,184.5,405.0,5,3,446.0,2079.0,1740.0,15051.0,0.0,0.0,8.0,0.0,0.0,0.0,0.0,7.0,0.0,40.0,0.0,0.0,0.0,42.0,2.0,314.0,25.0,25.0,23.0,2.0,0.0,317.0,0.0,40.0,0.0,0.0,8676.0,53474435.0,175.0,1435.0,0.039442039442039445,1963.0,84.0,40.0,0.0,2.0,0.0,42.0,42.0,0,0,0,0,2,8.215280489392164,8.43473260494537,1.7674706113901884,119.07733750000001,116.975,194.72375000000002,2,0.0,0.0,0.0,0.0,0.0020805303401870284,0.7230657935142517,0,506.0,74.0,0.0,298.0,134.0,0.0,5.0,1.0,0.0,11,319.1363636363636,0.0,0.0,0.0,7.0,0.0,long_horizon,8.65,13311.0,1,0.01301452220932823,0.027160000000000132,0.831758034026465,0.0,0.8380173735309147,0.34636613463034793,0.21428571428571427,2.661246612466123,0.0,0.020202020202020204,0.03,1212.0,0.0,1823.0,0.0,17107.0,2862.0,2.0,1345.0,1278.0,0.0,0.0,0.0,0.0
245,0.0843835653264699,5000,43087,0.034949891269207,9.854534242984105,1.0,218.59,202.5,364.50000000000006,0,0,402.0,2122.0,1757.0,16157.0,0.0,0.0,22.0,0.0,0.0,0.0,0.0,15.0,0.0,39.0,0.0,0.0,0.0,42.0,3.0,344.0,25.0,25.0,22.0,3.0,0.0,347.0,0.0,39.0,0.0,0.0,8708.0,53662679.0,153.0,1545.0,0.03817153628652215,1913.0,84.0,39.0,0.0,3.0,0.0,42.0,42.0,0,0,0,0,0,8.288103751287801,7.841685649202733,1.8202234959957553,125.42848750000002,121.87812500000001,197.93375,0,0.0,0.0,0.0,0.0,0.0020805303401870284,0.7230657935142517,0,479.0,71.0,2.0,285.0,121.0,0.0,0.0,1.0,0.0,10,310.6,0.0,0.0,0.0,15.0,0.0,long_horizon,9.19578827546955,14400.0,1,0.014065436413377798,0.04573750000000043,0.84,0.0,0.8268463073852296,0.3278553456242279,0.4,2.0350617283950614,0.0,0.019792648444863337,0.0,941.0,0.0,1761.0,0.0,18257.0,2436.0,2.0,1403.0,1331.0,0.0,0.0,0.0,0.0
246,0.0835397296732052,5000,43231,0.022972360253334045,5.427374125000385,0.99,250.34343434343435,225.0,515.0000000000001,2,1,345.0,2222.0,1716.0,19333.0,0.0,0.0,13.0,0.0,0.0,0.0,0.0,6.0,0.0,39.0,0.0,0.0,0.0,40.0,1.0,479.0,27.0,27.0,26.0,1.0,0.0,480.0,0.0,39.0,0.0,0.0,8736.0,53874434.0,164.0,1687.0,0.03555355535553555,2118.0,80.0,39.0,0.0,1.0,0.0,40.0,40.0,0,0,0,0,1,8.845295780335151,8.261655011655012,1.8546803103146856,120.74081249999999,114.41312500000001,194.16487499999997,1,0.0,0.0,0.0,0.0,0.0020805303401870284,0.7230657935142517,0,506.0,80.0,0.0,306.0,120.0,0.0,2.0,1.0,0.0,10,394.5,0.0,0.0,0.0,6.0,0.0,long_horizon,11.266317016317016,17617.0,1,0.013055863437328955,0.056584999999999934,0.8319649698960043,0.0,0.7709923664122137,0.36192867995643985,0.3448275862068966,2.710222222222222,0.0,0.018001800180018002,0.01,649.0,0.0,1434.0,0.0,21529.0,2177.0,3.0,1550.0,1489.0,0.0,0.0,0.0,0.0
247,0.08270433237647315,5000,43348,0.06544137746095657,10.031911375000252,1.0,224.34,197.0,407.1,0,0,334.0,2097.0,1744.0,16558.0,0.0,0.0,19.0,0.0,0.0,0.0,0.0,16.0,0.0,23.0,0.0,0.0,0.0,24.0,1.0,346.0,10.0,10.0,8.0,1.0,0.0,347.0,0.0,23.0,0.0,0.0,8746.0,54068723.0,143.0,1612.0,0.02241297091082499,2077.0,48.0,23.0,0.0,1.0,0.0,24.0,24.0,0,0,0,0,0,8.34210837671557,8.153184165232357,1.8051095971903672,129.4780625,134.550625,202.734,0,0.0,0.0,0.0,0.0,0.002080530340187028,0.7230657935142517,0,460.0,70.0,0.0,288.0,102.0,0.0,0.0,1.0,0.0,10,285.4,0.0,0.0,0.0,16.0,0.0,long_horizon,9.494266055045872,14814.0,1,0.012115340583858044,0.05108000000000016,0.8374356038923869,0.0,0.8257157207433451,0.3214023357403941,0.5217391304347826,2.1974619289340094,0.0,0.011444921316165951,0.0,890.0,0.0,1445.0,0.0,18647.0,2487.0,2.0,1462.0,1410.0,0.0,0.0,0.0,0.0
248,0.08187728905270841,5000,43682,0.006925300695002079,-11.487268582558933,0.89,281.6629213483146,200.0,443.4000000000001,32,14,562.0,2617.0,1783.0,25881.0,0.0,0.0,9.0,0.0,0.0,0.0,0.0,8.0,0.0,20.0,0.0,0.0,0.0,20.0,0.0,810.0,18.0,18.0,17.0,0.0,0.0,811.0,0.0,20.0,0.0,0.0,8763.0,54346612.0,165.0,1873.0,0.015284677111196026,2435.0,40.0,20.0,0.0,0.0,0.0,20.0,20.0,2,0,0,2,11,9.522141465607673,10.73876404494382,1.5248564148861024,126.98893749999998,121.14875000000002,208.852,9,2.0,0.0,0.0,0.0,0.0020805303401870284,0.7230657935142517,0,530.0,70.0,3.0,319.0,138.0,0.0,25.0,1.0,0.0,11,1008.4545454545455,0.0,0.0,0.0,8.0,0.0,long_horizon,14.515423443634324,24098.0,1,0.01167531580462269,0.013675000000000104,0.8005937654626423,0.0,0.6748195669607057,0.4545918248431682,0.35294117647058826,3.3639999999999985,0.02,0.007642338555598013,0.14,2294.0,0.0,3902.0,0.0,28481.0,7810.0,1.0,1680.0,1603.0,0.0,0.0,0.0,0.0
249,0.08105851616218133,5000,43823,0.056227922439575195,6.655774898673289,0.99,263.6363636363636,225.0,476.6,6,3,538.0,2431.0,1986.0,19207.0,0.0,0.0,18.0,0.0,0.0,0.0,0.0,16.0,0.0,29.0,0.0,0.0,0.0,30.0,1.0,431.0,14.0,14.0,13.0,1.0,0.0,433.0,0.0,29.0,0.0,0.0,8778.0,54566473.0,150.0,1730.0,0.024269847799259565,2206.0,60.0,29.0,0.0,1.0,0.0,30.0,30.0,0,0,0,0,1,8.519323794490555,8.27103274559194,1.6449719767536641,134.481825,125.52187500000001,221.72187499999995,1,0.0,0.0,0.0,0.0,0.0020805303401870284,0.7230657935142517,0,555.0,67.0,3.0,357.0,128.0,0.0,4.0,1.0,0.0,10,363.20000000000005,0.0,0.0,0.0,16.0,0.0,long_horizon,9.671198388721047,17221.0,1,0.012643764468097144,0.027650000000000025,0.837620578778135,0.0,0.8132815868909012,0.3236363636363635,0.42857142857142855,2.64,0.0,0.012340600575894693,0.03,1853.0,0.0,2600.0,0.0,21625.0,3409.0,0.0,1573.0,1489.0,0.0,0.0,1.0,0.0
250,0.08024793100055952,5000,43940,0.02609947696328163,11.49586712500049,1.0,230.72,215.5,407.5000000000002,2,0,395.0,2216.0,1842.0,16337.0,0.0,0.0,13.0,0.0,0.0,0.0,0.0,10.0,0.0,28.0,0.0,0.0,0.0,30.0,2.0,358.0,18.0,18.0,16.0,0.0,2.0,361.0,0.0,28.0,0.0,0.0,8797.0,54762476.0,163.0,1642.0,0.026173285198555957,2043.0,60.0,28.0,0.0,2.0,0.0,30.0,30.0,0,0,0,0,0,8.335409678965021,7.942422596414992,1.7823728080890338,130.87820000000002,134.48875,213.740375,0,0.0,0.0,0.0,0.0,0.0020805303401870284,0.7230657935142517,0,509.0,81.0,0.0,310.0,118.0,0.0,0.0,1.0,0.0,10,291.2,0.0,0.0,0.0,10.0,0.0,long_horizon,8.869163952225842,14495.0,1,0.010185457470621155,0.021322500000000116,0.851147174034695,0.0,0.828340466000951,0.3344018723994453,0.3448275862068966,2.410208816705336,0.0,0.013537906137184115,0.0,1083.0,0.0,1501.0,0.0,18537.0,2221.0,0.0,1460.0,1404.0,0.0,0.0,0.0,0.0
251,0.07944545169055392,5000,44171,0.00832488015294075,-0.33707824999965585,0.95,313.62105263157895,205.0,699.6000000000009,20,12,384.0,2380.0,1767.0,21523.0,0.0,0.0,11.0,0.0,0.0,0.0,0.0,6.0,0.0,18.0,0.0,0.0,0.0,19.0,1.0,594.0,17.0,17.0,16.0,1.0,0.0,595.0,0.0,18.0,0.0,0.0,8815.0,55003942.0,157.0,1823.0,0.015546218487394958,2213.0,38.0,18.0,0.0,1.0,0.0,19.0,19.0,0,0,0,0,4,9.121218971831622,10.673839184597961,1.6779933078664406,131.34116249999997,137.00125,205.21425000000008,5,0.0,0.0,0.0,0.0,0.002080530340187028,0.7230657935142517,0,505.0,69.0,0.0,296.0,140.0,0.0,17.0,1.0,0.0,10,834.2,0.0,0.0,0.0,6.0,0.0,long_horizon,12.180531975099038,19756.0,1,0.012201891237901174,0.03796499999999997,0.8033622007131941,0.0,0.7369584438549955,0.43987662651964543,0.125,5.094146341463414,0.0,0.007983193277310924,0.12,852.0,0.0,2046.0,0.0,23887.0,4785.0,0.0,1548.0,1480.0,0.0,0.0,0.0,0.0
252,0.07865099717364837,5000,44443,0.02683686465024948,6.55128757682884,0.97,250.76288659793815,214.0,442.8,13,3,444.0,2360.0,1909.0,18435.0,0.0,1.0,14.0,0.0,0.0,0.0,0.0,13.0,0.0,34.0,0.0,0.0,0.0,36.0,2.0,420.0,32.0,32.0,29.0,2.0,0.0,422.0,0.0,34.0,0.0,0.0,8852.0,55220136.0,142.0,1745.0,0.029661016949152543,2187.0,72.0,34.0,0.0,2.0,0.0,36.0,36.0,0,0,0,0,3,8.561442588172898,8.985324947589099,1.658738355596007,134.2730875,129.666875,207.896375,3,0.0,0.0,0.0,0.0,0.0020805303401870284,0.7230657935142517,0,553.0,80.0,3.0,355.0,115.0,0.0,6.0,1.0,0.0,10,416.5,0.0,0.0,0.0,13.0,0.0,long_horizon,9.65688842325825,16526.0,1,0.012101840699444349,0.024847500000000394,0.813477088948787,0.0,0.8108471537427163,0.35676867444143245,0.34285714285714286,2.3869158878504635,0.0,0.015254237288135594,0.03,963.0,0.0,1930.0,0.0,20766.0,2527.0,0.0,1522.0,1448.0,0.0,0.0,0.0,0.0
253,0.07786448720191189,5000,44575,0.007717747241258621,12.209492526625189,0.98,244.59183673469389,209.5,486.4,11,5,532.0,2337.0,1990.0,16563.0,0.0,0.0,11.0,0.0,0.0,0.0,0.0,8.0,0.0,30.0,0.0,0.0,0.0,32.0,2.0,324.0,23.0,23.0,20.0,1.0,1.0,327.0,0.0,30.0,0.0,0.0,8878.0,55420602.0,114.0,1671.0,0.026529738981600343,2141.0,64.0,30.0,0.0,2.0,0.0,32.0,32.0,0,0,0,0,2,7.997631454287068,8.567336683417086,1.68113245360468,137.67147500000002,145.20624999999995,200.11037500000003,2,0.0,0.0,0.0,0.0,0.0020805303401870284,0.7230657935142517,0,565.0,75.0,1.0,344.0,145.0,0.0,7.0,1.0,0.0,10,329.29999999999995,0.0,0.0,0.0,8.0,0.0,long_horizon,8.323115577889448,14573.0,1,0.012454931791681582,0.030554999999999992,0.8423142370958593,0.0,0.8525033829499323,0.3133355469847514,0.3,2.4200477326968968,0.0,0.013692768506632435,0.05,1329.0,0.0,2320.0,0.0,18880.0,2956.0,1.0,1478.0,1407.0,0.0,0.0,0.0,0.0
254,0.07708584232989277,5000,44698,0.02756563574075699,7.3959749778586685,0.99,251.5252525252525,224.0,461.0,3,2,414.0,2354.0,1937.0,17936.0,0.0,1.0,19.0,0.0,0.0,0.0,0.0,15.0,0.0,45.0,0.0,0.0,0.0,46.0,1.0,391.0,26.0,26.0,24.0,1.0,0.0,393.0,0.0,45.0,0.0,0.0,8907.0,55634479.0,153.0,1763.0,0.03865760407816483,2207.0,92.0,45.0,0.0,1.0,0.0,46.0,46.0,0,0,0,0,1,8.358085988651244,8.342798141455859,1.6342634550851836,130.9202875,138.64000000000001,201.71149999999997,1,0.0,0.0,0.0,0.0,0.0020805303401870284,0.7230657935142517,0,561.0,74.0,1.0,354.0,132.0,0.0,3.0,1.0,0.0,10,323.9,0.0,0.0,0.0,15.0,0.0,long_horizon,9.259679917398039,15999.0,1,0.015712383127942122,0.059350000000000014,0.8117398202009519,0.0,0.8237668161434978,0.3256751280525425,0.2619047619047619,2.418749999999999,0.0,0.01954120645709431,0.02,934.0,0.0,1548.0,0.0,20266.0,2543.0,1.0,1535.0,1461.0,0.0,0.0,0.0,0.0
255,0.07631498390659384,5000,44884,0.016422607004642487,0.8583852670782018,0.97,304.4845360824742,260.0,588.8,23,6,474.0,2352.0,1762.0,21307.0,0.0,0.0,10.0,0.0,0.0,0.0,0.0,8.0,0.0,25.0,0.0,0.0,0.0,25.0,0.0,579.0,9.0,9.0,9.0,0.0,0.0,579.0,0.0,25.0,0.0,0.0,8916.0,55869807.0,135.0,1734.0,0.021258503401360544,2117.0,50.0,25.0,0.0,0.0,0.0,25.0,25.0,0,0,0,0,3,9.041350635109202,9.819420783645656,1.7575592410177716,126.29065,124.14937499999999,203.21225000000004,3,0.0,0.0,0.0,0.0,0.002080530340187028,0.7230657935142517,8,505.0,76.0,2.0,286.0,141.0,0.0,9.0,1.0,0.0,10,519.3,0.0,0.0,0.0,8.0,0.0,long_horizon,12.092508513053348,19545.0,1,0.011949775402545503,0.023824999999999995,0.7951612903225806,0.0,0.7416331994645248,0.39510069304459683,0.42857142857142855,3.0723076923076893,0.0,0.010629251700680272,0.06,1473.0,0.0,2365.0,0.0,23650.0,3878.0,0.0,1448.0,1372.0,0.0,0.0,0.0,0.0
256,0.07555183406752791,5000,44992,0.05889129638671875,14.289302615952698,1.0,201.86,201.5,335.00000000000034,0,0,476.0,2191.0,1912.0,14243.0,0.0,0.0,14.0,0.0,0.0,0.0,0.0,12.0,0.0,46.0,0.0,0.0,0.0,46.0,0.0,259.0,20.0,20.0,20.0,0.0,0.0,259.0,0.0,46.0,0.0,0.0,8939.0,56054084.0,135.0,1560.0,0.04198995892286627,2068.0,92.0,46.0,0.0,0.0,0.0,46.0,46.0,0,0,0,0,0,7.7202454833816025,7.35826359832636,1.6851110424474185,125.87239999999998,129.076875,195.81250000000006,0,0.0,0.0,0.0,0.0,0.0020805303401870284,0.7230657935142517,0,553.0,65.0,1.0,356.0,131.0,0.0,0.0,1.0,0.0,10,211.10000000000002,0.0,0.0,0.0,12.0,0.0,long_horizon,7.449267782426778,12331.0,1,0.012686829550727922,0.045642500000000016,0.8376119402985075,0.0,0.8749396426846934,0.2860110967997622,0.28888888888888886,1.9367245657568237,0.0,0.020994979461433135,0.0,626.0,0.0,1760.0,0.0,16414.0,1887.0,0.0,1413.0,1355.0,0.0,0.0,0.0,0.0
257,0.07479631572685264,5000,45168,0.03995003178715706,8.697401125000528,0.97,245.60824742268042,225.0,459.80000000000007,6,3,469.0,2272.0,1880.0,17589.0,0.0,0.0,13.0,0.0,0.0,0.0,0.0,9.0,0.0,44.0,0.0,0.0,0.0,44.0,0.0,366.0,25.0,25.0,24.0,0.0,0.0,366.0,0.0,44.0,0.0,0.0,8963.0,56255641.0,147.0,1632.0,0.03873239436619718,1978.0,88.0,44.0,0.0,0.0,0.0,44.0,44.0,0,0,0,0,2,8.377833472570314,9.131382978723405,1.6908947406914896,131.270775,125.94874999999999,209.06975000000008,3,0.0,0.0,0.0,0.0,0.002080530340187028,0.7230657935142517,0,551.0,89.0,0.0,318.0,144.0,0.0,6.0,1.0,0.0,10,355.70000000000005,0.0,0.0,0.0,9.0,0.0,long_horizon,9.355851063829787,15709.0,1,0.013958876708428243,0.033825000000000105,0.8280182232346242,0.0,0.8294501397949674,0.34655601559200466,0.2926829268292683,2.210666666666666,0.0,0.01936619718309859,0.03,1300.0,0.0,2125.0,0.0,19837.0,2897.0,2.0,1436.0,1354.0,0.0,0.0,0.0,0.0
258,0.07404835256958411,5000,45380,0.029475390911102295,5.941437653196825,0.99,230.93939393939394,189.0,395.00000000000006,3,2,347.0,2214.0,1855.0,16582.0,0.0,0.0,34.0,0.0,0.0,0.0,0.0,27.0,0.0,61.0,0.0,0.0,0.0,62.0,1.0,340.0,20.0,20.0,19.0,1.0,0.0,341.0,0.0,61.0,0.0,0.0,8984.0,56456124.0,148.0,1700.0,0.05555555555555555,2109.0,124.0,61.0,0.0,1.0,0.0,62.0,62.0,0,0,0,0,1,8.182247961233896,8.521035598705502,1.5287388682800342,128.0080875,122.75,205.90950000000007,1,0.0,0.0,0.0,0.0,0.0020805303401870284,0.7230657935142517,0,551.0,70.0,0.0,362.0,119.0,0.0,3.0,1.0,0.0,10,456.20000000000005,0.0,0.0,0.0,27.0,0.0,long_horizon,8.939083557951482,14727.0,1,0.014371996305363188,0.0593499999999999,0.8161925601750547,0.0,0.8373091603053435,0.37346919750803753,0.543859649122807,2.9830687830687803,0.0,0.028003613369467027,0.02,1052.0,0.0,1463.0,0.0,18777.0,2278.0,0.0,1486.0,1425.0,0.0,0.0,0.0,0.0
259,0.07330786904388827,5000,45555,0.03612219914793968,5.3465728426053465,0.98,270.3469387755102,209.5,626.4,9,2,341.0,2236.0,1770.0,18671.0,0.0,1.0,9.0,0.0,0.0,0.0,0.0,9.0,0.0,28.0,0.0,0.0,0.0,31.0,3.0,447.0,21.0,21.0,17.0,3.0,0.0,450.0,0.0,28.0,0.0,0.0,9008.0,56663106.0,145.0,1733.0,0.026386404293381037,2092.0,62.0,28.0,0.0,3.0,0.0,31.0,31.0,0,0,0,0,2,8.632283711685323,9.596045197740112,1.726550052907127,125.68194999999997,119.33874999999999,204.53150000000005,2,0.0,0.0,0.0,0.0,0.0020805303401870284,0.7230657935142517,0,476.0,59.0,2.0,316.0,99.0,0.0,6.0,1.0,0.0,10,555.3,0.0,0.0,0.0,9.0,0.0,long_horizon,10.54858757062147,16901.0,1,0.011314156972250551,0.026095000000000507,0.8379106085083468,0.0,0.7877358490566038,0.37756719657743076,0.21428571428571427,3.7453460620525054,0.0,0.013864042933810376,0.02,972.0,0.0,1431.0,0.0,20890.0,2139.0,0.0,1542.0,1478.0,0.0,0.0,0.0,0.0
260,0.07257479035344938,5000,45889,0.028198497369885445,1.4382825937166988,0.93,258.18279569892474,217.0,504.59999999999997,16,9,576.0,2448.0,1908.0,21112.0,0.0,0.0,12.0,0.0,0.0,0.0,0.0,7.0,0.0,46.0,0.0,0.0,0.0,47.0,1.0,524.0,14.0,14.0,13.0,1.0,0.0,525.0,0.0,46.0,0.0,0.0,9024.0,56891338.0,131.0,1728.0,0.03799019607843137,2203.0,94.0,46.0,0.0,1.0,0.0,47.0,47.0,1,0,0,1,6,8.821223886115733,10.747114375655825,1.590529534689289,141.7822625,142.80625000000003,216.45025000000004,6,1.0,0.0,0.0,0.0,0.0020805303401870284,0.7230657935142517,0,546.0,76.0,2.0,323.0,145.0,0.0,14.0,1.0,0.0,11,498.27272727272725,0.0,0.0,0.0,7.0,0.0,long_horizon,11.064989517819706,19204.0,1,0.009655383332647502,0.01467750000000022,0.848780487804878,0.0,0.7749678525503644,0.3277825620246635,0.32432432432432434,2.6497695852534555,0.01,0.01919934640522876,0.09,3579.0,0.0,2202.0,0.0,23547.0,4907.0,0.0,1537.0,1470.0,0.0,0.0,0.0,0.0
261,0.07184904244991488,5000,46073,0.06107306107878685,5.007500308638987,0.95,252.37894736842105,217.0,479.8000000000001,13,5,446.0,2211.0,1768.0,17509.0,0.0,0.0,17.0,0.0,0.0,0.0,0.0,15.0,0.0,40.0,0.0,0.0,0.0,40.0,0.0,414.0,25.0,25.0,25.0,0.0,0.0,414.0,0.0,40.0,0.0,0.0,9051.0,57096730.0,134.0,1606.0,0.03618272274988693,2001.0,80.0,40.0,0.0,0.0,0.0,40.0,40.0,0,0,0,0,5,8.553646152987781,9.766836445953594,1.6143224798105646,126.95963750000001,127.47125,198.67300000000003,5,0.0,0.0,0.0,0.0,0.002080530340187028,0.7230657935142517,0,502.0,88.0,0.0,297.0,117.0,0.0,10.0,1.0,0.0,10,361.1,0.0,0.0,0.0,15.0,0.0,long_horizon,9.903280542986426,15741.0,1,0.012807439793704902,0.04050500000000022,0.8227405247813411,0.0,0.8011527377521613,0.3465553272570816,0.4857142857142857,2.6322580645161286,0.0,0.018091361374943465,0.05,1200.0,0.0,2283.0,0.0,19695.0,4420.0,0.0,1434.0,1359.0,0.0,0.0,0.0,0.0
262,0.07113055202541574,5000,46214,0.04154272377490997,4.3077256253255065,0.97,263.7319587628866,225.0,516.2000000000002,9,4,403.0,2375.0,1840.0,19601.0,0.0,2.0,14.0,0.0,0.0,0.0,0.0,12.0,0.0,31.0,0.0,0.0,0.0,36.0,5.0,508.0,30.0,30.0,23.0,5.0,0.0,515.0,0.0,31.0,0.0,0.0,9088.0,57323631.0,134.0,1815.0,0.028210526315789474,2350.0,72.0,31.0,0.0,5.0,0.0,36.0,36.0,0,0,0,0,3,8.757495897767392,8.224034801522567,1.7305965632168083,131.7997875,129.1325,205.891,3,0.0,0.0,0.0,0.0,0.0020805303401870284,0.7230657935142517,0,510.0,79.0,2.0,303.0,126.0,0.0,7.0,1.0,0.0,10,415.29999999999995,0.0,0.0,0.0,12.0,0.0,long_horizon,10.652717391304348,17761.0,1,0.013510752603545544,0.046,0.8249088066701407,0.0,0.7716186252771619,0.3568899524230553,0.37037037037037035,2.7733333333333334,0.0,0.015157894736842105,0.04,843.0,0.0,1410.0,0.0,21953.0,2099.0,0.0,1629.0,1548.0,0.0,0.0,0.0,0.0
263,0.07041924650516158,5000,46347,0.07590930908918381,13.53056487499982,1.0,198.33,179.5,320.70000000000016,0,0,338.0,1984.0,1685.0,14397.0,0.0,0.0,11.0,0.0,0.0,0.0,0.0,10.0,0.0,30.0,0.0,0.0,0.0,30.0,0.0,280.0,20.0,20.0,20.0,0.0,0.0,281.0,0.0,30.0,0.0,0.0,9111.0,57501055.0,120.0,1506.0,0.03024193548387097,1928.0,60.0,30.0,0.0,0.0,0.0,30.0,30.0,0,0,0,0,0,7.932415860471454,7.839572192513369,1.8829154228486649,118.5968125,112.47687499999999,194.995,0,0.0,0.0,0.0,0.0,0.0020805303401870284,0.7230657935142517,0,485.0,65.0,0.0,318.0,102.0,0.0,0.0,1.0,0.0,10,237.5,0.0,0.0,0.0,10.0,0.0,long_horizon,8.544213649851631,12712.0,1,0.013914917079156132,0.04593749999999999,0.8332296204107031,0.0,0.8494105037513398,0.28532597186507336,0.3448275862068966,2.0958217270194988,0.0,0.015120967741935484,0.0,771.0,0.0,1173.0,0.0,16361.0,1831.0,1.0,1353.0,1279.0,0.0,0.0,0.0,0.0
264,0.06971505404010997,5000,46462,0.04132331535220146,16.086107999999655,1.0,179.5,166.0,339.0000000000001,0,0,330.0,1851.0,1608.0,12926.0,0.0,0.0,12.0,0.0,0.0,0.0,0.0,10.0,0.0,27.0,0.0,0.0,0.0,28.0,1.0,226.0,20.0,20.0,19.0,1.0,0.0,227.0,0.0,27.0,0.0,0.0,9134.0,57664704.0,103.0,1399.0,0.02971366828741221,1888.0,56.0,27.0,0.0,1.0,0.0,28.0,28.0,0,0,0,0,0,7.692670316301703,7.806973848069738,1.9930365671641794,118.46137499999999,112.83875,199.14612500000007,0,0.0,0.0,0.0,0.0,0.0020805303401870284,0.7230657935142517,0,434.0,72.0,0.0,241.0,121.0,0.0,0.0,1.0,0.0,10,262.6,0.0,0.0,0.0,10.0,0.0,long_horizon,8.038557213930348,11318.0,1,0.009923515519568151,0.023975000000000073,0.8441295546558705,0.0,0.869164265129683,0.3351264623955432,0.3181818181818182,2.472590361445783,0.0,0.015126958400864398,0.0,735.0,0.0,1163.0,0.0,14758.0,1407.0,0.0,1286.0,1219.0,0.0,0.0,0.0,0.0
265,0.06901790349970886,5000,46569,0.03200406953692436,12.350635625000173,1.0,208.63,191.5,409.50000000000006,0,0,400.0,2023.0,1688.0,15271.0,0.0,0.0,6.0,0.0,0.0,0.0,0.0,6.0,0.0,19.0,0.0,0.0,0.0,20.0,1.0,318.0,17.0,17.0,16.0,1.0,0.0,320.0,0.0,19.0,0.0,0.0,9154.0,57843274.0,118.0,1489.0,0.019278299555116164,1864.0,40.0,19.0,0.0,1.0,0.0,20.0,20.0,0,0,0,0,0,8.383258499037845,7.892772511848341,1.904931020438389,119.62513750000002,122.668125,188.47262500000005,0,0.0,0.0,0.0,0.0,0.0020805303401870284,0.7230657935142517,0,475.0,55.0,0.0,301.0,119.0,0.0,0.0,1.0,0.0,10,283.1,0.0,0.0,0.0,6.0,0.0,long_horizon,9.046800947867299,13583.0,1,0.009405408805031447,0.010821250000000017,0.8522012578616353,0.0,0.8322851153039832,0.3279763217178737,0.15789473684210525,2.3814621409921672,0.0,0.009886307464162136,0.0,1298.0,0.0,1604.0,0.0,17278.0,2497.0,0.0,1324.0,1260.0,0.0,0.0,0.0,0.0
266,0.06832772446471178,5000,46706,0.05654500424861908,11.708036192685855,0.99,227.56565656565655,206.0,402.6,3,2,450.0,2181.0,1825.0,16145.0,0.0,0.0,8.0,0.0,0.0,0.0,0.0,8.0,0.0,34.0,0.0,0.0,0.0,40.0,6.0,329.0,32.0,32.0,26.0,6.0,0.0,336.0,0.0,34.0,0.0,0.0,9197.0,58036161.0,103.0,1602.0,0.033929390187987164,1969.0,80.0,34.0,0.0,6.0,0.0,40.0,40.0,0,0,0,0,1,8.203459787556904,8.330043859649123,1.7897291403537612,130.72548749999999,126.831875,221.7102500000001,1,0.0,0.0,0.0,0.0,0.0020805303401870284,0.7230657935142517,1,558.0,64.0,1.0,338.0,155.0,0.0,3.0,1.0,0.0,10,297.6,0.0,0.0,0.0,8.0,0.0,long_horizon,8.846575342465753,14320.0,1,0.012862363729076958,0.03413500000000122,0.8340298507462687,0.0,0.8369723435225619,0.3132895827644817,0.2,2.124271844660194,0.0,0.018340210912425492,0.02,1242.0,0.0,1909.0,0.0,18300.0,2666.0,1.0,1421.0,1344.0,0.0,0.0,1.0,0.0
267,0.06764444722006466,5000,46850,0.06942325830459595,7.593875250000256,0.99,254.6969696969697,221.0,492.6000000000001,7,3,465.0,2390.0,2026.0,16799.0,0.0,0.0,25.0,0.0,0.0,0.0,0.0,22.0,0.0,56.0,0.0,0.0,0.0,58.0,2.0,338.0,30.0,30.0,28.0,2.0,0.0,340.0,0.0,56.0,0.0,0.0,9233.0,58242085.0,116.0,1781.0,0.04769874476987448,2116.0,116.0,56.0,0.0,2.0,0.0,58.0,58.0,0,0,0,0,1,8.106319659216899,8.762234305486901,1.4528043065153013,128.7007375,134.77249999999998,198.33775,1,0.0,0.0,0.0,0.0,0.0020805303401870284,0.7230657935142517,0,536.0,82.0,0.0,328.0,126.0,0.0,4.0,1.0,0.0,10,396.1,0.0,0.0,0.0,22.0,0.0,long_horizon,8.291707798617967,14773.0,1,0.01333417916443492,0.05108000000000016,0.8061060524906267,0.0,0.8499558693733451,0.3437732470451089,0.23076923076923078,2.6601809954751126,0.0,0.024267782426778243,0.03,864.0,0.0,1934.0,0.0,19161.0,2502.0,0.0,1550.0,1473.0,0.0,0.0,0.0,0.0
268,0.066968002747864,5000,46979,0.05200597271323204,13.3254453391925,1.0,213.43,194.0,353.1000000000001,2,2,430.0,2092.0,1772.0,15291.0,0.0,1.0,10.0,0.0,0.0,0.0,0.0,8.0,0.0,26.0,0.0,0.0,0.0,27.0,1.0,298.0,26.0,26.0,24.0,1.0,0.0,299.0,0.0,26.0,0.0,0.0,9261.0,58423458.0,97.0,1541.0,0.025334608030592735,1911.0,54.0,26.0,0.0,1.0,0.0,27.0,27.0,0,0,0,0,0,8.117647058823529,8.075706214689266,1.8571301679871974,129.67045000000002,121.35749999999999,209.996375,0,0.0,0.0,0.0,0.0,0.0020805303401870284,0.7230657935142517,0,496.0,55.0,0.0,310.0,131.0,0.0,2.0,1.0,0.0,10,266.4,0.0,0.0,0.0,8.0,0.0,long_horizon,8.62923250564334,13519.0,1,0.012190975184534283,0.015402499999999986,0.8660049627791563,0.0,0.8483003551496702,0.30897577660122755,0.16666666666666666,2.2595360824742268,0.0,0.012906309751434034,0.02,967.0,0.0,1870.0,0.0,17359.0,2405.0,0.0,1351.0,1278.0,0.0,0.0,0.0,0.0
269,0.06629832272038537,5000,47086,0.050712376832962036,13.253106000000004,1.0,209.94,195.5,360.1000000000001,0,0,448.0,2099.0,1765.0,15047.0,0.0,2.0,4.0,0.0,0.0,0.0,0.0,1.0,0.0,44.0,0.0,0.0,0.0,44.0,0.0,307.0,28.0,28.0,26.0,0.0,0.0,308.0,0.0,44.0,0.0,0.0,9290.0,58607392.0,116.0,1509.0,0.04192472606002858,2023.0,88.0,44.0,0.0,0.0,0.0,44.0,44.0,0,0,0,0,0,8.14327580592641,7.787535410764873,1.857241133144476,120.60425000000001,112.114375,197.500875,0,0.0,0.0,0.0,0.0,0.0020805303401870284,0.7230657935142517,0,509.0,75.0,0.0,323.0,111.0,0.0,0.0,1.0,0.0,10,236.10000000000002,0.0,0.0,0.0,1.0,0.0,long_horizon,8.525212464589234,13282.0,1,0.010735958046336879,0.04124999999999992,0.8453350031308704,0.0,0.8438925494171313,0.30028484328855853,0.125,1.9874680306905366,0.0,0.02096236303001429,0.0,942.0,0.0,1874.0,0.0,17120.0,2289.0,0.0,1380.0,1313.0,0.0,0.0,0.0,0.0
270,0.06563533949318151,5000,47345,0.07297202199697495,3.15408408060553,0.96,259.8541666666667,214.0,419.5,12,6,412.0,2233.0,1756.0,18911.0,0.0,1.0,16.0,0.0,0.0,0.0,0.0,13.0,0.0,38.0,0.0,0.0,0.0,39.0,1.0,453.0,27.0,27.0,23.0,1.0,0.0,454.0,0.0,38.0,0.0,0.0,9317.0,58818766.0,130.0,1668.0,0.034482758620689655,2124.0,78.0,38.0,0.0,1.0,0.0,39.0,39.0,0,0,0,0,2,8.741117537698823,9.713390313390313,1.675643106471835,131.3445125,132.07437499999997,209.58112500000007,4,0.0,0.0,0.0,0.0,0.0020805303401870284,0.7230657935142517,0,466.0,68.0,0.0,308.0,90.0,0.0,10.0,1.0,0.0,10,506.20000000000005,0.0,0.0,0.0,13.0,0.0,long_horizon,10.769362186788156,17155.0,1,0.015626353292639485,0.050216250000000004,0.8370913190529876,0.0,0.7848341232227488,0.369780392314065,0.44,2.421728971962617,0.0,0.017465293327362293,0.06,1280.0,0.0,1785.0,0.0,21121.0,2694.0,3.0,1480.0,1414.0,0.0,0.0,0.0,0.0
271,0.06497898609824969,5000,47534,0.05316399782896042,8.677609625000516,0.93,239.74193548387098,216.0,405.4,16,7,470.0,2382.0,1944.0,17797.0,0.0,0.0,3.0,0.0,0.0,0.0,0.0,2.0,0.0,30.0,0.0,0.0,0.0,31.0,1.0,410.0,23.0,23.0,22.0,1.0,0.0,412.0,0.0,30.0,0.0,0.0,9348.0,59032567.0,132.0,1758.0,0.025608732157850547,2254.0,62.0,30.0,0.0,1.0,0.0,31.0,31.0,0,0,0,0,5,8.432612038664324,8.792181069958847,1.6532093428497945,137.40635,139.75875000000002,204.85612500000005,7,0.0,0.0,0.0,0.0,0.0020805303401870284,0.7230657935142517,0,540.0,78.0,0.0,327.0,135.0,0.0,14.0,1.0,0.0,10,356.79999999999995,0.0,0.0,0.0,2.0,0.0,long_horizon,9.154835390946502,15853.0,1,0.011198004820567757,0.014750000000000263,0.8585966791644349,0.0,0.8173758865248227,0.332350467415921,0.1,2.419444444444443,0.0,0.013014273719563391,0.07,844.0,0.0,2111.0,0.0,20157.0,3500.0,0.0,1579.0,1510.0,0.0,0.0,0.0,0.0
272,0.0643291962372672,5000,47767,0.018695726990699768,1.0572340863758054,0.91,281.1868131868132,233.0,494.0,25,9,483.0,2444.0,1809.0,21518.0,0.0,0.0,1.0,0.0,0.0,0.0,0.0,0.0,0.0,21.0,0.0,0.0,0.0,21.0,0.0,609.0,18.0,18.0,18.0,0.0,0.0,609.0,0.0,21.0,0.0,0.0,9373.0,59274619.0,135.0,1808.0,0.01718494271685761,2294.0,42.0,21.0,0.0,0.0,0.0,21.0,21.0,0,0,0,0,9,9.126903782708908,9.20353982300885,1.7248345252325121,131.06824999999998,131.94875000000002,198.72400000000002,9,0.0,0.0,0.0,0.0,0.0020805303401870284,0.7230657935142517,0,526.0,70.0,2.0,308.0,146.0,0.0,18.0,1.0,0.0,10,481.70000000000005,0.0,0.0,0.0,0.0,0.0,none,11.894969596462134,19709.0,1,0.0095029750636204,0.0076599999999999915,0.8285714285714286,0.0,0.7372735116479724,0.38370063577191926,0.0,2.7381974248927037,0.0,0.008592471358428805,0.09,1349.0,0.0,2841.0,0.0,23944.0,5656.0,0.0,1616.0,1535.0,0.0,0.0,0.0,0.0
273,0.06368590427489453,5000,47957,0.028069868683815002,2.374499750000272,0.95,252.45263157894738,206.0,508.4000000000004,21,8,393.0,2271.0,1811.0,18226.0,0.0,0.0,31.0,0.0,0.0,0.0,0.0,25.0,0.0,40.0,0.0,0.0,0.0,40.0,0.0,433.0,22.0,22.0,22.0,0.0,0.0,434.0,0.0,40.0,0.0,0.0,9395.0,59489576.0,115.0,1741.0,0.03522677234698371,2147.0,80.0,40.0,0.0,0.0,0.0,40.0,40.0,0,0,0,0,5,8.578081457663451,9.123204419889502,1.4803622170071786,122.6735875,115.73750000000001,201.18537500000008,5,0.0,0.0,0.0,0.0,0.0020805303401870284,0.7230657935142517,0,565.0,73.0,0.0,374.0,118.0,0.0,13.0,1.0,0.0,10,497.4,0.0,0.0,0.0,25.0,0.0,long_horizon,10.064053009387079,16415.0,1,0.015262258587096313,0.05039999999999993,0.7895310796074155,0.0,0.7976689976689977,0.39040372895713404,0.425,3.155339805825242,0.0,0.017613386173491855,0.08,1248.0,0.0,1502.0,0.0,20475.0,3718.0,0.0,1470.0,1413.0,0.0,0.0,0.0,0.0
274,0.06304904523214558,5000,48087,0.06048038601875305,6.652222330240588,0.99,241.3030303030303,233.0,418.6,3,1,434.0,2259.0,1837.0,18060.0,0.0,0.0,10.0,0.0,1.0,0.0,0.0,8.0,0.0,40.0,0.0,0.0,0.0,44.0,4.0,386.0,38.0,38.0,33.0,3.0,1.0,393.0,0.0,40.0,0.0,0.0,9440.0,59698912.0,118.0,1674.0,0.03718459495351926,2083.0,88.0,40.0,0.0,4.0,0.0,44.0,44.0,0,0,0,0,1,8.495961840750176,8.419934640522875,1.7045515415378758,130.258675,123.33125,198.92000000000007,1,0.0,0.0,0.0,0.0,0.0020805303401870284,0.7230657935142517,0,557.0,66.0,1.0,344.0,146.0,0.0,2.0,1.0,0.0,10,278.5,1.0,0.0,0.0,8.0,0.0,long_horizon,9.831246597713664,16223.0,1,0.012650435611093601,0.045737499999999986,0.8131054131054131,0.0,0.8154929577464789,0.31299389305166025,0.20588235294117646,2.127467811158798,0.0,0.019477644975652943,0.01,1514.0,0.0,1840.0,0.0,20286.0,3084.0,1.0,1506.0,1409.0,0.0,0.0,0.0,0.0
275,0.06241855477982412,5000,48253,0.0056211091578006744,6.134074271967028,0.96,257.7083333333333,194.0,528.5,19,12,437.0,2171.0,1720.0,17188.0,0.0,3.0,8.0,0.0,0.0,0.0,0.0,5.0,0.0,25.0,0.0,0.0,0.0,26.0,1.0,430.0,20.0,20.0,16.0,1.0,0.0,433.0,0.0,25.0,0.0,0.0,9466.0,59896175.0,112.0,1606.0,0.02349147858129894,2073.0,52.0,25.0,0.0,1.0,0.0,26.0,26.0,0,0,0,0,4,8.68950056753689,9.26759744037231,1.7361152209498778,119.9452875,121.979375,191.33762500000003,4,0.0,0.0,0.0,0.0,0.0020805303401870284,0.7230657935142517,0,495.0,54.0,2.0,314.0,125.0,0.0,16.0,1.0,0.0,10,528.0,0.0,0.0,0.0,5.0,0.0,long_horizon,9.993023255813954,15468.0,1,0.012164329206365024,0.005925000000000014,0.8633686690223793,0.0,0.7890891378470531,0.3956825990299111,0.2857142857142857,3.7448453608247423,0.0,0.011976047904191617,0.12,893.0,0.0,2086.0,0.0,19343.0,3087.0,0.0,1402.0,1330.0,0.0,0.0,1.0,0.0
276,0.06179436923202588,5000,48434,0.02439305931329727,9.359803625000367,0.98,224.35714285714286,190.5,410.5,4,2,381.0,2106.0,1741.0,16145.0,0.0,1.0,7.0,0.0,0.0,0.0,0.0,6.0,0.0,44.0,0.0,0.0,0.0,45.0,1.0,329.0,37.0,37.0,35.0,1.0,0.0,330.0,0.0,44.0,0.0,0.0,9508.0,60084654.0,121.0,1569.0,0.04226020892687559,1961.0,90.0,44.0,0.0,1.0,0.0,45.0,45.0,0,0,0,0,2,8.237040184533203,8.726436781609195,1.745810661975876,121.3835,111.140625,202.28462499999998,2,0.0,0.0,0.0,0.0,0.0020805303401870284,0.7230657935142517,0,521.0,72.0,0.0,323.0,126.0,0.0,4.0,1.0,0.0,10,319.3,0.0,0.0,0.0,6.0,0.0,long_horizon,9.27340608845491,14404.0,1,0.01651113687005681,0.056750000000000064,0.8318209316394435,0.0,0.832572298325723,0.3252455300581143,0.15789473684210525,2.380314960629921,0.0,0.021367521367521368,0.02,869.0,0.0,1609.0,0.0,18216.0,2173.0,0.0,1397.0,1318.0,0.0,0.0,0.0,0.0
277,0.06117642553970562,5000,48632,0.04909203201532364,-2.9798305292122276,0.92,314.75,221.0,799.7000000000004,28,10,485.0,2527.0,1890.0,22255.0,0.0,0.0,21.0,0.0,0.0,0.0,0.0,17.0,0.0,34.0,0.0,0.0,0.0,34.0,0.0,610.0,21.0,21.0,19.0,0.0,0.0,610.0,0.0,34.0,0.0,0.0,9528.0,60347682.0,144.0,1879.0,0.026909378709932725,2421.0,68.0,34.0,0.0,0.0,0.0,34.0,34.0,0,0,0,0,8,9.093024272906188,10.173015873015872,1.4949127358903584,136.3601625,141.17625,201.95100000000005,8,0.0,0.0,0.0,0.0,0.0020805303401870284,0.7230657935142517,0,537.0,84.0,1.0,308.0,144.0,0.0,18.0,1.0,0.0,10,716.4,0.0,0.0,0.0,17.0,0.0,long_horizon,11.775132275132275,20365.0,1,0.012264678889689894,0.023824999999999985,0.8188622754491018,0.0,0.7458333333333333,0.4385539428027465,0.28125,4.216742081447964,0.0,0.013454689354966362,0.1,1807.0,0.0,1744.0,0.0,24763.0,8141.0,2.0,1645.0,1571.0,0.0,0.0,0.0,0.0
278,0.06056466128430856,5000,48765,0.021585647016763687,8.259221311321669,0.98,248.19387755102042,229.5,447.4,6,3,415.0,2193.0,1781.0,17456.0,0.0,0.0,13.0,0.0,0.0,0.0,0.0,11.0,0.0,31.0,0.0,0.0,0.0,34.0,3.0,388.0,29.0,29.0,23.0,3.0,0.0,391.0,0.0,31.0,0.0,0.0,9561.0,60553249.0,112.0,1643.0,0.029639762881896944,2130.0,68.0,31.0,0.0,3.0,0.0,34.0,34.0,0,0,0,0,1,8.475622057834567,9.195957327344189,1.7753647072687337,129.5308,133.309375,206.66687500000003,2,0.0,0.0,0.0,0.0,0.0020805303401870284,0.7230657935142517,0,511.0,74.0,0.0,293.0,144.0,0.0,5.0,1.0,0.0,10,289.0,0.0,0.0,0.0,11.0,0.0,long_horizon,9.801235261089277,15675.0,1,0.011021995374259698,0.014305000000000269,0.8572254335260115,0.0,0.8112934362934363,0.3264093698162569,0.34375,2.2396514161220042,0.0,0.015503875968992248,0.03,1156.0,0.0,1615.0,0.0,19626.0,3824.0,4.0,1502.0,1420.0,0.0,0.0,0.0,0.0
279,0.05995901467146548,5000,48896,0.03552372008562088,6.596546125000148,1.0,260.07,236.0,460.4000000000002,2,1,480.0,2334.0,1881.0,18974.0,0.0,0.0,8.0,0.0,0.0,0.0,0.0,8.0,0.0,41.0,0.0,0.0,0.0,47.0,6.0,421.0,40.0,40.0,34.0,5.0,1.0,427.0,0.0,41.0,0.0,0.0,9613.0,60769607.0,96.0,1724.0,0.037703513281919454,2190.0,94.0,41.0,0.0,6.0,0.0,47.0,47.0,0,0,0,0,0,8.652642433616911,8.536455561468866,1.7033751262626262,127.64029999999998,130.3825,198.26887500000004,0,0.0,0.0,0.0,0.0,0.0020805303401870284,0.7230657935142517,0,573.0,75.0,0.0,364.0,134.0,0.0,1.0,1.0,0.0,10,334.1,0.0,0.0,0.0,8.0,0.0,long_horizon,10.087187666135035,17093.0,1,0.012347120786516856,0.045831250000000046,0.8404494382022472,0.0,0.8066123188405797,0.319935786519014,0.029411764705882353,2.2845338983050847,0.0,0.020137103684661525,0.01,1275.0,0.0,2191.0,0.0,21274.0,3141.0,0.0,1536.0,1441.0,0.0,0.0,0.0,0.0
280,0.05935942452475082,5000,49047,0.006879823282361031,7.1104170960177715,0.98,236.21428571428572,204.0,492.2,5,2,399.0,2237.0,1790.0,18067.0,0.0,0.0,10.0,0.0,0.0,0.0,0.0,9.0,0.0,30.0,0.0,0.0,0.0,31.0,1.0,421.0,26.0,26.0,25.0,1.0,0.0,422.0,0.0,30.0,0.0,0.0,9641.0,60974565.0,99.0,1714.0,0.027268663388466695,2067.0,62.0,30.0,0.0,1.0,0.0,31.0,31.0,0,0,0,0,2,8.592005625270446,8.233650083845724,1.7628582091089822,124.9120875,123.365625,207.64500000000004,2,0.0,0.0,0.0,0.0,0.0020805303401870284,0.7230657935142517,0,545.0,84.0,0.0,319.0,142.0,0.0,4.0,1.0,0.0,10,391.29999999999995,0.0,0.0,0.0,9.0,0.0,long_horizon,10.093296089385476,16277.0,1,0.01449207988036033,0.05674999999999997,0.8248461108002239,0.0,0.8001893939393939,0.3645165613007484,0.25,2.7742647058823513,0.0,0.013857845328565042,0.02,908.0,0.0,1660.0,0.0,20279.0,2195.0,0.0,1506.0,1440.0,0.0,0.0,0.0,0.0
281,0.058765830279503314,5000,49183,0.01351077202707529,10.215168400244451,0.98,215.20408163265307,214.0,350.7,4,2,511.0,2217.0,1840.0,16352.0,0.0,1.0,5.0,0.0,0.0,0.0,0.0,4.0,0.0,36.0,0.0,0.0,0.0,38.0,2.0,355.0,22.0,22.0,19.0,2.0,0.0,358.0,0.0,36.0,0.0,0.0,9669.0,61171971.0,132.0,1555.0,0.03337843933243121,2134.0,76.0,36.0,0.0,2.0,0.0,38.0,38.0,0,0,0,0,2,8.398132631074935,7.477717391304348,1.7823001038076576,123.8302875,118.30187500000002,193.57562500000003,2,0.0,0.0,0.0,0.0,0.0020805303401870284,0.7230657935142517,0,514.0,64.0,0.0,320.0,130.0,0.0,4.0,1.0,0.0,10,238.0,0.0,0.0,0.0,4.0,0.0,long_horizon,8.88695652173913,14512.0,1,0.011277817714677804,0.014175000000000049,0.8594594594594595,0.0,0.8293612964728313,0.2972256897068928,0.07407407407407407,1.882242990654205,0.0,0.017140279657194408,0.02,1263.0,0.0,2116.0,0.0,18550.0,3045.0,0.0,1448.0,1370.0,0.0,0.0,1.0,0.0
282,0.05817817197670828,5000,49292,0.025587931275367737,10.687380823876051,1.0,233.61,228.5,377.70000000000033,1,0,535.0,2314.0,1944.0,17012.0,0.0,0.0,14.0,0.0,0.0,0.0,0.0,11.0,0.0,39.0,0.0,0.0,0.0,43.0,4.0,346.0,28.0,28.0,24.0,2.0,2.0,351.0,0.0,39.0,0.0,0.0,9705.0,61376941.0,113.0,1642.0,0.03543647363872083,2093.0,86.0,39.0,0.0,4.0,0.0,43.0,43.0,0,0,0,0,0,8.227547669796648,7.813690169840453,1.7374564668169958,133.3674625,134.55374999999998,204.03050000000007,0,0.0,0.0,0.0,0.0,0.0020805303401870284,0.7230657935142517,0,543.0,71.0,1.0,345.0,126.0,0.0,0.0,1.0,0.0,10,217.2,0.0,0.0,0.0,11.0,0.0,long_horizon,8.751028806584362,15068.0,1,0.019346064121952358,0.050400000000000056,0.8193398957730168,0.0,0.8400911161731207,0.2613402679679808,0.25,1.936105032822757,0.0,0.018582541054451167,0.0,1033.0,0.0,2765.0,0.0,19302.0,2924.0,0.0,1447.0,1381.0,0.0,0.0,1.0,1.0
283,0.057596390256941195,5000,49507,0.02499695122241974,13.12942442081389,1.0,211.09,185.0,385.1000000000001,0,0,446.0,2122.0,1808.0,15299.0,0.0,1.0,5.0,0.0,0.0,0.0,0.0,2.0,0.0,45.0,0.0,0.0,0.0,45.0,0.0,289.0,27.0,27.0,26.0,0.0,0.0,289.0,0.0,45.0,0.0,0.0,9732.0,61563071.0,102.0,1548.0,0.04241281809613572,1979.0,90.0,45.0,0.0,0.0,0.0,45.0,45.0,0,0,0,0,0,7.991788555298948,7.903154399557277,1.8096407597597424,121.284675,115.98375,207.26925000000003,0,0.0,0.0,0.0,0.0,0.0020805303401870284,0.7230657935142517,0,549.0,75.0,0.0,333.0,141.0,0.0,0.0,1.0,0.0,10,341.9,0.0,0.0,0.0,2.0,0.0,long_horizon,8.461836283185841,13491.0,1,0.018301621841487762,0.03887500000000013,0.8268638324091189,0.0,0.8552829243865798,0.36298972002463414,0.09302325581395349,2.19,0.0,0.02120640904806786,0.0,842.0,0.0,1957.0,0.0,17395.0,2490.0,0.0,1370.0,1293.0,0.0,0.0,0.0,0.0
284,0.05702042635437178,5000,49624,0.06187589466571808,11.031568297520515,1.0,235.88,228.5,376.3,0,0,455.0,2304.0,1934.0,17285.0,0.0,2.0,14.0,0.0,0.0,0.0,0.0,12.0,0.0,36.0,0.0,0.0,0.0,42.0,6.0,340.0,39.0,39.0,27.0,6.0,4.0,351.0,0.0,36.0,0.0,0.0,9784.0,61768784.0,98.0,1724.0,0.033854166666666664,2141.0,88.0,36.0,0.0,6.0,0.0,46.0,42.0,0,0,0,0,0,8.138375127652331,8.051242236024844,1.7268670960801071,141.0274875,145.86874999999998,206.10487500000002,0,0.0,0.0,0.0,0.0,0.002080530340187028,0.7230657935142517,0,539.0,73.0,2.0,326.0,138.0,0.0,0.0,1.0,0.0,10,222.3,0.0,0.0,0.0,12.0,0.0,long_horizon,8.937435367114787,15351.0,1,0.014151194317965255,0.04573750000000052,0.8326804700615557,0.0,0.8393592677345538,0.27028149906732235,0.34210526315789475,1.804157549234135,0.0,0.018229166666666668,0.0,1309.0,0.0,2163.0,0.0,19562.0,2922.0,4.0,1516.0,1410.0,0.0,0.0,1.0,0.0
285,0.05645022209082806,5000,49739,0.04660332575440407,11.87585124534168,0.99,222.41414141414143,205.0,395.2,3,2,479.0,2209.0,1831.0,16083.0,0.0,0.0,5.0,0.0,0.0,0.0,0.0,2.0,0.0,27.0,0.0,0.0,0.0,29.0,2.0,344.0,34.0,34.0,32.0,2.0,0.0,347.0,0.0,27.0,0.0,0.0,9820.0,61964016.0,98.0,1600.0,0.025350837483023993,2080.0,58.0,27.0,0.0,2.0,0.0,29.0,29.0,0,0,0,0,1,8.268078889700512,7.841070453304205,1.806368955583459,126.58273749999998,125.535,195.25412500000007,1,0.0,0.0,0.0,0.0,0.0020805303401870284,0.7230657935142517,0,512.0,56.0,0.0,324.0,132.0,0.0,3.0,1.0,0.0,10,254.5,0.0,0.0,0.0,2.0,0.0,long_horizon,8.783724740578918,14252.0,1,0.012701826621075284,0.02382500000000006,0.8359375,0.0,0.8330125120307988,0.29363529477067773,0.16666666666666666,2.2526829268292676,0.0,0.013128112267994568,0.02,1160.0,0.0,1852.0,0.0,18260.0,2766.0,0.0,1403.0,1331.0,0.0,0.0,0.0,0.0
286,0.05588571986991978,5000,49862,0.055484477430582047,9.994577250000173,1.0,245.63,243.0,414.20000000000005,0,0,362.0,2251.0,1852.0,18296.0,0.0,0.0,10.0,0.0,0.0,0.0,0.0,9.0,0.0,30.0,0.0,0.0,0.0,35.0,5.0,386.0,19.0,19.0,14.0,5.0,0.0,392.0,0.0,30.0,0.0,0.0,9846.0,62173984.0,96.0,1779.0,0.028876055086628164,2212.0,70.0,30.0,0.0,5.0,0.0,35.0,35.0,0,0,0,0,0,8.441524380452819,8.341621621621622,1.834212594492441,137.83512499999998,138.10125,215.88950000000003,0,0.0,0.0,0.0,0.0,0.0020805303401870284,0.7230657935142517,0,542.0,87.0,0.0,314.0,141.0,0.0,0.0,1.0,0.0,10,242.39999999999998,0.0,0.0,0.0,9.0,0.0,long_horizon,9.879049676025918,16444.0,1,0.01357985587284483,0.045812500000000034,0.84375,0.0,0.8171641791044776,0.2927504783617636,0.17857142857142858,1.8592592592592592,0.0,0.015548645046645935,0.0,1327.0,0.0,1432.0,0.0,20533.0,2722.0,0.0,1579.0,1514.0,0.0,0.0,0.0,1.0
287,0.055326862671220584,5000,50035,0.025577906519174576,9.424763250000307,0.96,235.35416666666666,197.5,442.5,9,5,461.0,2219.0,1823.0,16795.0,0.0,0.0,6.0,0.0,0.0,0.0,0.0,4.0,0.0,32.0,0.0,0.0,0.0,32.0,0.0,376.0,17.0,17.0,17.0,0.0,0.0,376.0,0.0,32.0,0.0,0.0,9863.0,62375579.0,93.0,1648.0,0.028841820639927896,2057.0,64.0,32.0,0.0,0.0,0.0,32.0,32.0,0,0,0,0,3,8.40218973851261,8.71914426769062,1.728534462424575,124.01116250000001,118.73249999999999,205.40050000000005,4,0.0,0.0,0.0,0.0,0.002080530340187028,0.7230657935142517,0,525.0,67.0,0.0,314.0,144.0,0.0,9.0,1.0,0.0,10,402.0,0.0,0.0,0.0,4.0,0.0,long_horizon,9.212835984640702,14972.0,1,0.012628710144927542,0.0276925,0.8353623188405798,0.0,0.820867079561696,0.3715625092207371,0.08,2.631645569620253,0.0,0.014420910319963948,0.05,1093.0,0.0,1822.0,0.0,18997.0,4160.0,1.0,1418.0,1355.0,0.0,0.0,0.0,0.0
288,0.05477359404450838,5000,50157,0.05972087010741234,12.736340754102216,1.0,203.01,178.5,387.1,0,0,459.0,2084.0,1753.0,14622.0,0.0,0.0,12.0,0.0,0.0,0.0,0.0,10.0,0.0,25.0,0.0,0.0,0.0,27.0,2.0,302.0,33.0,33.0,31.0,2.0,0.0,304.0,0.0,25.0,0.0,0.0,9902.0,62555574.0,87.0,1507.0,0.02495201535508637,1954.0,54.0,25.0,0.0,2.0,0.0,27.0,27.0,0,0,0,0,0,8.154918252479229,7.493432324386065,1.8525278394967797,119.4496125,110.939375,210.28837499999997,0,0.0,0.0,0.0,0.0,0.002080530340187028,0.7230657935142517,0,483.0,57.0,2.0,315.0,109.0,0.0,0.0,1.0,0.0,10,282.8,0.0,0.0,0.0,10.0,0.0,long_horizon,8.341129492298917,12869.0,1,0.01199320907604766,0.020612500000000072,0.8593350383631714,0.0,0.8446601941747572,0.3374804196837593,0.2222222222222222,2.544817927170868,0.0,0.012955854126679463,0.0,1107.0,0.0,1904.0,0.0,16675.0,2377.0,3.0,1341.0,1277.0,0.0,0.0,0.0,0.0
289,0.054225858104063294,5000,50407,0.007229515351355076,3.972985528331914,0.94,247.75531914893617,208.0,447.0,17,8,365.0,2225.0,1710.0,18970.0,0.0,4.0,3.0,0.0,0.0,0.0,0.0,3.0,0.0,25.0,0.0,0.0,0.0,29.0,4.0,492.0,25.0,25.0,17.0,4.0,0.0,498.0,0.0,25.0,0.0,0.0,9933.0,62776811.0,102.0,1741.0,0.024269662921348314,2290.0,58.0,25.0,0.0,4.0,0.0,29.0,29.0,0,0,0,0,6,8.869810933004521,9.387002341920375,1.7699888746546573,125.61062500000004,124.92312500000001,201.21787500000002,6,0.0,0.0,0.0,0.0,0.0020805303401870284,0.7230657935142517,0,489.0,75.0,1.0,281.0,132.0,0.0,14.0,1.0,0.0,11,472.18181818181813,0.0,0.0,0.0,3.0,0.0,long_horizon,11.09356725146199,17260.0,1,0.01017854785478548,0.010672500000000026,0.856985698569857,0.0,0.7637571157495257,0.3829673035302028,0.08,2.790144230769229,0.0,0.01303370786516854,0.08,916.0,0.0,1466.0,0.0,21178.0,4617.0,0.0,1529.0,1472.0,0.0,0.0,0.0,0.0
290,0.05368359952302266,5000,50570,0.04171823710203171,13.39191037499982,0.99,215.76767676767676,197.0,358.20000000000005,5,2,440.0,2203.0,1849.0,15732.0,0.0,0.0,12.0,0.0,0.0,0.0,0.0,6.0,0.0,33.0,0.0,0.0,0.0,36.0,3.0,330.0,27.0,27.0,24.0,2.0,1.0,333.0,0.0,33.0,0.0,0.0,9968.0,62971568.0,98.0,1641.0,0.031320926009986386,2077.0,72.0,33.0,0.0,3.0,0.0,36.0,36.0,0,0,0,0,1,8.187212053293488,7.713203463203463,1.8256976946998378,132.6325875,133.79062499999998,211.8075,1,0.0,0.0,0.0,0.0,0.0020805303401870284,0.7230657935142517,0,514.0,67.0,0.0,307.0,140.0,0.0,3.0,1.0,0.0,10,272.3,0.0,0.0,0.0,6.0,0.0,long_horizon,8.50838290968091,13883.0,1,0.012273103850641773,0.031242499999999774,0.8378063010501751,0.0,0.840057636887608,0.32258827212247,0.22857142857142856,2.128426395939086,0.0,0.016341352700862462,0.02,1209.0,0.0,1742.0,0.0,17911.0,2646.0,1.0,1432.0,1358.0,0.0,0.0,0.0,0.0
291,0.053146763527792434,5000,50755,0.05648528039455414,10.664738517078456,1.0,225.67,211.0,395.20000000000005,0,0,454.0,2276.0,1905.0,16547.0,0.0,0.0,11.0,0.0,0.0,0.0,0.0,8.0,0.0,40.0,0.0,0.0,0.0,40.0,0.0,347.0,24.0,24.0,24.0,0.0,0.0,347.0,0.0,40.0,0.0,0.0,9993.0,63171788.0,95.0,1703.0,0.0351493848857645,2149.0,80.0,40.0,0.0,0.0,0.0,40.0,40.0,0,0,0,0,0,8.239197348170949,7.545406824146982,1.7251793741067263,130.7096125,134.41812500000003,193.05537500000003,0,0.0,0.0,0.0,0.0,0.0020805303401870284,0.7230657935142517,0,547.0,85.0,1.0,338.0,123.0,0.0,0.0,1.0,0.0,10,269.3,0.0,0.0,0.0,8.0,0.0,long_horizon,8.686089238845144,14642.0,1,0.017587474499200558,0.04721249999999999,0.8354929577464789,0.0,0.8387546468401487,0.30835866530775013,0.15789473684210525,2.0675355450236967,0.0,0.01757469244288225,0.0,784.0,0.0,1975.0,0.0,18799.0,2702.0,1.0,1495.0,1417.0,0.0,0.0,0.0,0.0
292,0.052615295892514506,5000,50863,0.06714368611574173,12.9811187015985,1.0,205.72,202.0,368.70000000000016,0,0,367.0,2065.0,1745.0,15274.0,0.0,0.0,9.0,0.0,0.0,0.0,0.0,6.0,0.0,30.0,0.0,0.0,0.0,31.0,1.0,308.0,14.0,14.0,13.0,1.0,0.0,309.0,0.0,30.0,0.0,0.0,10008.0,63355574.0,86.0,1599.0,0.02953995157384988,1975.0,62.0,30.0,0.0,1.0,0.0,31.0,31.0,0,0,0,0,0,8.201771274547555,7.62098623853211,1.8901445745978878,123.01068749999999,118.65562500000001,194.47737500000008,0,0.0,0.0,0.0,0.0,0.0020805303401870284,0.7230657935142517,0,491.0,83.0,0.0,290.0,118.0,0.0,0.0,1.0,0.0,10,215.39999999999998,0.0,0.0,0.0,6.0,0.0,long_horizon,8.753008595988538,13529.0,1,0.012001979203312174,0.04183749999999997,0.8420107719928187,0.0,0.8418628454452405,0.29204549873614627,0.21428571428571427,2.0663366336633664,0.0,0.015012106537530266,0.0,961.0,0.0,1535.0,0.0,17326.0,2178.0,0.0,1396.0,1351.0,0.0,0.0,0.0,0.0
293,0.052089142933589364,5000,50989,0.012487713247537613,8.097255375000621,0.98,238.22448979591837,193.0,443.7,5,2,433.0,2179.0,1723.0,17813.0,0.0,0.0,10.0,0.0,0.0,0.0,0.0,7.0,0.0,35.0,0.0,0.0,0.0,37.0,2.0,436.0,20.0,20.0,18.0,1.0,1.0,438.0,0.0,35.0,0.0,0.0,10030.0,63556888.0,107.0,1621.0,0.03304268012849931,1870.0,74.0,35.0,0.0,2.0,0.0,37.0,37.0,0,0,0,0,2,8.630335908816921,8.171793383633197,1.861715343876959,124.65917499999999,117.02312500000001,210.09150000000002,2,0.0,0.0,0.0,0.0,0.0020805303401870284,0.7230657935142517,0,504.0,58.0,0.0,318.0,128.0,0.0,4.0,1.0,0.0,10,359.5,0.0,0.0,0.0,7.0,0.0,long_horizon,10.338363319791062,16090.0,1,0.013888122877395706,0.02413750000000006,0.8150965476887069,0.0,0.7874818049490538,0.35250455874973996,0.3448275862068966,2.738082901554404,0.0,0.01698026617714548,0.02,1122.0,0.0,1949.0,0.0,19974.0,2416.0,1.0,1326.0,1248.0,0.0,0.0,0.0,0.0
294,0.05156825150425347,5000,51143,0.026288023218512535,9.190556750000242,0.98,222.28571428571428,205.0,358.79999999999995,6,4,381.0,2156.0,1759.0,16690.0,0.0,0.0,14.0,0.0,0.0,0.0,0.0,12.0,0.0,23.0,0.0,0.0,0.0,25.0,2.0,371.0,26.0,26.0,24.0,2.0,0.0,373.0,0.0,23.0,0.0,0.0,10059.0,63754857.0,102.0,1649.0,0.022263450834879406,2049.0,50.0,23.0,0.0,2.0,0.0,25.0,25.0,0,0,0,0,2,8.419084461637652,8.082433200682205,1.7645307987492895,124.04452500000001,123.69375,186.24987500000003,2,0.0,0.0,0.0,0.0,0.0020805303401870284,0.7230657935142517,0,529.0,81.0,0.0,315.0,133.0,0.0,6.0,1.0,0.0,10,326.70000000000005,0.0,0.0,0.0,12.0,0.0,long_horizon,9.488345650938033,14931.0,1,0.012057528985507247,0.037135000000000085,0.8295652173913044,0.0,0.8164370078740157,0.31445284687507047,0.3333333333333333,2.3243902439024384,0.0,0.011595547309833023,0.04,1114.0,0.0,1882.0,0.0,18822.0,3192.0,0.0,1460.0,1387.0,0.0,0.0,0.0,1.0
295,0.051052568989210935,5000,51303,0.052050501108169556,2.406815551544661,0.93,249.1720430107527,188.0,545.4,15,8,435.0,2245.0,1733.0,19171.0,0.0,0.0,12.0,0.0,0.0,0.0,0.0,10.0,0.0,25.0,0.0,0.0,0.0,25.0,0.0,490.0,18.0,18.0,18.0,0.0,0.0,491.0,0.0,25.0,0.0,0.0,10077.0,63965834.0,64.0,1728.0,0.022271714922048998,2066.0,50.0,25.0,0.0,0.0,0.0,25.0,25.0,0,0,0,0,6,8.750635744074865,9.098843930635837,1.6599008267012774,125.6569875,117.54625,209.13025000000005,7,0.0,0.0,0.0,0.0,0.0020805303401870284,0.7230657935142517,0,492.0,63.0,2.0,318.0,109.0,0.0,14.0,1.0,0.0,10,486.79999999999995,0.0,0.0,0.0,10.0,0.0,long_horizon,11.062319676860934,17438.0,1,0.010904006340887616,0.025076250000000102,0.8404735062006764,0.0,0.7688323917137476,0.39843922919192676,0.4782608695652174,3.5638297872340425,0.0,0.011135857461024499,0.08,1016.0,0.0,1962.0,0.0,21398.0,1991.0,0.0,1454.0,1386.0,0.0,0.0,0.0,0.0
296,0.05054204329931883,5000,51427,0.07396191358566284,8.595566250000294,0.99,226.07070707070707,219.0,424.8,3,2,347.0,2034.0,1636.0,16718.0,0.0,0.0,7.0,0.0,0.0,0.0,0.0,5.0,0.0,31.0,0.0,0.0,0.0,37.0,6.0,376.0,24.0,24.0,18.0,6.0,0.0,386.0,0.0,31.0,0.0,0.0,10108.0,64158407.0,90.0,1579.0,0.03343166175024582,1978.0,74.0,31.0,0.0,6.0,0.0,37.0,37.0,0,0,0,0,1,8.543513861270323,8.573700305810398,1.8844881570904648,115.17991250000001,106.09312499999999,193.58187500000003,1,0.0,0.0,0.0,0.0,0.0020805303401870284,0.7230657935142517,0,480.0,75.0,0.0,296.0,109.0,0.0,3.0,1.0,0.0,10,316.5,0.0,0.0,0.0,5.0,0.0,long_horizon,10.21882640586797,15082.0,1,0.011350965045592708,0.02816750000000028,0.8243161094224924,0.0,0.7991675338189386,0.3478789503542641,0.17391304347826086,2.38310502283105,0.0,0.018190757128810225,0.02,843.0,0.0,1620.0,0.0,18734.0,2402.0,0.0,1409.0,1349.0,0.0,0.0,3.0,0.0
297,0.05003662286632564,5000,51603,0.05165284126996994,14.714363504006812,0.99,187.12121212121212,169.0,332.80000000000007,4,2,394.0,1852.0,1595.0,13001.0,0.0,0.0,7.0,0.0,0.0,0.0,0.0,5.0,0.0,17.0,0.0,0.0,0.0,18.0,1.0,243.0,15.0,15.0,14.0,1.0,0.0,245.0,0.0,17.0,0.0,0.0,10125.0,64320482.0,79.0,1365.0,0.018898488120950324,1813.0,36.0,17.0,0.0,1.0,0.0,18.0,18.0,0,0,0,0,1,7.953944884862212,8.102322661644696,1.967970423066601,111.2697375,107.94625,188.08237500000007,1,0.0,0.0,0.0,0.0,0.0020805303401870284,0.7230657935142517,0,424.0,47.0,0.0,270.0,107.0,0.0,4.0,1.0,0.0,10,327.4,0.0,0.0,0.0,5.0,0.0,long_horizon,8.151097178683386,11406.0,1,0.012471101466017173,0.023824999999999874,0.8383484954513646,0.0,0.8591954022988506,0.3555511934459301,0.11764705882352941,2.3644970414201176,0.0,0.009719222462203024,0.02,723.0,0.0,1605.0,0.0,14839.0,1979.0,0.0,1248.0,1192.0,0.0,0.0,0.0,0.0
298,0.05,5000,51786,0.016825806349515915,6.880332375000545,0.95,258.90526315789475,227.0,462.40000000000003,13,6,528.0,2492.0,2005.0,19085.0,0.0,0.0,9.0,0.0,0.0,0.0,0.0,7.0,0.0,25.0,0.0,0.0,0.0,26.0,1.0,470.0,14.0,14.0,13.0,1.0,0.0,471.0,0.0,25.0,0.0,0.0,10146.0,64546689.0,104.0,1847.0,0.020465489566613163,2188.0,52.0,25.0,0.0,1.0,0.0,26.0,26.0,0,0,0,0,5,8.647864996164664,8.176147704590818,1.6179327867830426,134.3609875,135.14875,199.24275000000003,5,0.0,0.0,0.0,0.0,0.0020805303401870284,0.7230657935142517,0,508.0,71.0,0.0,335.0,102.0,0.0,11.0,1.0,0.0,10,384.4,0.0,0.0,0.0,7.0,0.0,long_horizon,9.518703241895262,17080.0,1,0.01092763939081053,0.014695000000000107,0.8347960764068146,0.0,0.8017676767676768,0.3103559842849928,0.20833333333333334,2.56431718061674,0.0,0.01043338683788122,0.06,1506.0,0.0,1889.0,0.0,21564.0,4225.0,0.0,1563.0,1468.0,0.0,0.0,0.0,0.0
299,0.05,5000,51927,0.023317823186516762,9.291426276625584,0.97,241.76288659793815,215.0,411.8,8,4,399.0,2173.0,1777.0,17195.0,0.0,1.0,4.0,0.0,0.0,0.0,0.0,2.0,0.0,22.0,0.0,0.0,0.0,25.0,3.0,382.0,15.0,15.0,11.0,3.0,0.0,386.0,0.0,22.0,0.0,0.0,10165.0,64744455.0,89.0,1674.0,0.021629084215370454,2002.0,50.0,22.0,0.0,3.0,0.0,25.0,25.0,0,0,0,0,3,8.487484355444305,8.971846846846846,1.8115244556405816,134.97856250000004,133.905,212.68275000000008,3,0.0,0.0,0.0,0.0,0.0020805303401870284,0.7230657935142517,0,512.0,61.0,0.0,306.0,145.0,0.0,7.0,1.0,0.0,10,327.70000000000005,0.0,0.0,0.0,2.0,0.0,long_horizon,9.676420934158694,15418.0,1,0.012252931387918392,0.01727499999999996,0.851915380217267,0.0,0.8128938439166262,0.31444112246328926,0.05,2.2223255813953444,0.0,0.01150483202945237,0.04,1069.0,0.0,1806.0,0.0,19357.0,2613.0,0.0,1440.0,1360.0,0.0,0.0,1.0,2.0
